# https://github.com/mikedh/trimesh
v -0.90376376 -0.36262757 -0.00610361
v -0.89813726 -0.40253374 -0.03278748
v -0.90631278 -0.38901326 -0.00112246
v -0.90511426 -0.37339138 -0.03400191
v -0.89768355 -0.36333583 0.01399085
v -0.88886701 -0.41370720 -0.01683042
v -0.89500137 -0.39764716 -0.04379123
v -0.87840403 -0.33576204 0.00551151
v -0.88996025 -0.40399138 0.00788368
v -0.88743144 -0.34312908 -0.03325810
v -0.88580824 -0.36344081 -0.05330315
v -0.87715859 -0.34338049 -0.04815302
v -0.87146830 -0.32624653 -0.02033597
v -0.86708088 -0.41751694 -0.00539512
v -0.88641464 -0.38283448 0.02289575
v -0.86660140 -0.41848741 -0.02685148
v -0.87370026 -0.41675774 -0.02383160
v -0.87595123 -0.38854617 -0.05501790
v -0.88307107 -0.35888418 0.02409068
v -0.85751563 -0.32927530 0.01919266
v -0.87352996 -0.45748397 -0.03361761
v -0.86527577 -0.47380522 0.01604515
v -0.87227841 -0.43795208 -0.02753699
v -0.86097955 -0.40661326 -0.04260724
v -0.86293333 -0.40437462 0.01186385
v -0.86453602 -0.46220495 -0.05550007
v -0.86769279 -0.43740083 -0.05506047
v -0.87114334 -0.44734284 0.02272189
v -0.86979660 -0.38845950 0.02310146
v -0.86037666 -0.36143448 0.02871361
v -0.86559876 -0.46447718 0.02842525
v -0.85717297 -0.44854794 -0.06801825
v -0.85993553 -0.41096669 0.02115725
v -0.85411273 -0.48260084 -0.04647374
v -0.86471326 -0.47890903 -0.02234299
v -0.85763977 -0.43418318 0.04322778
v -0.85344249 -0.39476958 0.01923740
v -0.84993392 -0.35066863 -0.05986263
v -0.86481002 -0.33299986 -0.04794419
v -0.85466282 -0.45381873 0.04454660
v -0.85805359 -0.42137889 -0.06328827
v -0.85070807 -0.38952023 -0.04980357
v -0.85129342 -0.48720332 -0.01237195
v -0.83963749 -0.48203778 0.03097091
v -0.84040440 -0.46962251 0.04312456
v -0.84226151 -0.42560909 -0.07653583
v -0.84494722 -0.41016646 0.04494716
v -0.83943489 -0.30817192 -0.03403688
v -0.86121412 -0.32331735 0.00750662
v -0.83373115 -0.49064780 -0.02559663
v -0.84410089 -0.37752966 0.02269251
v -0.83364236 -0.35800894 0.03186307
v -0.84245883 -0.34543658 0.03028194
v -0.83289410 -0.33089607 -0.05921056
v -0.82128806 -0.30196375 0.00940579
v -0.83528483 -0.48977917 0.01303580
v -0.81561534 -0.43694858 -0.07849101
v -0.82485380 -0.43231382 0.05556872
v -0.83006505 -0.35194608 -0.06414363
v -0.84161218 -0.48094946 -0.05748577
v -0.82037159 -0.47309182 0.04172884
v -0.82257030 -0.37416709 0.04104550
v -0.83399257 -0.38315860 -0.06689412
v -0.82959858 -0.33559275 0.03235085
v -0.81513010 -0.31285471 -0.05715568
v -0.80717149 -0.47977510 0.02608289
v -0.81468308 -0.44894984 0.05226613
v -0.82651332 -0.29776020 -0.01058381
v -0.80761512 -0.48305216 -0.02769626
v -0.82826762 -0.46951664 -0.06808286
v -0.80724536 -0.38604421 -0.07523702
v -0.81028985 -0.47970931 -0.04978887
v -0.79112067 -0.31262732 -0.06624997
v -0.81022825 -0.28185931 0.00195704
v -0.80182814 -0.45901742 -0.06664183
v -0.81345688 -0.29761637 -0.04722353
v -0.79606884 -0.30385646 0.02835319
v -0.80390425 -0.29427533 0.01889236
v -0.80012910 -0.39617810 0.04896029
v -0.80714405 -0.31774514 0.03141449
v -0.79677958 -0.29108501 -0.05753512
v -0.81865486 -0.28766505 -0.02358717
v -0.79496937 -0.45502542 0.04052852
v -0.80463985 -0.37888324 0.04603385
v -0.79983638 -0.34871831 -0.07307226
v -0.78677500 -0.45809452 -0.04228896
v -0.78564899 -0.45654710 0.01353557
v -0.78250720 -0.24148719 0.00865656
v -0.78588821 -0.42501086 0.04396224
v -0.78692497 -0.39616385 -0.07243762
v -0.78953458 -0.33490062 0.03973454
v -0.78584555 -0.23543542 -0.00296234
v -0.78484470 -0.22929870 -0.01963071
v -0.77282345 -0.43798824 -0.01600373
v -0.77480512 -0.43575338 -0.03768732
v -0.78688585 -0.43674167 -0.06562245
v -0.77382163 -0.35909254 0.04330470
v -0.76780515 -0.26505947 0.02904919
v -0.75800094 -0.21523644 0.01838518
v -0.77208710 -0.43436337 0.00344436
v -0.76871054 -0.42792434 0.01533608
v -0.77046709 -0.42308465 -0.04566879
v -0.77337949 -0.42827559 0.02050700
v -0.77972345 -0.40077632 0.04204606
v -0.76711845 -0.41615355 0.02089729
v -0.76687703 -0.38854289 0.03474297
v -0.76375487 -0.38079865 -0.06962849
v -0.77743498 -0.37508740 0.04434308
v -0.77531108 -0.31351128 -0.06821260
v -0.76463762 -0.25053417 -0.06149110
v -0.76951851 -0.22775504 -0.04937926
v -0.77246798 -0.39514740 -0.06606360
v -0.76030914 -0.39460123 0.03079356
v -0.77598199 -0.29327721 0.03257490
v -0.76631386 -0.41290929 -0.04989425
v -0.75494928 -0.44760373 0.01535250
v -0.76931920 -0.43270030 -0.03699884
v -0.74716921 -0.42740194 -0.05739663
v -0.74792692 -0.39085055 -0.06243166
v -0.77175772 -0.35911581 -0.07385906
v -0.75495567 -0.27711967 0.03326204
v -0.78800009 -0.24021732 -0.03401379
v -0.75843409 -0.45234937 -0.02728007
v -0.75428264 -0.45844975 -0.01935888
v -0.75598152 -0.43391973 -0.05076139
v -0.74413099 -0.37883359 0.03547240
v -0.76080049 -0.32544538 0.03566268
v -0.75288432 -0.32632199 -0.06607575
v -0.75265662 -0.26752671 -0.06670202
v -0.75662519 -0.18267403 -0.00983396
v -0.73377465 -0.46402185 -0.00154784
v -0.73296333 -0.37039319 0.03115114
v -0.75201331 -0.34232850 0.03469985
v -0.75128811 -0.18278272 0.00404281
v -0.74901992 0.86632768 -0.02629958
v -0.74707974 0.86952491 0.00711201
v -0.74629676 -0.42521061 0.03319151
v -0.74570669 -0.30016211 0.03208545
v -0.75040814 -0.22725253 0.02762524
v -0.72388395 -0.16261123 -0.05501220
v -0.74619661 0.83201844 -0.03380351
v -0.74394178 0.83132624 -0.04413959
v -0.74416231 0.83600962 0.00967630
v -0.74552699 0.87871630 -0.04678619
v -0.74584780 0.89022868 0.00950618
v -0.74595335 0.90563037 -0.01917281
v -0.73489923 -0.43651847 0.03243890
v -0.72451909 -0.41755084 -0.06064965
v -0.73738725 -0.33719093 0.02428561
v -0.74036092 -0.32821653 -0.06029559
v -0.73838938 -0.29448321 -0.06438268
v -0.73072109 -0.22866862 -0.06614705
v -0.74037198 -0.19829414 -0.05853694
v -0.71674927 -0.14369230 0.01700665
v -0.73662062 -0.16150719 -0.04190250
v -0.73566270 0.78114434 -0.01916408
v -0.73903897 0.86801372 0.01883858
v -0.74198776 0.91212614 -0.04355768
v -0.74568144 -0.44830073 -0.04627520
v -0.73581324 0.79206012 -0.04467766
v -0.73499652 0.82886012 -0.05484418
v -0.73344609 0.93081028 -0.04378546
v -0.73361966 -0.45501874 0.01730614
v -0.73284704 -0.37146053 -0.06083432
v -0.73282638 -0.39545534 0.03646554
v -0.72533727 -0.34127409 -0.04404452
v -0.71920261 -0.12767425 -0.00090841
v -0.73615012 0.79489552 0.00864806
v -0.73237900 0.81309849 0.01821978
v -0.73369641 0.89815234 -0.05634048
v -0.73752516 0.91293513 0.01633603
v -0.73385824 0.93185373 0.00669517
v -0.72063624 -0.30608218 -0.05182304
v -0.72532266 -0.29319980 0.02475951
v -0.72383895 -0.19260408 0.03000926
v -0.74525854 -0.16502305 -0.02856538
v -0.72626141 0.75789471 0.00801421
v -0.72727131 0.84969205 0.02318859
v -0.72325686 0.92355998 0.02388339
v -0.72321856 -0.45997645 -0.03242733
v -0.72067125 -0.31566421 0.01382216
v -0.73499137 -0.24261396 0.03278032
v -0.72307462 0.74006025 -0.02633479
v -0.72816399 -0.34898629 -0.04907231
v -0.72112776 -0.34202002 0.00405265
v -0.71286931 0.77313904 -0.05695136
v -0.72253590 0.88824298 -0.05951451
v -0.71645614 0.93754440 -0.05826794
v -0.72712124 -0.44619001 -0.05167150
v -0.71192434 -0.40929445 0.03143391
v -0.71887913 -0.34941077 -0.02662156
v -0.71730816 -0.33733402 -0.02332676
v -0.71942374 -0.18522501 -0.06319426
v -0.72475705 0.76184839 -0.04783692
v -0.71909267 0.79755640 0.02249161
v -0.71316027 0.91842450 0.02726831
v -0.71902757 0.94993156 -0.04124301
v -0.71990850 0.95096165 -0.01041191
v -0.70755324 -0.44064815 -0.04598789
v -0.70450620 -0.43179861 0.02282936
v -0.70696636 -0.41682048 -0.05154645
v -0.71487819 -0.37705544 0.02116812
v -0.70634141 0.70139626 0.00590973
v -0.71436427 0.75494018 0.01931684
v -0.70562000 0.79105384 -0.05783424
v -0.71007218 0.80407492 0.02286265
v -0.70844422 0.86768329 0.02288281
v -0.70875898 -0.45120749 0.00931470
v -0.69898922 -0.40096152 0.00508804
v -0.69895477 -0.23661191 -0.05856852
v -0.71165560 0.94794277 0.01953095
v -0.70767484 -0.45602958 -0.01463441
v -0.70565104 -0.44689018 0.01491475
v -0.71323932 -0.36266782 0.00026543
v -0.70551213 -0.38305116 -0.03542172
v -0.71450078 -0.31747274 -0.03754992
v -0.69127856 -0.10199889 -0.04720417
v -0.69205077 0.94425673 0.02665618
v -0.71115574 0.95227756 -0.05083084
v -0.69544190 -0.42407022 -0.02668702
v -0.71077978 -0.31877146 -0.00972520
v -0.71141786 -0.30948211 0.00399083
v -0.67933857 -0.22334011 0.01347787
v -0.71388172 -0.23319181 -0.06449708
v -0.70068820 -0.09646895 -0.01735530
v -0.70703974 0.73040628 -0.05350968
v -0.70566192 0.71642118 0.01543112
v -0.70098619 0.83101299 0.01892354
v -0.71241368 0.86397916 -0.05784757
v -0.69590460 -0.43740609 0.00053131
v -0.71538831 -0.24597851 0.02964390
v -0.69354067 -0.17520355 -0.06534162
v -0.69528413 -0.14025026 0.02744391
v -0.68729457 -0.08511950 0.00004821
v -0.70718449 0.70340282 -0.04118915
v -0.69936903 0.82299490 -0.05317710
v -0.69975382 0.87255205 0.02031614
v -0.68368322 0.90106991 -0.05786446
v -0.68915598 -0.22675706 0.02077060
v -0.66290977 -0.15084007 -0.06198406
v -0.69456837 0.68159705 0.01264984
v -0.67529125 0.71661237 -0.05649362
v -0.68556557 0.72948051 0.02286678
v -0.69438258 0.78627225 0.02012159
v -0.69450480 0.95741440 0.01881486
v -0.68245498 0.95769778 -0.05428167
v -0.69207248 0.96318223 0.00579103
v -0.70451805 -0.30543745 -0.02131781
v -0.69428397 0.66778278 -0.02273781
v -0.68550704 0.65004568 -0.00092301
v -0.68586933 0.67716962 -0.05259054
v -0.68878285 -0.95048731 0.13615347
v -0.68540135 -0.25405600 0.00172586
v -0.68525358 -0.13140184 -0.06182569
v -0.69636206 -0.11568953 0.01778826
v -0.68924556 0.67991369 0.01751186
v -0.68806797 0.71026175 -0.05723489
v -0.66946495 0.72100424 0.01853831
v -0.68416030 0.81214934 0.00509660
v -0.67988265 0.78766751 -0.04238802
v -0.68582284 0.84435514 -0.03990265
v -0.68658276 0.85799099 0.00535437
v -0.69426202 0.87322054 -0.05234424
v -0.68543228 0.89636154 0.02255638
v -0.66053803 0.92488361 0.02731649
v -0.66844417 0.94464507 -0.06168835
v -0.68479936 -0.96312833 0.15253183
v -0.68499903 -0.92957677 0.14172209
v -0.69838929 -0.18851318 0.03152415
v -0.65251387 -0.04055117 -0.02788705
v -0.67956673 0.74573702 -0.05398846
v -0.69251550 0.96392220 -0.03507923
v -0.68628512 -0.95486328 0.11260322
v -0.66492208 -0.07828100 -0.05353099
v -0.68946180 0.70352317 0.02166014
v -0.66641256 -0.99035490 0.11020317
v -0.68057628 -0.97955764 0.13342552
v -0.67724284 -0.97203262 0.16077483
v -0.65687725 -0.97619101 0.05669905
v -0.66086504 -0.96041600 0.04733732
v -0.67882265 -0.94039016 0.16392040
v -0.67819193 -0.93613682 0.08704009
v -0.66809737 -0.90929274 0.14998153
v -0.68269341 -0.92369599 0.11360960
v -0.69013402 -0.24490849 -0.04928353
v -0.67131620 -0.12843248 0.03000865
v -0.67107562 -0.09512542 0.02316125
v -0.66489962 0.65103946 0.02200601
v -0.67765488 0.86868852 -0.03917749
v -0.67259642 0.87261227 0.00257435
v -0.66424427 0.87664842 -0.04139593
v -0.67641388 -0.97712457 0.10074431
v -0.67192654 -0.90585015 0.12284540
v -0.67998600 -0.25081559 -0.01015134
v -0.68074422 -0.24463965 -0.03582533
v -0.67639914 -0.17761383 0.02696168
v -0.65203330 -0.13480235 0.02709143
v -0.66284163 -0.12289743 -0.06364943
v -0.67759860 0.63922129 -0.04199349
v -0.66681503 0.63749411 0.01793835
v -0.67279772 0.68460280 -0.05756362
v -0.67546243 0.76832026 0.00813250
v -0.66848622 0.76499010 0.00509880
v -0.65869666 0.88330006 0.01158871
v -0.68471761 0.92599060 -0.06233470
v -0.67754953 0.96400664 0.00895018
v -0.65131139 -0.89266843 0.11830280
v -0.66402416 -0.19972905 -0.04610448
v -0.67074356 0.62049322 -0.01347036
v -0.65543596 0.65776548 0.02292677
v -0.65152459 0.89197542 -0.05499351
v -0.65761089 0.95187608 0.02357209
v -0.66617594 -0.91839729 0.16420093
v -0.66713322 -0.91176248 0.08116547
v -0.65896143 -0.20783114 -0.00746649
v -0.66903181 -0.22815092 -0.02600027
v -0.65823401 0.95379958 -0.05545392
v -0.66504751 0.96406393 -0.03804530
v -0.65071004 0.95838219 0.00800279
v -0.66237082 -0.99317775 0.13476103
v -0.65898898 0.29905505 -0.00219755
v -0.65307919 0.28032400 0.03317124
v -0.65804923 0.30846868 -0.04989951
v -0.65908535 0.34153380 -0.03135379
v -0.65594073 0.33032842 0.03073563
v -0.67360416 0.63667708 0.01133607
v -0.66539534 0.74076932 -0.04299254
v -0.64573892 0.80256704 -0.04079235
v -0.64002980 -0.99770151 0.12429688
v -0.65693209 -0.96901243 0.17575780
v -0.65673425 -0.06103137 0.01380033
v -0.64998412 0.25845065 -0.06705394
v -0.64816711 0.36057964 -0.08986818
v -0.65019268 0.32629649 0.05761853
v -0.65260800 0.59326932 -0.03647196
v -0.65908670 0.72124018 0.00889948
v -0.64874168 0.69767635 -0.04300752
v -0.63498823 0.88335165 -0.05727868
v -0.65723953 -0.95081098 0.17990649
v -0.65250538 -0.92896172 0.17619269
v -0.63736734 -0.17094782 -0.02294540
v -0.63762337 -0.16456256 -0.03657532
v -0.66084882 -0.17364044 -0.05560442
v -0.64975312 0.24968314 0.01702068
v -0.65100140 0.24794667 -0.03233710
v -0.64722606 0.29987767 -0.09943256
v -0.65433803 0.37797535 -0.03263647
v -0.66791821 0.63260316 -0.04908278
v -0.66526493 0.64008076 -0.05338954
v -0.64811577 0.86470166 -0.04020597
v -0.66083270 0.90151842 0.02161363
v -0.63321977 0.91634233 -0.06086055
v -0.63309548 0.93625951 -0.05726463
v -0.64762657 -0.96417906 0.01016975
v -0.65283659 -0.92738738 0.02633014
v -0.64993143 -0.91988502 0.02415852
v -0.65629032 -0.89651360 0.08999151
v -0.65097430 -0.18363698 0.00381193
v -0.64466285 0.22670723 -0.00347344
v -0.64955500 0.38209345 0.03095836
v -0.64063028 0.43318913 -0.01187374
v -0.64745311 0.66131435 -0.05492557
v -0.64258340 0.66070108 0.01893813
v -0.63172007 0.86368375 0.01685559
v -0.65068235 -0.99324368 0.14913578
v -0.62494777 -0.98331605 0.16261586
v -0.63966434 -0.97865603 0.01360759
v -0.65061013 -0.98507077 0.16413528
v -0.65172783 -0.94867511 0.01525935
v -0.63797723 -0.92336942 -0.03774213
v -0.64557558 -0.90625985 0.02987003
v -0.69100943 -0.09196533 -0.03913294
v -0.63699780 0.24351660 0.06855456
v -0.63600063 0.34095432 -0.12874717
v -0.63672986 0.35452059 0.08836572
v -0.65457487 0.69169640 -0.05061497
v -0.63091463 0.66590281 0.00593387
v -0.63070690 0.87704554 0.02207362
v -0.64460644 0.95650387 -0.04037563
v -0.62541170 -0.97755451 0.16857427
v -0.63253174 -0.95826763 -0.05385768
v -0.63881932 -0.94633581 -0.04124980
v -0.64173619 -0.90738416 0.15986219
v -0.62438227 -0.14937766 -0.01226586
v -0.62778396 -0.08367389 -0.06268098
v -0.64221744 -0.10577030 0.02876586
v -0.63798511 -0.07277348 -0.06179203
v -0.63523485 0.26942907 0.09037920
v -0.62961711 0.31138173 0.10877522
v -0.63567432 0.43429441 0.02979144
v -0.64021978 0.42320808 -0.05857057
v -0.63126651 0.66275378 -0.04153235
v -0.65415119 0.86913310 0.00344368
v -0.63441547 -0.98912316 0.03632440
v -0.63498889 -0.97134481 -0.03641546
v -0.62993738 -0.96150580 0.17945401
v -0.63162808 -0.94048248 0.18022336
v -0.63899708 -0.91004255 -0.01365723
v -0.63558078 -0.89189760 0.03949192
v -0.63922295 -0.07394611 0.02712840
v -0.62808809 0.30833343 -0.14485357
v -0.62203986 0.47442156 -0.05066463
v -0.63669336 0.58070585 -0.04798939
v -0.65106259 0.72157607 -0.04099097
v -0.63508562 -0.99726331 0.08660133
v -0.63623146 -0.89633224 0.00858539
v -0.64517816 -0.15617781 0.01580366
v -0.63355418 -0.13157061 -0.05446978
v -0.61387885 -0.07377021 0.02678413
v -0.63622890 -0.02614645 0.00308456
v -0.61803053 0.00040805 -0.00959057
v -0.62792507 0.20191561 0.04116340
v -0.63577134 0.21063457 -0.05980537
v -0.63509833 0.27278464 -0.12513990
v -0.62804918 0.42960335 0.06393409
v -0.61121659 0.52942360 -0.04153305
v -0.63466539 0.60695692 0.02116822
v -0.64873146 0.64280208 -0.05672494
v -0.63169591 0.83314976 -0.04069366
v -0.63352706 0.84742507 -0.04293739
v -0.62513621 0.82981322 0.00591369
v -0.63389124 0.94477736 0.01626467
v -0.61185936 -0.99811675 0.10360184
v -0.62487636 -0.99011164 0.00657031
v -0.62755367 -0.99455666 0.13978068
v -0.61971761 -0.96992552 -0.06647087
v -0.62521666 -0.92952611 -0.06457407
v -0.62841682 -0.92214776 0.17276562
v -0.62015263 -0.87842729 0.03350301
v -0.62079797 -0.86117965 -0.03444464
v -0.62880325 -0.14130833 -0.04484665
v -0.60574930 -0.08832341 0.01919580
v -0.62819817 0.19087213 0.00468209
v -0.63105338 0.23322247 -0.10961556
v -0.61163919 0.39827092 -0.15323713
v -0.61271897 0.47040018 -0.09506411
v -0.62419557 0.47417753 -0.00120579
v -0.61198256 0.48558800 0.04088411
v -0.62328848 0.54093695 -0.00878124
v -0.66746937 0.61820414 0.00278024
v -0.63396241 0.57923753 0.01458552
v -0.62311303 0.60839725 0.02081988
v -0.62020985 0.64021334 -0.04177379
v -0.62272526 0.62535041 0.01741095
v -0.61693300 0.89220924 0.02607241
v -0.63389473 0.94961887 0.00144867
v -0.62208249 -0.98702266 -0.03689853
v -0.61752536 -0.98586371 0.15508229
v -0.62326251 -0.94816590 -0.06891256
v -0.61405426 -0.91791433 0.20064008
v -0.62046414 -0.90463882 0.15177340
v -0.63802800 -0.89288074 0.13294037
v -0.62045527 -0.88579488 0.10314777
v -0.62119513 -0.88284186 0.05741202
v -0.61843413 -0.85960492 0.00979257
v -0.62723036 -0.87528069 -0.01087516
v -0.61443060 0.17927810 0.04444644
v -0.63102666 0.38474134 0.08778126
v -0.62320123 0.42924362 -0.11219864
v -0.61026043 0.46644392 0.07473624
v -0.61441986 0.52623239 -0.02990323
v -0.61094481 0.54395152 -0.04976810
v -0.63403021 0.93044019 0.02541206
v -0.61816692 -0.95944643 0.20597266
v -0.60325721 -0.07871998 -0.05677219
v -0.60402044 0.00390486 0.00965473
v -0.61177226 0.19103153 -0.10896976
v -0.60997940 0.38435903 0.12752506
v -0.61742839 0.54168438 0.00679334
v -0.62720349 0.59627676 -0.05609781
v -0.61886250 0.61568971 -0.05206553
v -0.58971958 0.83813276 0.02394321
v -0.61374766 -0.99957297 0.08313384
v -0.61752758 -0.99490531 0.02250950
v -0.61500537 -0.99125129 -0.03740684
v -0.60694914 -0.89997934 0.17980685
v -0.60443136 -0.89133911 0.11863031
v -0.60894155 -0.85679812 0.02681299
v -0.61797452 -0.84176576 -0.00997163
v -0.59540188 -0.10366027 -0.03063510
v -0.62476493 0.18287421 -0.02056605
v -0.61714465 0.21559999 0.09297706
v -0.61016001 0.24617629 -0.15926317
v -0.61460821 0.32953700 0.13316857
v -0.61085300 0.33358965 -0.17220022
v -0.62475714 0.81368804 0.00420356
v -0.60170939 0.82175891 0.02199984
v -0.61706996 -0.98162328 -0.05769823
v -0.59965625 -0.98007092 0.20663003
v -0.61411751 -0.97939741 0.19420027
v -0.60983639 -0.81986106 0.00724128
v -0.61228461 -0.80755415 -0.01905814
v -0.61413427 -0.12577478 0.00151920
v -0.59633329 -0.04343803 0.02725652
v -0.61966725 -0.02992360 0.02031447
v -0.61294138 -0.01973982 -0.05370971
v -0.61726128 0.17598961 -0.05826201
v -0.60382892 0.36384099 0.14229694
v -0.60522662 0.50603193 0.00812017
v -0.61165203 0.62892403 0.00590669
v -0.61553662 0.81369752 -0.04390694
v -0.60928782 0.78526825 -0.04075862
v -0.60102755 0.91129409 -0.05069117
v -0.61563058 0.93383701 -0.04514929
v -0.60926999 0.92815524 0.00167008
v -0.60817326 -0.99043617 0.12853516
v -0.60820433 -0.96747749 -0.07730864
v -0.59256062 -0.87747223 0.07128742
v -0.61229935 -0.84973071 -0.04797853
v -0.63096990 -0.02492536 -0.04196924
v -0.60604731 0.21082221 -0.14405773
v -0.60033769 0.27972591 -0.18467343
v -0.60541993 0.50575232 -0.03979870
v -0.60706899 0.50588582 -0.01094006
v -0.60282956 0.51304428 0.00962084
v -0.60135402 0.54902846 0.01982345
v -0.59365043 0.57298314 -0.05216006
v -0.59110562 0.59078099 -0.04195430
v -0.60095802 0.74788013 0.00498825
v -0.61073697 0.83710057 -0.05654961
v -0.60321547 -0.99151868 0.18130418
v -0.60129073 -0.95934030 0.21880843
v -0.61681020 -0.93983859 0.21008816
v -0.59475249 -0.94653649 -0.08845665
v -0.59045875 -0.90669573 0.20435501
v -0.59891587 -0.89145903 0.15933056
v -0.60485939 -0.92394258 -0.08215322
v -0.59789988 -0.86622602 0.04698193
v -0.60109824 -0.75537825 -0.03316718
v -0.60089197 -0.30741992 0.00297043
v -0.60133733 -0.26481614 -0.03224968
v -0.59936680 0.01985239 -0.02458578
v -0.61006212 0.29068753 0.14040092
v -0.59866977 0.51429335 -0.05177698
v -0.59525499 0.52221731 -0.05370704
v -0.64534271 0.70329216 0.00548739
v -0.59730981 0.74295272 -0.04138581
v -0.61008220 0.79929535 0.00804702
v -0.60790659 0.87266833 -0.05952313
v -0.59621303 0.91226009 0.00128180
v -0.59827247 -0.99961493 0.02909182
v -0.58489122 -0.99493122 0.10770124
v -0.59609017 -0.72471244 -0.00254024
v -0.59523039 -0.35448602 -0.04930472
v -0.59379767 -0.31153409 0.03808530
v -0.59531070 -0.23356229 -0.05811562
v -0.59948764 -0.24627222 0.00167169
v -0.59246939 -0.08530683 -0.04607362
v -0.58140987 0.16263341 -0.13153757
v -0.59345902 0.50771287 -0.08839089
v -0.60377851 0.52588326 0.01263605
v -0.59038263 0.53075267 -0.05521647
v -0.59646574 0.56429413 -0.05526927
v -0.59394212 0.74460463 0.00772175
v -0.59402302 0.77782364 -0.05249567
v -0.60719072 0.91028034 0.02101279
v -0.59727386 -0.99740003 -0.03037819
v -0.58932642 -0.99865072 0.14902644
v -0.59992628 -0.84117072 0.03054556
v -0.59482445 -0.70828661 -0.01520752
v -0.59709182 -0.35304967 -0.01221986
v -0.60124733 -0.30976181 -0.04416651
v -0.58700094 -0.03161163 0.02746497
v -0.60482205 -0.04482058 -0.06286495
v -0.59865975 0.14763507 0.00483696
v -0.59908490 0.23601297 0.13981813
v -0.58466468 0.32806017 -0.20396748
v -0.59311280 0.33250716 0.16156966
v -0.59207172 0.37071919 -0.18857001
v -0.60500514 0.59300403 0.01769949
v -0.58274645 0.66804174 -0.04106960
v -0.59429230 0.90847928 -0.03551054
v -0.58434246 -0.99676150 0.18320118
v -0.57619612 -0.96100926 0.22435769
v -0.59290167 -0.93106771 0.22122671
v -0.57805628 -0.86524029 0.05766743
v -0.59277240 -0.85054307 -0.07268870
v -0.59008204 -0.36186363 0.02549736
v -0.59608914 -0.28997456 -0.07143924
v -0.59358512 -0.20319179 0.00942373
v -0.59016903 -0.01957801 0.02663744
v -0.59307088 0.15076300 -0.07969171
v -0.59232837 0.15332121 0.05665673
v -0.57606500 0.42380633 0.15615597
v -0.59919024 0.42756851 0.12368925
v -0.58819777 0.47158740 -0.14373166
v -0.59419239 0.51944359 0.02243069
v -0.58194212 0.53799623 -0.05710196
v -0.58371097 0.53337985 0.02379721
v -0.59248941 0.59433922 0.00672876
v -0.57255311 0.74108400 0.02231687
v -0.59140543 0.89366719 0.01446444
v -0.57292486 -0.96698636 -0.08842340
v -0.58659253 -0.91735790 -0.09012507
v -0.57613568 -0.85289989 0.04958098
v -0.58121893 -0.80684507 0.03932510
v -0.57716294 -0.72851311 0.02980872
v -0.58326774 -0.18507404 0.03777470
v -0.59514638 -0.20493929 -0.02920204
v -0.58831884 -0.09613377 -0.01604275
v -0.58171916 -0.07445148 0.00727178
v -0.59184700 0.18195652 0.10581470
v -0.56877754 0.55743450 -0.04379969
v -0.58673773 0.70106020 0.00528616
v -0.58745729 0.78766204 -0.05761076
v -0.56631749 0.75773470 0.02303547
v -0.57945479 0.82879368 -0.05889932
v -0.59778134 0.88929394 -0.05664815
v -0.58642052 0.86544527 0.02106979
v -0.58686475 -0.98956501 -0.06435622
v -0.56891115 -0.61741151 -0.04860156
v -0.59941982 -0.80993796 -0.05638873
v -0.58941838 -0.70131424 0.00502614
v -0.58753604 -0.37983778 0.01673785
v -0.58930404 -0.38590667 -0.03932527
v -0.58076644 -0.38780478 0.03341694
v -0.58197588 -0.38391814 0.03346979
v -0.58079922 -0.38391814 0.03716275
v -0.57871084 -0.35258785 0.06345690
v -0.58680403 -0.31987264 -0.09537521
v -0.59055216 -0.24027069 0.04173561
v -0.58088366 -0.13730277 -0.01569665
v -0.58469034 0.70487426 -0.04318257
v -0.57360100 0.78535297 -0.05916232
v -0.56799051 -0.85478799 -0.08474164
v -0.58461266 -0.70586324 0.01593337
v -0.57167206 -0.41179639 0.03558126
v -0.58075914 -0.38378781 0.03740741
v -0.58092405 -0.36663635 -0.08915773
v -0.57410539 -0.27452252 -0.12139838
v -0.57394570 -0.21462048 0.07365495
v -0.58214982 -0.21914249 -0.09609850
v -0.58490837 -0.18189505 -0.06730983
v -0.57854238 -0.14468681 0.02034858
v -0.57905720 -0.13793975 -0.04915264
v -0.57273492 -0.07758389 -0.00799708
v -0.57376211 -0.03722702 -0.06008974
v -0.58119380 -0.04548045 0.02385217
v -0.57771924 -0.01287258 -0.06443880
v -0.58852931 0.13633089 -0.03079082
v -0.56978972 0.12136617 0.01193986
v -0.58727922 0.27102671 0.16661667
v -0.58924696 0.51178037 0.06182104
v -0.58042363 0.53448552 -0.06283823
v -0.58481705 0.55957690 0.01883129
v -0.57919651 0.73279032 0.01861928
v -0.57633843 0.72118668 -0.05433170
v -0.58450089 0.89079175 0.00034367
v -0.56085344 -0.91959703 -0.09462390
v -0.56554516 -0.91677856 0.21162726
v -0.58235502 -0.79793894 -0.07158942
v -0.56981376 -0.57927278 -0.00552308
v -0.57844188 -0.62683076 -0.03058529
v -0.57324361 -0.41783826 -0.05848479
v -0.57194065 -0.39471770 0.05248665
v -0.58673531 -0.25240373 -0.09412010
v -0.56912400 -0.01013088 0.02780935
v -0.55096991 0.01076454 -0.06395588
v -0.56767296 0.04668515 -0.00171191
v -0.57735678 0.30645271 0.18073782
v -0.57851228 0.37375946 0.16793825
v -0.58753842 0.47178962 0.11050533
v -0.55068503 0.54465989 -0.10451366
v -0.57405600 0.54806673 -0.05263052
v -0.56992785 0.57669022 -0.04137093
v -0.56988358 0.61242502 -0.04190145
v -0.57662129 0.65343789 0.00523713
v -0.57492889 0.86464450 -0.04653219
v -0.57486241 -0.88410947 0.10612203
v -0.57207982 -0.83347691 0.04660118
v -0.55523438 -0.62125600 -0.06458325
v -0.57097395 -0.43077017 -0.01939551
v -0.56465537 -0.43504689 0.01797152
v -0.58152455 -0.40539177 0.00424360
v -0.58217205 -0.29933428 0.06854657
v -0.56850285 -0.08325187 -0.02516791
v -0.57263956 -0.07334185 -0.03196954
v -0.56501492 -0.05828626 0.00682510
v -0.56031250 -0.03986210 0.01687794
v -0.56955804 0.01999822 -0.05704367
v -0.58714044 0.01837023 -0.04679063
v -0.56612753 0.03075932 0.01751700
v -0.57701463 0.21870756 -0.18934485
v -0.58119976 0.22795493 0.15833157
v -0.56172912 0.24884549 0.18661611
v -0.55328947 0.27657430 0.20063605
v -0.57913788 0.29776409 -0.20994028
v -0.56979442 0.35678829 0.17938341
v -0.56789793 0.41461262 -0.19898406
v -0.57667883 0.49528773 0.10526748
v -0.56901457 0.54738444 -0.05588656
v -0.56909372 0.57480102 0.00584558
v -0.56870743 0.82674756 0.01902862
v -0.55644214 -1.00010985 0.07350111
v -0.57389157 -0.98772001 0.20392184
v -0.57823247 -0.89608206 0.18688252
v -0.55813577 -0.84513171 0.05106610
v -0.57340403 -0.73309423 -0.06736061
v -0.57116216 -0.58112080 -0.02114488
v -0.55626839 -0.50996216 -0.01948864
v -0.56066813 -0.13155361 0.06282749
v -0.56575545 -0.11334677 0.04003722
v -0.56443090 -0.07326985 0.00412282
v -0.56807310 -0.08393307 -0.01008222
v -0.56353052 0.05218668 -0.02594140
v -0.56525240 0.17244144 -0.16643091
v -0.57243820 0.36231899 -0.21018870
v -0.56270045 0.37067826 0.17331736
v -0.56927257 0.39382979 0.16495305
v -0.56338814 0.40762878 0.17962957
v -0.57674657 0.51032030 0.08871603
v -0.57220296 0.51909318 -0.11435021
v -0.56677137 0.53987590 0.05247944
v -0.57177537 0.54666095 0.01983465
v -0.56606624 0.55910241 0.00981068
v -0.56295481 0.56757565 -0.04403279
v -0.57656439 0.65933582 -0.04206764
v -0.56430625 0.66258684 -0.05293927
v -0.56501065 0.83899941 0.01036931
v -0.56280715 0.84091763 -0.00278024
v -0.57142844 -0.99800412 0.09799818
v -0.54859477 -0.97883712 0.20203301
v -0.55212862 -0.89827793 0.17473362
v -0.57150329 -0.88706350 0.15082924
v -0.55393714 -0.60488457 0.02852305
v -0.56294740 -0.36676217 0.08570342
v -0.55765889 -0.24134902 -0.14178873
v -0.54772964 -0.22211269 0.11248978
v -0.56404662 -0.20913563 -0.12593720
v -0.57245425 -0.18000433 -0.09992447
v -0.56147716 -0.06217245 -0.04399496
v -0.56323031 -0.04522834 -0.04997393
v -0.55375858 -0.02570511 -0.05871075
v -0.56899111 0.01155990 0.02504725
v -0.54662240 0.04928591 -0.04920816
v -0.56469943 0.12395734 -0.08229310
v -0.58035769 0.19344393 0.13568653
v -0.55256806 0.21575116 0.18136068
v -0.54355414 0.37456445 -0.22948150
v -0.56670986 0.45474121 -0.18129804
v -0.55904562 0.45573131 0.15505092
v -0.56174159 0.64540682 0.01660231
v -0.55374969 0.79329651 0.01363805
v -0.55709617 -1.00090319 -0.02188396
v -0.56232375 -0.99452757 0.11000681
v -0.54176410 -0.96190665 -0.08874181
v -0.55789360 -0.87050824 0.06655755
v -0.55896139 -0.73197631 -0.07583406
v -0.55369250 -0.66780879 -0.07212676
v -0.56400969 -0.58458973 0.01133689
v -0.55618562 -0.51251696 -0.00658882
v -0.56695791 -0.33071216 -0.12911839
v -0.54832404 -0.28307548 -0.15527007
v -0.56842443 -0.27051560 0.09256427
v -0.55131500 -0.11515471 -0.10781419
v -0.56222714 -0.09064180 -0.06990070
v -0.55954953 -0.05706190 0.01199309
v -0.55428983 -0.02346472 0.02278431
v -0.56607332 0.17668212 0.13833425
v -0.55875836 0.33211333 -0.22596243
v -0.54925357 0.35768952 0.18383640
v -0.56294841 0.42342499 0.16237580
v -0.54953986 0.44304624 0.16157731
v -0.55469861 0.45180632 0.15921547
v -0.55748601 0.50366772 -0.15416278
v -0.55674813 0.53290692 0.08479457
v -0.55414450 0.56049275 -0.05369735
v -0.57035472 0.83880353 -0.05306800
v -0.54975665 0.78807342 -0.04651109
v -0.56847724 0.85635123 -0.03505046
v -0.54444812 0.78073138 -0.03147865
v -0.55716249 -0.99534088 0.17229538
v -0.56388432 -0.93632442 0.22072142
v -0.55039219 -0.93819780 -0.09469986
v -0.54165631 -0.89586650 0.13815658
v -0.54734445 -0.88210383 0.09683748
v -0.54416819 -0.87608254 -0.08799933
v -0.55977674 -0.71316696 0.03895869
v -0.55412981 -0.56983508 -0.05584405
v -0.55276262 -0.49734875 -0.03676997
v -0.55452882 -0.45678038 -0.01583918
v -0.54881900 -0.44418874 -0.08181029
v -0.55114508 -0.44479740 0.03984422
v -0.56052864 -0.40396589 -0.10568758
v -0.55136019 -0.40947344 0.08008173
v -0.55439243 -0.38031948 -0.12899549
v -0.55277673 -0.32069822 0.11090318
v -0.55552447 -0.06849864 0.04103518
v -0.55504461 -0.04460599 -0.05579203
v -0.55237063 0.03510843 0.02097526
v -0.52806498 0.11463408 0.08931758
v -0.55974873 0.14678224 0.10891267
v -0.55994973 0.25043519 -0.21862630
v -0.55761502 0.39075754 0.19296687
v -0.55380637 0.42738461 0.18525958
v -0.55021947 0.56834044 0.01843614
v -0.55536656 0.69078705 -0.05685629
v -0.55736925 0.66837869 0.02014289
v -0.54568939 0.72170049 -0.05471595
v -0.55542190 0.77841868 -0.05491015
v -0.55792363 0.77648931 0.02038042
v -0.55575177 -0.98919944 -0.06842219
v -0.54324279 -0.95520612 0.21195896
v -0.55100397 -0.76889311 0.04652649
v -0.54163385 -0.51410178 0.02238294
v -0.55403736 -0.51997055 -0.03867452
v -0.54829954 -0.50518694 0.01206076
v -0.53866014 -0.35429764 -0.15656922
v -0.54880178 -0.12069057 0.07840641
v -0.55177668 -0.03727794 0.02429866
v -0.54860590 0.27131761 -0.23102365
v -0.54790565 0.30499719 -0.23449285
v -0.54699681 0.56334741 0.02358603
v -0.55294827 0.59151789 -0.05331075
v -0.54647543 0.59919664 0.01976693
v -0.52055666 -0.99881837 0.09856042
v -0.53883115 -0.99729769 0.10996840
v -0.53775002 -0.98500630 0.16508568
v -0.54490632 -0.98967514 0.13000954
v -0.54438387 -0.92620427 0.20512372
v -0.54486780 -0.70404218 -0.07830196
v -0.54629443 -0.46210808 0.01454877
v -0.54901615 -0.46086358 -0.04324673
v -0.53634969 -0.35089039 0.12219177
v -0.55189318 -0.19048405 0.09886318
v -0.54737045 -0.02283614 -0.06541515
v -0.54870634 -0.02182018 0.02553335
v -0.54653943 0.10553588 -0.03820146
v -0.54606757 0.13988992 -0.14782234
v -0.54098524 0.53779162 -0.13035576
v -0.53924174 0.57137104 0.02102428
v -0.54658417 0.69014469 -0.05576342
v -0.54874322 0.74115641 0.01880675
v -0.55062444 -0.90801980 0.19323291
v -0.55930574 -0.87670983 0.08061277
v -0.55462173 -0.79051253 -0.08201633
v -0.54043595 -0.26564805 0.12528171
v -0.53190275 -0.12470428 0.10046597
v -0.52477368 -0.04171416 0.08341430
v -0.53721037 -0.03251333 0.06124780
v -0.54175378 0.00018227 -0.06593766
v -0.54240659 -0.00055012 0.02954181
v -0.52069812 0.06718542 -0.04295647
v -0.55555127 0.12188534 0.05964436
v -0.54430286 0.11169016 -0.08844500
v -0.53398052 0.26404539 0.21336633
v -0.54074914 0.51243796 0.12716915
v -0.53547819 0.53962707 0.09987270
v -0.52476025 0.56852248 -0.08512868
v -0.54419932 0.66472146 0.01988667
v -0.53875124 0.59430432 -0.05399712
v -0.55824530 -0.99941375 -0.03891599
v -0.51758729 -0.99555536 0.04133948
v -0.52948491 -0.95145065 0.19028221
v -0.52172020 -0.88172698 0.06823881
v -0.54091672 -0.85363386 0.05239982
v -0.53885283 -0.54285451 -0.06431289
v -0.53530969 -0.43750681 0.07648519
v -0.53182742 -0.22747418 -0.16568774
v -0.53462606 -0.19650207 0.11929283
v -0.54246829 0.19061398 -0.20306991
v -0.54180226 0.31450096 0.20785138
v -0.55627535 0.34658544 0.19129326
v -0.53944888 0.56935070 -0.05710507
v -0.53647869 0.67843167 0.01591926
v -0.53791473 0.66696991 -0.05321409
v -0.54287414 0.77466160 -0.00082649
v -0.54004647 -0.93730901 -0.09322494
v -0.53687468 -0.82799248 -0.08335005
v -0.53935967 -0.82124221 0.04846676
v -0.53431214 -0.69791172 0.04420544
v -0.52537011 -0.52191996 0.03489964
v -0.53789293 -0.50976033 -0.06027912
v -0.52925198 -0.47280325 0.03246695
v -0.53416674 0.02584781 0.02918218
v -0.51760719 0.15185638 -0.18951677
v -0.54142551 0.37497414 0.20133470
v -0.53858395 0.41984365 0.20270543
v -0.54011655 0.44351645 0.17998633
v -0.53561396 0.45843184 -0.20409608
v -0.52984319 0.60500882 0.01414106
v -0.52992508 0.66460083 -0.04680622
v -0.53903260 0.72090995 -0.04949807
v -0.53763371 0.73033946 0.01033779
v -0.53376883 0.72516307 -0.03833552
v -0.53244847 -0.97369081 0.18030917
v -0.52970113 -0.92838785 0.18421581
v -0.53340089 -0.91234716 0.17041768
v -0.52552371 -0.86923782 0.05322281
v -0.53336716 -0.60779887 -0.07488490
v -0.53631172 -0.46868300 -0.06144777
v -0.51506166 -0.45919832 0.07698278
v -0.53222572 -0.44428869 -0.11012690
v -0.53702841 -0.02993709 -0.09633504
v -0.53103593 0.03437257 -0.06249781
v -0.54004750 0.05726121 0.01014520
v -0.54158058 0.06865153 -0.01741830
v -0.52359188 0.10169653 0.05774965
v -0.53332745 0.18205920 0.17513468
v -0.52727362 0.45472889 0.16696172
v -0.54725852 0.46836932 0.15765751
v -0.52844142 0.70195453 -0.01203833
v -0.53012148 -0.99588709 -0.03642630
v -0.52741164 -0.99573907 0.14548005
v -0.51179452 -0.96207970 -0.07493711
v -0.52321128 -0.93564497 -0.08681774
v -0.51765516 -0.86684441 0.04561971
v -0.53031662 -0.40912483 -0.14139540
v -0.51930211 -0.28824088 0.14286884
v -0.52409660 -0.23141043 0.13483252
v -0.52503196 0.00557239 0.06074320
v -0.54163518 0.10452912 0.02511777
v -0.53052375 0.14668512 0.14099856
v -0.50794342 0.24024235 -0.24674453
v -0.51716290 0.24576786 0.21928960
v -0.53573792 0.42384387 -0.21942079
v -0.52400497 0.46898910 0.17119964
v -0.54172374 0.55975094 0.04850431
v -0.52983199 0.57946856 0.01795114
v -0.52657110 0.58458224 -0.04979769
v -0.52614326 0.61052956 -0.04618765
v -0.52929275 0.68846445 -0.04160326
v -0.52989369 -0.98299359 -0.07070136
v -0.51936381 -0.85758271 -0.07481408
v -0.52671802 -0.70324153 -0.07967092
v -0.53193832 -0.60797375 0.04032224
v -0.50912533 -0.51756531 0.03936400
v -0.53965732 -0.18486293 -0.14842123
v -0.52237455 0.07370535 -0.00891198
v -0.50832523 0.12833438 0.13342739
v -0.51159666 0.21254682 -0.23512488
v -0.49844196 0.24142151 0.22866344
v -0.52671696 0.38266401 0.20822497
v -0.52347232 0.56213320 0.07278121
v -0.52804918 0.57399373 0.02322847
v -0.52108565 0.58064167 0.01161557
v -0.52124377 0.61505540 -0.00100826
v -0.52162834 0.63712508 -0.03301049
v -0.52617416 0.66742540 0.00435648
v -0.51572408 -0.89524868 0.14851012
v -0.51545511 -0.78172183 -0.07400227
v -0.52063859 -0.52276461 -0.07185081
v -0.52268621 -0.41328612 0.10928787
v -0.52137187 -0.24848644 -0.17685580
v -0.53195047 -0.11922116 -0.13482337
v -0.51677426 0.01797237 -0.10056787
v -0.52201380 0.05780970 0.01851381
v -0.51931430 0.07514845 -0.02887833
v -0.51609476 0.08851835 -0.03236400
v -0.49764744 0.17174004 -0.21799744
v -0.53007989 0.31764794 -0.24470535
v -0.52720344 0.35516537 0.19629152
v -0.53353939 0.51008920 -0.17151071
v -0.52214912 0.57891809 -0.05050171
v -0.51821665 0.58788743 -0.03614020
v -0.51797422 0.60853401 -0.01755582
v -0.50350903 -0.99794540 0.13500170
v -0.51803541 -0.98937855 0.16986975
v -0.51163180 -0.97537937 0.18514795
v -0.50479687 -0.90699312 -0.06740244
v -0.50782287 -0.85931916 -0.06420122
v -0.52667459 -0.75726812 -0.07972369
v -0.51874500 -0.65224246 -0.07857320
v -0.51763960 -0.62469446 0.04231825
v -0.52002325 -0.47999528 -0.07278554
v -0.50702242 -0.40728516 -0.16099596
v -0.49584417 -0.35102225 0.14993008
v -0.51738339 -0.17530704 -0.16460531
v -0.51033810 -0.08401625 0.10894685
v -0.51000914 0.06306659 0.03861444
v -0.51639754 0.08301348 -0.00951787
v -0.51741949 0.08982113 0.00359653
v -0.50973319 0.08747391 -0.05698532
v -0.50704734 0.18565001 0.19460258
v -0.50861350 0.21837124 0.21286335
v -0.51164824 0.27573620 -0.25235795
v -0.52252112 0.37041179 -0.24191910
v -0.51490871 0.40483688 0.20860373
v -0.52070690 0.43327802 0.19788933
v -0.51885052 0.51639184 0.14116207
v -0.50942712 0.58646265 -0.03083160
v -0.51222627 0.58609177 -0.00372038
v -0.51640203 0.59264988 -0.01413510
v -0.49762146 -0.99364690 0.09661276
v -0.50839071 -0.98079078 -0.05695070
v -0.51378025 -0.91576580 0.17981415
v -0.50282058 -0.90319967 0.16211417
v -0.50106847 -0.89121050 0.07022268
v -0.51376189 -0.77553117 0.03945283
v -0.52336117 -0.71253728 0.04378020
v -0.51082746 -0.35767541 -0.17711154
v -0.52723912 -0.31309975 -0.17296107
v -0.51631781 0.11467947 -0.13761795
v -0.49854691 0.10060200 0.08931696
v -0.50907904 0.28561496 0.22968996
v -0.49892324 0.32199021 -0.25857880
v -0.49880951 0.38296210 0.20272032
v -0.50482054 0.44597078 0.18228952
v -0.51519870 0.49643275 -0.19412137
v -0.49997611 0.58445288 -0.06859984
v -0.50697020 -0.88314129 0.04887003
v -0.51317241 -0.85025862 0.03734681
v -0.50120431 -0.64627307 -0.07358430
v -0.51722132 -0.43377544 -0.13618151
v -0.50945599 -0.01803613 0.09032545
v -0.49926999 0.08997159 -0.08823433
v -0.50018806 0.14816448 0.16491873
v -0.51994214 0.34944192 0.20986527
v -0.49747777 0.43154174 -0.23572079
v -0.50982214 0.55703029 -0.12960921
v -0.50600933 -0.98621407 -0.03508415
v -0.51061588 -0.93726027 0.19223345
v -0.49638266 -0.86819668 -0.04645392
v -0.50084563 -0.87783647 0.02855889
v -0.50279754 -0.78332174 -0.06425386
v -0.50355052 -0.62156164 0.04005785
v -0.50641908 -0.48656150 0.04349364
v -0.49288003 -0.19315069 -0.18379727
v -0.50633408 0.08266905 0.02833934
v -0.50731582 0.36919464 0.20224911
v -0.48803036 0.38466918 -0.25289672
v -0.49346739 -0.97033946 -0.04672708
v -0.49055550 -0.91365592 0.17264594
v -0.49685789 -0.89400248 0.13396410
v -0.48887385 -0.77416478 -0.04629734
v -0.50520432 -0.72017788 0.03687445
v -0.49595115 -0.68488989 -0.06839292
v -0.49309429 -0.65561308 0.03318126
v -0.49698998 -0.49502286 -0.07617031
v -0.49197041 0.04709338 -0.10654958
v -0.50612861 0.07894941 -0.06430656
v -0.50109965 0.08892083 0.04450206
v -0.49600808 0.36791215 0.21444392
v -0.48268685 0.50225947 0.17045103
v -0.49172388 0.57459445 -0.10903834
v -0.49154025 -0.98795937 0.16583142
v -0.49797941 -0.94505561 -0.06417409
v -0.49955214 -0.95251258 0.19193222
v -0.49309851 -0.84200455 0.00933014
v -0.49622016 -0.78261409 0.02328716
v -0.48411620 -0.60656921 0.03150984
v -0.48741595 -0.53865421 0.03704159
v -0.49864321 -0.52858590 -0.07523317
v -0.51177352 -0.46733348 -0.10554931
v -0.49483881 -0.44967918 0.10367779
v -0.48694188 -0.24036600 -0.19437708
v -0.50397520 -0.19860448 0.14249750
v -0.48374668 -0.06153050 0.12045536
v -0.49740894 -0.05447851 -0.14591159
v -0.50743886 -0.00897109 -0.12307471
v -0.50109543 0.04102801 0.06710115
v -0.49364103 0.21303659 0.22565753
v -0.47388628 0.29212666 -0.26612932
v -0.48788795 0.43762052 0.20010757
v -0.50187538 0.45924245 0.18670084
v -0.50721349 0.46779788 -0.21610267
v -0.49995344 0.53572992 -0.16769438
v -0.48857159 -0.97449334 0.02736763
v -0.48914508 -0.96839336 -0.02598512
v -0.49237253 -0.89983209 0.05144946
v -0.48929869 -0.86505701 -0.01533330
v -0.49193809 -0.72118439 -0.06080178
v -0.49603504 -0.29849958 0.15569699
v -0.49438968 0.32214167 0.23188324
v -0.49344342 0.41218726 0.19877900
v -0.47934340 -0.93653521 0.18064959
v -0.48997162 -0.89514022 -0.02749262
v -0.49037959 -0.89577395 0.00619487
v -0.48843938 -0.49836114 0.04227256
v -0.48275192 -0.39590440 -0.17971973
v -0.49519087 0.08344410 -0.07758246
v -0.50520792 0.12543533 -0.16475245
v -0.48319891 0.40651012 0.20950757
v -0.49481751 -0.98282804 0.03919628
v -0.48712807 -0.93796787 -0.03776059
v -0.48194625 -0.92222812 0.03776047
v -0.48225198 -0.77334776 -0.02698443
v -0.48416378 -0.76245650 0.00516984
v -0.48064860 -0.61270453 -0.06266125
v -0.47741394 -0.50514169 -0.07333731
v -0.46835527 -0.38821391 0.15129717
v -0.47045303 -0.02246166 -0.15045612
v -0.47491811 0.07863499 -0.09886064
v -0.49578410 0.55579781 0.11028285
v -0.47696214 -0.98636266 0.14619196
v -0.48375456 -0.96914950 0.17843267
v -0.48112240 -0.95672738 0.02548369
v -0.48116250 -0.90828588 0.15637062
v -0.48512801 -0.89851906 0.12735797
v -0.48273168 -0.77954821 -0.00888718
v -0.49639710 -0.40075032 0.13422548
v -0.48663119 -0.24471828 0.15852528
v -0.50060829 -0.15821076 0.13527829
v -0.48172945 0.07823724 0.05987327
v -0.48836389 0.19636893 0.21006300
v -0.46025979 0.45678463 0.20147478
v -0.49802981 0.58442295 0.03832154
v -0.47244772 -0.97862442 0.11513007
v -0.46769365 -0.92825492 0.15929190
v -0.48458819 -0.69592564 0.01999284
v -0.47907258 -0.53973523 -0.06889772
v -0.47077994 -0.55997386 0.02480239
v -0.48244837 -0.47173219 -0.12580806
v -0.48285494 -0.44650603 -0.15060286
v -0.45485048 -0.42769499 0.13687812
v -0.48193926 -0.00299879 0.10334268
v -0.46976281 0.20926622 0.22586710
v -0.47358857 0.26124803 -0.26274159
v -0.47886541 0.28146737 0.24319532
v -0.47276442 0.50877209 -0.20464560
v -0.46850495 0.57965566 0.08188062
v -0.48064522 0.59605401 -0.02198722
v -0.47777139 -0.96418706 0.06090402
v -0.47773522 -0.93649078 0.04503506
v -0.47098121 -0.91288517 0.14209906
v -0.46737880 -0.65045691 -0.03343511
v -0.47391106 -0.66014835 0.01049545
v -0.47770122 -0.51430342 0.03470046
v -0.46892635 0.48057086 -0.22381680
v -0.46707953 -0.97302626 0.14086648
v -0.47326731 -0.91174912 0.10732560
v -0.46489960 -0.64739764 -0.01863756
v -0.48221955 -0.66257903 0.02239013
v -0.45941173 -0.51266683 0.02890863
v -0.47421923 -0.48703563 0.07409245
v -0.47316522 -0.42794910 -0.16780911
v -0.44939431 0.07850571 0.07770948
v -0.46489057 0.08440316 0.07233449
v -0.47043140 0.10734868 0.12392193
v -0.47187125 0.21550806 -0.25096390
v -0.46937798 0.31068806 0.24270919
v -0.43734019 0.60159008 0.01875039
v -0.47416656 0.59421633 0.02458143
v -0.46217945 -0.94696415 0.14438297
v -0.46646466 -0.95656568 0.16341832
v -0.46329988 -0.95188207 0.11624769
v -0.46452591 -0.92640774 0.12428887
v -0.46742247 -0.64754005 -0.00171898
v -0.47159817 -0.63005853 -0.04951113
v -0.46267810 -0.58325543 0.00988050
v -0.45108551 -0.52402145 0.00925534
v -0.47318901 -0.49461817 -0.09744105
v -0.48856099 -0.29072625 -0.19683734
v -0.45108126 -0.26529618 -0.20703492
v -0.45893263 -0.14338948 -0.18540105
v -0.46217777 -0.16631458 0.15426984
v -0.47637745 -0.09522988 -0.16736946
v -0.48655843 0.08602336 0.05775678
v -0.48005448 0.20316534 0.22568524
v -0.43543562 0.20761467 0.22958282
v -0.45915158 0.32751053 0.24875616
v -0.46891125 0.34526268 -0.26484158
v -0.45365751 0.48276728 0.19024274
v -0.48100992 0.54180848 0.13595937
v -0.46246824 -0.54363477 -0.05352760
v -0.46496915 -0.52023432 0.02673200
v -0.48123301 -0.34425397 -0.19478191
v -0.45486900 -0.32829524 0.16807056
v -0.45694205 -0.04251233 0.12620694
v -0.47232601 0.04936142 0.08350116
v -0.47019300 0.08538216 -0.10569900
v -0.46148924 0.09324663 0.09714752
v -0.46043136 0.13995594 -0.20388296
v -0.45756445 0.24668059 0.24429515
v -0.46215625 0.30832729 0.25837380
v -0.44336758 0.33473665 0.24147524
v -0.47100097 0.55788627 -0.15286304
v -0.45726803 -0.56278534 -0.04019873
v -0.44899393 -0.52432550 -0.04032136
v -0.45598752 -0.51530563 -0.05762534
v -0.44914671 -0.24068982 0.16980648
v -0.45336328 0.01715303 0.10667897
v -0.43753323 0.03709647 -0.13685278
v -0.47277675 0.02866820 -0.12896254
v -0.43733991 0.07414393 0.08210665
v -0.47630475 0.10246605 -0.14319697
v -0.46521868 0.12631615 0.15522606
v -0.46221083 0.29098701 0.24768635
v -0.45266417 0.56379809 0.11737876
v -0.44040946 0.59274049 0.05829959
v -0.45333602 -0.57146795 -0.01683423
v -0.45449334 -0.46465192 0.10951103
v -0.45417067 -0.29105322 0.17049427
v -0.45363482 -0.21127075 -0.20079075
v -0.44728353 0.19766527 0.22715171
v -0.42588505 0.23618254 -0.26448549
v -0.44587656 0.27647629 -0.27013208
v -0.43985372 0.31223055 -0.27159363
v -0.44974179 0.52986687 0.15719456
v -0.42563341 0.59503061 -0.08709310
v -0.44446613 -0.52623282 -0.01261602
v -0.44152487 -0.50986252 0.04707861
v -0.44885912 -0.49892948 -0.10369308
v -0.44887858 0.07565515 -0.11308930
v -0.43805739 0.08074361 -0.11666479
v -0.43682155 0.08461840 -0.11911026
v -0.46339280 0.15548567 0.18987722
v -0.46321002 0.18582486 0.21235309
v -0.43689100 0.18600083 0.21455758
v -0.44875556 0.29993426 0.26926097
v -0.45822231 0.38519180 0.22147515
v -0.45785691 0.44262770 -0.24291300
v -0.46012174 0.59764825 -0.05804597
v -0.43993853 -0.52095922 -0.00147892
v -0.43542026 -0.47846587 -0.13732097
v -0.44103284 -0.44048939 -0.16907811
v -0.45265612 -0.32171510 -0.20562404
v -0.44641321 -0.16772247 0.15836681
v -0.44769315 -0.06254433 -0.16871403
v -0.43370960 0.08450466 0.08552120
v -0.46125446 0.12187229 -0.18227312
v -0.45600894 0.17518520 -0.23396674
v -0.43532853 0.27034116 0.25061880
v -0.44403711 0.28473620 0.26104423
v -0.45027460 0.31990629 0.26664642
v -0.41407166 0.51640710 0.17112825
v -0.43446462 -0.08618577 0.14142863
v -0.42951166 0.03892170 0.10208562
v -0.44071569 -0.48948526 0.08529607
v -0.41314229 -0.46752792 0.11304115
v -0.42294178 -0.23520200 -0.20793277
v -0.41659371 0.09523859 0.11407932
v -0.42099370 0.31941500 0.27426897
v -0.43262932 0.34440996 -0.26981246
v -0.44349801 0.37426264 0.22631313
v -0.44010080 -0.41079842 -0.18626937
v -0.42149116 -0.33061632 0.17256589
v -0.41909092 -0.34137671 -0.20679861
v -0.42917867 -0.28773851 -0.21063846
v -0.45221363 -0.00543322 -0.15123903
v -0.42302236 0.07537912 -0.11759480
v -0.42308775 -0.19299523 -0.20200874
v -0.42736719 -0.00846558 0.12155866
v -0.43345664 0.11550277 0.14854443
v -0.43202776 0.14207915 -0.21172392
v -0.41467664 0.30243623 0.27559377
v -0.44333677 -0.37519783 -0.19810073
v -0.44339772 0.20828524 -0.25332641
v -0.43287569 0.23568786 0.24310283
v -0.42607915 0.28639241 0.27013809
v -0.45485609 0.58284300 -0.11278843
v -0.43389702 -0.38983548 0.15826705
v -0.42584175 -0.06055744 -0.17141848
v -0.43291709 0.16387308 0.20257931
v -0.41848901 0.23427640 0.23712233
v -0.42413966 0.28644781 -0.27266840
v -0.43781916 0.40865969 -0.25682671
v -0.41667522 0.58000275 0.09466417
v -0.42099640 -0.50461004 0.06319096
v -0.40827438 -0.43074823 -0.17763356
v -0.39973479 -0.38358853 -0.19692248
v -0.39420418 -0.32614702 0.17159114
v -0.40502381 -0.04521195 -0.16736201
v -0.38779022 0.10439575 0.12852793
v -0.41177489 0.27415707 0.26205626
v -0.42163877 0.56748858 -0.15143046
v -0.38777250 -0.52133924 -0.01098939
v -0.42768471 -0.43670274 0.13624332
v -0.42519400 -0.18510840 0.16476316
v -0.39419397 -0.14913803 -0.19159647
v -0.40417093 -0.05296770 0.13435124
v -0.42695791 0.10514016 -0.16457499
v -0.40380292 0.12920668 0.16760229
v -0.42266931 0.18049966 -0.24129974
v -0.41681270 0.20541205 0.22648508
v -0.40437145 0.26741352 0.24966429
v -0.39860474 0.29163921 0.27039295
v -0.42134421 0.33829237 0.24094120
v -0.39581230 0.43310305 0.21203346
v -0.42388881 0.44296539 0.21040006
v -0.42493230 0.48341254 0.19320715
v -0.42202268 0.55191325 0.13812271
v -0.43598956 0.53786821 -0.18714526
v -0.41302441 -0.25737128 0.17440718
v -0.39933044 -0.29965878 -0.21062983
v -0.40743979 0.08493017 -0.12068053
v -0.38830733 0.46852840 0.19838606
v -0.39208390 0.57232982 -0.13938255
v -0.40850422 0.60358881 0.00221612
v -0.44035062 -0.52114426 -0.03307141
v -0.40896668 -0.51812218 0.02361626
v -0.41226769 -0.46265009 -0.15513135
v -0.38757201 -0.17552815 -0.19655312
v -0.42816852 0.50729925 -0.21349044
v -0.41620354 -0.51537116 -0.07168916
v -0.40424486 -0.50336464 -0.10126259
v -0.40000519 -0.42309568 0.14400265
v -0.39175454 -0.37978066 0.16009566
v -0.40380829 -0.16669135 0.16111597
v -0.37754964 0.19167886 -0.24367226
v -0.41975521 0.33046339 0.26181891
v -0.39893437 0.08375750 0.08346111
v -0.39718341 0.32145987 -0.27173821
v -0.41618802 0.47223200 -0.23421289
v -0.38263065 -0.51841275 0.01128144
v -0.40743417 0.00185999 -0.15302501
v -0.39974788 0.07979772 -0.11578992
v -0.37235326 0.10414531 -0.15354267
v -0.40216768 0.21194015 0.23091594
v -0.40128329 0.24009730 0.24486630
v -0.38967252 0.26019041 -0.26781559
v -0.39433383 0.32011457 0.27081746
v -0.39278231 0.59263245 0.05961385
v -0.38643064 -0.52097897 -0.03169500
v -0.39683792 -0.48853470 0.08861559
v -0.39627755 0.01253404 0.11237339
v -0.39626709 0.07384237 0.08198695
v -0.39812126 0.20216534 0.22835524
v -0.39680694 0.21768858 -0.25763622
v -0.40050826 0.33709104 0.24126319
v -0.36721178 0.31533494 0.24265399
v -0.38270129 0.40148265 -0.25658013
v -0.39291553 0.51656108 -0.20494747
v -0.37820037 0.58753147 -0.09902990
v -0.40304335 0.60160891 -0.05211193
v -0.36170545 -0.30370046 -0.20279341
v -0.38633177 -0.24948758 0.17160881
v -0.38936249 -0.23815507 -0.20683482
v -0.37413501 -0.15650179 0.15384968
v -0.40884382 0.06382358 -0.12442190
v -0.38524982 0.30563190 0.26973457
v -0.37434546 0.32528228 0.24793023
v -0.39147964 0.44299713 -0.24509188
v -0.35700075 0.52202200 -0.19132159
v -0.38123031 -0.95448413 0.14022336
v -0.37854273 -0.94806527 0.16514757
v -0.38135425 -0.52818768 -0.02281634
v -0.37948798 -0.52292071 0.00458383
v -0.37627713 -0.52272116 -0.04297979
v -0.37163423 -0.51487606 -0.05897191
v -0.36847437 -0.39842761 -0.18618903
v -0.37365955 0.07439739 -0.10843654
v -0.36240402 0.16501842 -0.22306663
v -0.38932593 0.15465480 0.19309560
v -0.36161910 0.28067481 -0.26501918
v -0.40078173 0.35763448 -0.26827365
v -0.37492470 -0.42610213 -0.17531023
v -0.37673110 -0.01016534 0.11552085
v -0.37406287 0.12170261 -0.18195362
v -0.37261213 0.28870786 0.24853353
v -0.37096986 0.48458855 -0.22138083
v -0.37250942 -0.97847415 0.12641329
v -0.37696818 -0.93882652 0.10681573
v -0.37921148 -0.92628321 0.14195377
v -0.37609816 -0.55755362 -0.00954407
v -0.36917862 -0.54592957 0.01258601
v -0.38387838 -0.50812614 -0.08505884
v -0.36361633 -0.45792035 -0.14912316
v -0.38086807 -0.34879049 -0.20216292
v -0.36279785 -0.05973658 0.12541518
v -0.37370846 0.07822788 0.07193887
v -0.39109113 0.14830908 -0.21594440
v -0.38888085 0.18503331 0.21447876
v -0.37235734 0.31270227 0.25892703
v -0.39163542 0.36823223 0.22769466
v -0.37908207 0.49895017 0.17971773
v -0.37532969 -0.97328461 0.15519508
v -0.36493518 -0.95902771 0.18435687
v -0.36527524 -0.93714058 0.18479334
v -0.37402800 -0.92348235 0.16371322
v -0.37538646 -0.56072232 -0.02585767
v -0.36735211 -0.63118235 -0.00465010
v -0.37669762 -0.02364694 -0.15540932
v -0.35466087 0.16999937 0.19566245
v -0.34781335 0.44505889 0.19781854
v -0.37738163 -0.95747652 0.11391259
v -0.37196464 -0.91283013 0.12206165
v -0.36540170 -0.66156963 -0.01409043
v -0.37107469 -0.56267574 -0.03962543
v -0.36248583 -0.51684967 -0.06214918
v -0.36167540 -0.51675106 0.02838586
v -0.37861269 -0.50350539 0.05923239
v -0.38473383 -0.48449875 -0.12801407
v -0.37099567 -0.11401140 -0.17804349
v -0.37185870 0.02421934 -0.13535189
v -0.35750097 0.21151146 0.22611597
v -0.37490655 0.55122616 0.13265032
v -0.37846654 0.54725041 -0.17240083
v -0.35255829 0.56310435 -0.13882357
v -0.36712210 -0.97194554 0.17559685
v -0.36031811 -0.96694022 0.06023911
v -0.35029279 -0.94015507 0.19433931
v -0.36155571 -0.63935878 0.00939140
v -0.35264796 -0.53948190 0.03023498
v -0.34869021 -0.34427891 -0.19326390
v -0.36207544 -0.26259674 -0.20241010
v -0.34449608 -0.17837876 0.14825219
v -0.34869942 -0.08422041 -0.16123082
v -0.35403645 -0.02073616 0.10953721
v -0.34552921 0.03507577 -0.11510666
v -0.37767760 0.08553492 -0.11177899
v -0.34867226 0.19205425 0.20937110
v -0.36521676 0.19991163 0.22560610
v -0.36313693 -0.93107777 0.05641179
v -0.36366501 -0.67076981 -0.02747774
v -0.35509821 -0.71406066 -0.04175518
v -0.35889602 -0.54602441 -0.05923988
v -0.35276015 -0.58781905 0.02723858
v -0.37009493 -0.44192456 0.12735891
v -0.33958616 0.05270305 0.06529319
v -0.37658716 0.08525456 0.07781302
v -0.35682420 0.41847108 0.20781579
v -0.37082662 0.52497365 0.15768215
v -0.35833036 -0.99217818 0.15315496
v -0.36591476 -0.98574484 0.12204438
v -0.35823008 -0.95420892 0.02768800
v -0.35514250 -0.93108226 -0.00311019
v -0.35064451 -0.91689321 0.18069139
v -0.36346472 -0.90510118 0.14815734
v -0.35387273 -0.89846542 0.10620882
v -0.35374840 -0.77127780 -0.00757975
v -0.35549833 -0.76246574 -0.01792883
v -0.36047656 -0.50857873 0.03615056
v -0.35764549 -0.21862796 -0.19646861
v -0.36589444 -0.23733669 0.16565511
v -0.36358524 0.02348504 0.09729957
v -0.34058173 0.20959747 0.22499503
v -0.37387417 0.56947806 0.10608741
v -0.33398543 0.57309673 -0.10467026
v -0.34668935 -0.98518679 0.05873701
v -0.34745344 -0.97644501 0.01141334
v -0.35002880 -0.94281718 -0.04514989
v -0.35587908 -0.92141507 0.02696892
v -0.34846954 -0.85478259 -0.01519393
v -0.34917756 -0.81876234 -0.03038096
v -0.35753582 -0.63639205 -0.05132650
v -0.34817299 -0.53844673 -0.06823196
v -0.33603573 -0.48479218 0.06489850
v -0.35343084 -0.35563319 0.15739281
v -0.35629275 -0.30732679 0.16464799
v -0.35368464 -0.00348289 -0.13907559
v -0.36432733 0.07877642 -0.10170257
v -0.35480156 0.07869982 0.05968350
v -0.32619229 0.12875478 -0.16723808
v -0.35705244 0.13271846 0.15961337
v -0.35546737 0.23233310 -0.25395743
v -0.34288375 0.30606162 0.23616846
v -0.36188487 0.32201360 -0.26557092
v -0.34868363 0.37716933 -0.25476488
v -0.34935703 0.37877116 0.21400676
v -0.34701896 0.41834613 0.19646104
v -0.37162155 0.59967214 -0.02621839
v -0.34769403 -0.96247139 0.19388108
v -0.34721760 -0.90332904 0.04325961
v -0.34765924 -0.87990293 -0.02802493
v -0.34828191 -0.87446478 -0.00245627
v -0.34536745 -0.81638967 -0.04278588
v -0.35155717 -0.75834152 0.00565076
v -0.35275453 -0.66145319 0.02013986
v -0.32607961 -0.24721693 -0.18615367
v -0.34388863 -0.16576642 -0.18050914
v -0.34549482 0.07794827 -0.08701356
v -0.33390529 0.07942171 0.03566093
v -0.35125035 0.08520466 -0.09321376
v -0.33467406 0.54790415 0.11845719
v -0.35045762 -0.99253132 0.16376167
v -0.33545274 -0.98558520 -0.03763149
v -0.34915999 -0.96380246 -0.04259703
v -0.34458539 -0.88780823 0.01790196
v -0.34545860 -0.83199674 0.00635817
v -0.34224658 -0.75161711 0.02244451
v -0.34285124 -0.75793011 -0.05511914
v -0.34203725 -0.65812669 -0.06633203
v -0.33134712 -0.60936058 0.04007167
v -0.33218364 -0.53044216 -0.07439929
v -0.36017078 -0.47619611 0.09316337
v -0.32373193 -0.43406029 0.10996985
v -0.34086955 -0.38713906 -0.17929687
v -0.33163029 -0.11474826 0.12400248
v -0.36065950 0.24583374 0.24164152
v -0.33492212 0.27771575 0.23460923
v -0.33969833 0.37773163 0.20334350
v -0.34114983 0.45990747 0.19006318
v -0.33145270 0.50257987 0.16057645
v -0.33945615 0.54114528 -0.16262172
v -0.35085175 0.58980744 -0.06654323
v -0.34767188 -0.99496719 0.11847335
v -0.32981114 -0.99412492 0.05999768
v -0.34212651 -0.98220778 0.18428658
v -0.33495620 -0.93170850 -0.06943620
v -0.32985122 -0.88754176 0.06592337
v -0.34629657 -0.89461634 0.13655993
v -0.34355308 -0.87823739 -0.04308707
v -0.33103240 -0.75144129 0.03354815
v -0.33706326 -0.67925526 0.03475964
v -0.33531142 -0.54617166 0.03779575
v -0.34647105 -0.50573295 -0.07357187
v -0.34692780 -0.48565829 -0.10939844
v -0.32587759 0.12768977 0.13504175
v -0.33081356 0.15739734 -0.20259469
v -0.32877255 0.22857503 0.22142806
v -0.34951323 0.33619670 0.22942281
v -0.35025588 0.59173090 0.02349774
v -0.33653156 0.59066744 -0.01635458
v -0.33107655 -0.97680447 -0.06570014
v -0.33724759 -0.95653760 -0.06787282
v -0.33324761 -0.88652246 0.04532070
v -0.33490124 -0.87469694 -0.05839656
v -0.33421687 -0.83257762 0.02483182
v -0.33945024 -0.81759513 -0.05390697
v -0.33485574 -0.73475247 -0.06603897
v -0.32564525 -0.67088627 -0.07583107
v -0.33810409 -0.49856724 -0.07740090
v -0.33779812 -0.49826996 0.04312208
v -0.35560929 -0.39851568 0.14488417
v -0.34738885 0.08649777 0.05548265
v -0.34391972 0.10103712 0.09801228
v -0.33163061 0.37418411 0.20376627
v -0.32996714 0.40463028 0.20812659
v -0.32859609 0.45209313 0.17803268
v -0.34143996 -0.90475258 0.16834677
v -0.31474735 -0.89009340 0.12571333
v -0.33162989 -0.57876794 -0.07464042
v -0.31386341 -0.38733620 -0.16242903
v -0.32227958 -0.08309554 0.10747860
v -0.32610564 0.08920914 -0.06502600
v -0.33034598 0.19006264 -0.22641356
v -0.33538101 0.44330493 0.18411624
v -0.34053227 0.45117829 -0.22880600
v -0.33264267 0.58889645 -0.03319178
v -0.32970887 0.60096054 -0.02073877
v -0.32673189 -0.93811829 0.19868656
v -0.31796278 -0.89875047 0.15721857
v -0.33358927 -0.88891288 0.09011175
v -0.32324214 -0.86434862 0.03990599
v -0.32655874 -0.81862454 -0.06777531
v -0.32252735 -0.73709501 -0.07454245
v -0.31146805 -0.44750417 0.08816864
v -0.33106866 -0.44821359 -0.13957912
v -0.32842604 0.01748647 -0.11128128
v -0.33102935 0.08684042 0.03168195
v -0.33436940 0.10094980 -0.12047050
v -0.32293438 0.23570055 -0.24305296
v -0.31756149 0.25914901 0.22270679
v -0.32495945 0.35448801 0.21167716
v -0.32142828 0.58272803 -0.05118571
v -0.32737891 0.60131274 -0.00014357
v -0.32728031 0.64214261 -0.01837909
v -0.32517399 0.60776035 -0.03994812
v -0.32900208 -0.99807535 0.14127003
v -0.32419591 -0.99154693 -0.04419817
v -0.32471690 -0.96606025 0.19652421
v -0.32592053 -0.91306755 0.18175158
v -0.30498701 -0.88236361 0.08546038
v -0.30968883 -0.79925566 -0.07894640
v -0.31709096 -0.35082514 -0.17520585
v -0.32600101 -0.30778193 0.15072603
v -0.31625900 0.03541820 0.04960601
v -0.32765317 0.08270373 -0.05810495
v -0.31841941 0.08784542 -0.00545575
v -0.30205822 0.10283563 0.04638128
v -0.31410288 0.10268440 -0.10072888
v -0.32286803 0.36062963 0.20049461
v -0.31207072 0.41761539 0.20615732
v -0.32468533 0.43113769 0.19889592
v -0.32141498 0.65272336 -0.04459658
v -0.32433922 0.66544280 -0.02965062
v -0.31750010 -0.99832253 0.08781877
v -0.32000973 -0.98296673 0.18354414
v -0.32256590 -0.93066337 -0.08095638
v -0.32347122 -0.86995128 -0.07077434
v -0.31711994 -0.58830404 0.04221036
v -0.31532316 -0.62983747 -0.07825997
v -0.31736777 -0.42133473 -0.14854812
v -0.33546905 -0.43020989 -0.15553767
v -0.32823916 -0.25232794 0.15123442
v -0.31329227 -0.20444193 0.13522153
v -0.32705752 -0.04078174 -0.13433988
v -0.32901321 0.00083564 0.08437608
v -0.32821634 0.04665906 -0.09207617
v -0.33043223 0.07875019 -0.06595731
v -0.32129810 0.07923761 0.00581569
v -0.31684562 0.08911745 -0.02213017
v -0.30493808 0.11139482 0.08172902
v -0.30402254 0.57482509 -0.05576222
v -0.32496826 0.58525636 0.01321938
v -0.31539621 0.71868125 0.00019180
v -0.31966187 -0.99515057 0.01450102
v -0.32157273 -0.99190512 0.16929009
v -0.31008225 -0.95900757 0.19460671
v -0.31972886 -0.87644536 0.05134162
v -0.31764316 -0.52683726 -0.07446931
v -0.30955054 -0.47959083 0.04065233
v -0.30014013 -0.10826929 -0.13040230
v -0.30494364 -0.00879999 0.06098672
v -0.30631123 0.01665114 -0.08370197
v -0.32480325 0.15668092 0.16910198
v -0.30011227 0.34434827 0.20395336
v -0.31908050 0.45287101 0.17099845
v -0.31191854 0.57501569 0.02652014
v -0.31304559 0.62297609 -0.05283745
v -0.31917567 0.60368069 0.01322021
v -0.32129942 0.65549436 0.00897949
v -0.30865759 0.72674550 0.01271544
v -0.29090366 -0.96969936 -0.08867102
v -0.31958796 -0.82620906 0.03914224
v -0.30904411 -0.72507989 -0.07988067
v -0.31222901 -0.46199032 -0.10791671
v -0.30981923 -0.18906374 -0.16510784
v -0.31159460 -0.04087605 0.08286101
v -0.30567624 0.04081363 0.02463972
v -0.30870930 0.05995260 -0.04620707
v -0.31197675 0.05852464 0.01399645
v -0.31496680 0.07348066 -0.00853454
v -0.31315553 0.07134736 -0.03130247
v -0.29473109 0.06840397 -0.02126522
v -0.30137045 0.12786902 -0.14284520
v -0.29915069 0.18856469 -0.20631146
v -0.28047542 0.17595143 0.15099937
v -0.32286494 0.18548995 0.19174156
v -0.32221462 0.21970623 0.21200600
v -0.30055177 0.22764815 -0.22758578
v -0.32122965 0.30619766 -0.25257950
v -0.31063924 0.51813002 0.13481839
v -0.31166963 0.60296007 0.01738861
v -0.30688767 0.69177983 0.01805728
v -0.31583613 0.67525754 -0.04918422
v -0.31412994 0.72712749 -0.03582438
v -0.30532662 0.76942612 -0.03925000
v -0.29850930 -0.98829617 -0.06939714
v -0.30483482 -0.96567246 0.19309249
v -0.30649807 -0.94791950 -0.09026128
v -0.30817172 -0.93284347 0.19198387
v -0.30948778 -0.86825760 -0.08054968
v -0.31437722 -0.82622249 -0.07648854
v -0.31355763 -0.68200768 0.04470138
v -0.30613876 -0.57745446 -0.07535461
v -0.30584881 -0.55314640 0.03865582
v -0.31835935 -0.52424977 0.04013192
v -0.31421388 -0.48899576 -0.07509372
v -0.30919818 -0.48037426 -0.07530475
v -0.31208147 -0.00719045 -0.10540113
v -0.29476966 0.10435366 -0.06519319
v -0.29444830 0.31216077 0.20911122
v -0.30870254 0.40382542 -0.23055382
v -0.30643943 0.55416134 0.08102343
v -0.33388109 0.57783947 0.06038167
v -0.30596875 0.57767489 0.02052296
v -0.31013703 0.75064578 -0.00946952
v -0.30048465 -0.87194213 0.06123692
v -0.30227511 -0.67524678 0.04557028
v -0.29342534 -0.44623100 -0.10326462
v -0.32306084 -0.30039439 -0.18606495
v -0.29297107 -0.31079325 0.12686342
v -0.30001331 0.02681650 -0.06274484
v -0.28920202 0.10302939 -0.01183184
v -0.28633211 0.39397240 0.19640623
v -0.29433953 0.46326036 0.16303887
v -0.31096426 0.47035572 0.16975129
v -0.29588920 0.49421839 0.14363389
v -0.29521254 0.53276059 0.10346837
v -0.30328806 0.61215677 -0.05495134
v -0.30141858 0.65239844 0.01988290
v -0.31372420 -0.99723973 0.04841372
v -0.30066157 -0.98631087 0.16227940
v -0.30381982 -0.90309936 0.15797657
v -0.28073589 -0.87816683 0.07742359
v -0.30197586 -0.53281398 -0.07094059
v -0.29464404 -0.51944038 0.03065611
v -0.29456058 -0.47042094 0.03074126
v -0.29038823 -0.33410486 -0.15793418
v -0.29401055 -0.28078133 -0.16556157
v -0.30078433 -0.24339295 -0.16869749
v -0.28832000 0.06332223 -0.00606586
v -0.31880343 0.26983637 -0.24927585
v -0.30189724 0.35669530 0.19198129
v -0.31286106 0.38674478 0.20902493
v -0.31986036 0.48310370 -0.20315804
v -0.29862592 0.50716594 -0.17065261
v -0.29818173 0.68497130 -0.05647351
v -0.29873466 0.73104302 -0.05572432
v -0.29294538 0.74775656 0.02132902
v -0.29260325 0.79490699 0.01541877
v -0.29452627 0.81139132 -0.00861938
v -0.29863614 0.78941659 0.00674910
v -0.30193289 -0.99751820 -0.03794564
v -0.28954879 -0.99979201 0.08277562
v -0.29855251 -0.99791480 0.10518309
v -0.30575262 -0.99559900 0.12348567
v -0.29727851 -0.98980310 0.12977401
v -0.30400660 -0.97976441 0.17666057
v -0.29106224 -0.94228711 0.21710439
v -0.30789131 -0.91381371 0.17705383
v -0.28353532 -0.86245693 -0.08799715
v -0.31129781 -0.77833183 0.04379464
v -0.29784175 -0.73357259 -0.08186424
v -0.29986448 -0.65745647 -0.07937975
v -0.28748736 -0.64699984 -0.07617917
v -0.28532008 -0.61091671 0.03716103
v -0.29324600 -0.50622692 -0.06435904
v -0.30408767 -0.42499206 -0.13439354
v -0.29997049 -0.35266650 0.12640730
v -0.29504727 -0.16686030 0.10958788
v -0.29328333 0.05232930 0.01413390
v -0.31825727 0.34979032 -0.24777901
v -0.30079341 0.43725999 0.18944691
v -0.29100022 0.44342700 0.16185190
v -0.29799709 0.56889580 -0.05781398
v -0.28521541 0.55271939 0.04866146
v -0.29755190 0.56817009 0.02150085
v -0.29313197 0.70355465 0.02166304
v -0.30065923 0.75743697 -0.05153037
v -0.28873291 0.82327845 -0.04267387
v -0.29142723 -0.95747709 0.21562651
v -0.28722516 -0.89541122 0.17103152
v -0.29653250 -0.84899251 0.05168170
v -0.29204157 -0.81906663 -0.08398993
v -0.29405324 -0.42360194 0.08931896
v -0.29122997 -0.21735327 -0.15613434
v -0.28592075 -0.04717702 -0.08094367
v -0.28916254 -0.01484281 -0.06554307
v -0.29324661 0.00417557 0.02929777
v -0.28939429 0.02737005 0.02592671
v -0.28743412 0.12357080 -0.11450315
v -0.28178308 0.15301394 0.12696027
v -0.29276694 0.43588678 0.18186773
v -0.26582130 0.51847992 -0.12073092
v -0.29066771 0.57089881 -0.04954739
v -0.27904541 -0.83935260 0.05151739
v -0.29672943 -0.76392416 0.04791738
v -0.27735163 -0.76317276 0.04683669
v -0.28597885 -0.51191431 -0.05843101
v -0.28776817 -0.50449018 0.02328989
v -0.29084360 -0.46943982 -0.06211682
v -0.30173947 -0.26659944 0.13443830
v -0.28520597 -0.20863104 0.11154678
v -0.29154620 -0.01183495 0.03353453
v -0.27913990 -0.02426243 0.02305912
v -0.28836426 0.16170579 -0.17491182
v -0.27344074 0.43659313 0.15897615
v -0.29481899 0.57424175 0.01699924
v -0.28978541 0.63969742 -0.05228287
v -0.28244598 0.72358672 -0.05697737
v -0.28367690 0.84075551 0.00203037
v -0.27920404 -0.99500111 0.11321461
v -0.28741398 -0.91341314 0.20551956
v -0.28456019 -0.88741243 0.11522373
v -0.27482292 -0.49909786 0.00371457
v -0.27972782 -0.46083949 -0.04709552
v -0.28012431 -0.46127038 0.01241371
v -0.30829312 -0.37543139 0.12691619
v -0.27598067 -0.18659547 -0.12984552
v -0.29359810 -0.06974186 -0.10691971
v -0.29120681 -0.07967026 0.07111318
v -0.28705323 0.04513171 -0.05230073
v -0.28737896 0.05706277 -0.04076408
v -0.28208440 0.43020751 -0.20421658
v -0.26851544 0.46301323 -0.17478325
v -0.29793277 0.56132510 -0.08392747
v -0.28048407 0.56404017 -0.04388108
v -0.28250728 0.56166277 0.01214238
v -0.28285269 0.57289629 0.00735612
v -0.29441134 0.61564208 0.01786193
v -0.27525077 0.78415961 -0.05815205
v -0.28077331 0.80071857 0.02138870
v -0.26550608 -0.99834489 0.16384490
v -0.28430741 -0.99583546 0.16018879
v -0.26498963 -0.89969690 0.19439160
v -0.27925783 -0.77958056 -0.08202575
v -0.28327627 -0.59129124 -0.06857071
v -0.28467680 -0.44872891 -0.08568304
v -0.27296337 -0.38686672 0.08569696
v -0.27119445 -0.28134181 0.10460178
v -0.28476284 -0.05087510 0.04432211
v -0.27911107 -0.04326158 0.02096158
v -0.28718743 0.21732215 0.18561241
v -0.26054467 0.30400109 -0.21349645
v -0.27922577 0.35201283 0.18853812
v -0.26855358 0.36596516 -0.21444030
v -0.28312286 0.36635993 0.17910680
v -0.27541355 0.38257990 0.17170790
v -0.28031896 0.41097683 0.18158770
v -0.29883815 0.54173470 -0.12918534
v -0.27700291 0.63317876 0.00579533
v -0.28665871 0.66789368 0.01792163
v -0.27628111 0.72055127 0.01831501
v -0.28702739 0.79425505 -0.05391815
v -0.28039947 0.83685383 -0.04758856
v -0.28474882 -0.98275107 0.20356285
v -0.26634636 -0.92161229 0.21957574
v -0.28974039 -0.90566284 -0.09354895
v -0.29174228 -0.65546756 0.04343722
v -0.26834433 -0.66759247 -0.06783295
v -0.27859947 -0.53999971 0.01867205
v -0.26675299 -0.57423572 0.01184112
v -0.27402804 -0.50538676 -0.03851385
v -0.27346620 -0.42758602 0.05544903
v -0.28963644 -0.38158147 -0.14375799
v -0.26440935 -0.25138998 -0.13063900
v -0.27410011 -0.15324101 0.07835241
v -0.27655994 -0.05026442 -0.05286868
v -0.27279096 -0.04457150 -0.05117046
v -0.28055399 -0.02286710 -0.05836367
v -0.28808236 0.00756723 -0.06290138
v -0.26824270 0.01600627 -0.05956689
v -0.27578948 0.26240732 0.19284212
v -0.28180918 0.26680715 -0.22576106
v -0.29271913 0.31823356 -0.23754789
v -0.26794748 0.36718420 0.17533822
v -0.27375861 0.40538802 0.16482464
v -0.26993352 0.47449105 0.13322627
v -0.27865660 0.49634713 0.12562298
v -0.27492183 0.55271202 -0.05517783
v -0.26948061 0.54688681 0.02540426
v -0.27889236 0.56688314 0.00774860
v -0.27350230 0.61897999 0.00473547
v -0.27368345 0.82044903 -0.05608996
v -0.26568496 -0.99612381 -0.05164204
v -0.28936617 -1.00032979 -0.02333744
v -0.26329433 -0.99575468 0.10871511
v -0.25898094 -0.99860865 0.13501684
v -0.27635091 -0.93701902 -0.09653488
v -0.25825892 -0.89081786 0.17166951
v -0.26874923 -0.51682627 -0.02196722
v -0.27399899 -0.45756001 -0.02848375
v -0.27381376 -0.45715803 -0.00931249
v -0.27412391 -0.40208109 -0.11438951
v -0.26434733 -0.24247176 0.09151881
v -0.26975331 -0.11814777 -0.08886063
v -0.26735665 -0.07609466 0.00353454
v -0.26730219 -0.06011190 -0.04306062
v -0.27212184 -0.04906382 0.01416169
v -0.25706047 -0.02942065 0.02733846
v -0.27420444 0.03522990 0.01718488
v -0.26677895 0.04722250 -0.00525626
v -0.28364093 0.28478622 0.20271071
v -0.27133986 0.54807090 -0.06173560
v -0.26507608 0.55471096 0.02084743
v -0.27136146 0.57890616 -0.04062932
v -0.26465731 0.70852041 0.00588629
v -0.27734569 0.85472774 -0.03893838
v -0.26959174 -0.88824605 0.15848991
v -0.26887196 -0.73324708 -0.07493709
v -0.27423111 -0.60609211 0.02860319
v -0.26924451 -0.43800238 0.03090626
v -0.26722868 -0.31305449 -0.13560570
v -0.26930407 -0.06880998 -0.04179321
v -0.26483667 -0.06572532 0.00498027
v -0.26225614 0.03567905 -0.04358431
v -0.26770401 0.05099815 -0.02153241
v -0.24949098 0.16406274 0.09136500
v -0.25837198 0.30438883 0.17980653
v -0.26458993 0.52929717 -0.09874208
v -0.26104671 0.59660076 0.00575818
v -0.27625220 0.64650312 -0.04140595
v -0.26372216 0.69606662 -0.04075645
v -0.26287255 0.76380082 -0.05396001
v -0.27326260 0.75683252 0.02134645
v -0.26251892 0.87150305 0.01677524
v -0.26509834 -0.96887281 0.22282834
v -0.24928567 -0.93705428 -0.09180755
v -0.25601977 -0.83342010 0.04486414
v -0.26884588 -0.68522892 0.03577438
v -0.26547902 -0.60282367 -0.05404151
v -0.25866850 -0.59403117 -0.03905934
v -0.27091139 -0.52010235 -0.00175592
v -0.26849632 -0.43721917 -0.06712022
v -0.26761941 -0.41958249 -0.08803033
v -0.26633618 -0.35785396 -0.12436769
v -0.26343774 -0.34513239 0.08887229
v -0.26214830 -0.09144052 -0.01138910
v -0.26285293 -0.08392317 -0.02903940
v -0.26885586 0.12076451 -0.06148311
v -0.25374487 0.14694278 -0.10178516
v -0.26329413 0.16302125 -0.14748126
v -0.25153706 0.18781971 0.12456097
v -0.26773964 0.24275284 -0.20902015
v -0.26358238 0.54947532 -0.05577195
v -0.27311687 0.70889120 -0.05035297
v -0.26021811 0.77147254 0.01629419
v -0.26410275 0.88259589 0.00555680
v -0.26298715 -0.89402025 -0.09099192
v -0.26172475 -0.76744831 0.04090199
v -0.25898583 -0.62748975 0.01541536
v -0.25871805 -0.43292430 -0.03328599
v -0.26062896 -0.19272159 -0.10818766
v -0.26037871 -0.10880962 0.01403109
v -0.26153751 -0.09711031 -0.02584311
v -0.25810955 -0.08279377 -0.02933201
v -0.24537689 -0.06556772 0.02127988
v -0.26586813 0.03996448 0.00619323
v -0.27098797 0.12980911 0.06689515
v -0.26113167 0.54668298 0.02247516
v -0.24926451 0.61764053 -0.04132665
v -0.25433136 0.73683166 -0.04063709
v -0.25962715 0.81390623 0.02284912
v -0.25212802 -0.99128385 0.19791064
v -0.26462295 -0.79383541 -0.07895223
v -0.25658630 -0.73500100 0.03300897
v -0.25225635 -0.68479519 -0.05342081
v -0.25534170 -0.66664649 0.01937224
v -0.25243077 -0.38176650 0.05151817
v -0.24991953 -0.19109420 -0.08389530
v -0.25703374 -0.15011183 0.04279391
v -0.26231493 0.20343121 -0.18247742
v -0.25954232 0.34139179 -0.21062325
v -0.26793109 0.51734381 0.08969736
v -0.25133510 0.52859277 -0.05716087
v -0.23688082 0.61400964 0.01705942
v -0.26971989 0.67279233 0.00524441
v -0.26285491 0.85401767 0.02104253
v -0.23775500 0.92462859 0.00509367
v -0.26194404 -0.98179082 -0.07859748
v -0.27293198 -0.86392135 0.05943904
v -0.25993970 -0.85211987 -0.08190495
v -0.24628700 -0.85022933 -0.07484380
v -0.23835097 -0.86844813 0.04736563
v -0.25520055 -0.85176571 0.04872230
v -0.25525991 -0.58944600 -0.02131185
v -0.25677855 -0.42837429 -0.00089089
v -0.25191091 -0.40427701 -0.06296938
v -0.25355068 -0.41097445 0.02415557
v -0.25382442 -0.38512286 -0.08748086
v -0.24601817 -0.33169859 -0.09451489
v -0.24766957 -0.31414276 0.06622744
v -0.25207369 -0.27526681 -0.11077530
v -0.25796991 -0.20727125 0.07139292
v -0.24704903 -0.19622816 0.03971779
v -0.25860755 -0.12208753 -0.05879263
v -0.26154483 -0.04519837 -0.05663130
v -0.25587839 0.33720837 0.17188589
v -0.24311727 0.43407833 0.12538578
v -0.24658659 0.51314507 0.05035525
v -0.23575516 0.55329511 -0.05207101
v -0.23893810 0.58023565 -0.05686976
v -0.26191375 0.56824764 -0.05104336
v -0.25335634 0.87394847 -0.05640886
v -0.25742103 0.88889332 -0.04902582
v -0.25935365 -0.99988410 -0.02152947
v -0.22719454 -0.97590491 -0.07080735
v -0.25793673 -0.88608137 0.10456989
v -0.25082546 -0.75758033 -0.06479703
v -0.24283826 -0.72622893 0.01302013
v -0.25240661 -0.63394662 -0.04048297
v -0.24426191 -0.65852304 -0.01817964
v -0.24392186 -0.18495933 -0.05830486
v -0.24221658 -0.18190882 0.00714653
v -0.24719456 -0.15041522 -0.03572611
v -0.25986040 -0.07902333 -0.00435256
v -0.23299617 0.01646851 -0.01148861
v -0.26085530 0.12526320 0.01869736
v -0.24078889 0.14113587 -0.01625391
v -0.24199115 0.18578619 -0.14029499
v -0.24407745 0.22997010 0.14671669
v -0.24217899 0.44227963 -0.15416147
v -0.24585228 0.52000618 -0.05567202
v -0.25307116 0.52938678 0.02198345
v -0.24548523 0.55135739 0.01908886
v -0.25557129 0.74309828 0.00552417
v -0.24157277 0.79297371 -0.04116759
v -0.25252015 0.80490270 -0.05513853
v -0.24227042 0.83240478 0.02070494
v -0.26114156 0.89088377 -0.03825329
v -0.22780716 -0.99914455 0.08921868
v -0.22869364 -0.99300370 -0.03572834
v -0.25103944 -0.96076800 -0.08958063
v -0.26084894 -0.94288501 0.22760617
v -0.23928311 -0.90329080 -0.08311803
v -0.24378882 -0.75517423 0.02250641
v -0.25026251 -0.63072459 -0.00232145
v -0.23589552 -0.72658614 -0.02888942
v -0.24374326 -0.39486684 0.00343624
v -0.23644931 -0.27622709 -0.07428739
v -0.24690871 -0.14936711 -0.02098491
v -0.24818448 -0.09642131 -0.02088545
v -0.25673428 -0.08593852 -0.01307926
v -0.21790644 -0.08334479 0.02642025
v -0.24043564 -0.07966243 -0.05433346
v -0.24351038 0.23075463 -0.17700330
v -0.26261473 0.40633356 0.16029928
v -0.24763305 0.52693638 0.01505280
v -0.24920874 0.53784024 -0.05487307
v -0.23482039 0.64527522 -0.04122142
v -0.23836197 0.86373617 0.02449699
v -0.23435728 0.89385280 -0.05890769
v -0.24840160 0.90028747 0.01635178
v -0.24371611 0.91770958 -0.03399400
v -0.23958853 -0.95806356 0.22174966
v -0.24413287 -0.91118858 0.20766310
v -0.24842728 -0.87867771 0.07371040
v -0.23999087 -0.82525473 0.03133730
v -0.23617642 -0.75458259 -0.04286508
v -0.23459899 -0.73538515 -0.00501747
v -0.24822905 -0.40973183 -0.03187984
v -0.24138421 -0.23994189 -0.08041188
v -0.23539120 -0.21337489 -0.01948470
v -0.23516756 -0.00109522 -0.05137741
v -0.22846589 -0.00706762 0.01534628
v -0.22950306 0.00576058 -0.03909885
v -0.24351722 0.28660994 0.16273820
v -0.22898717 0.33497326 -0.17622489
v -0.23966347 0.38574061 -0.17760388
v -0.24631538 0.48140628 0.09501150
v -0.25948006 0.48685240 -0.14622866
v -0.23755441 0.51073052 -0.03727060
v -0.23761917 0.51692293 -0.02198230
v -0.24386392 0.78753973 0.00604602
v -0.23884855 -0.99545621 0.16151495
v -0.23519265 -0.99016991 0.12290170
v -0.23129686 -0.97240475 0.21105064
v -0.22148229 -0.95768761 -0.07661590
v -0.24104008 -0.89134603 0.15482616
v -0.23026215 -0.89656961 0.13474789
v -0.23271461 -0.35293681 -0.02709479
v -0.23919665 -0.35748758 -0.06343739
v -0.24186396 -0.26736110 0.05092337
v -0.23538567 0.15938341 -0.08133618
v -0.22404725 0.32752192 0.13655545
v -0.22850129 0.36610969 0.13345670
v -0.22757808 0.42097707 -0.14452205
v -0.23287908 0.46899428 -0.11737857
v -0.23851259 0.51440011 -0.00256129
v -0.24167977 0.52117654 -0.04259350
v -0.23372446 0.53263889 0.00091880
v -0.22278609 0.61040084 0.02182683
v -0.23798123 0.63288632 0.00744026
v -0.23817417 0.77100327 0.00458400
v -0.25110831 0.83524268 -0.05855903
v -0.23639777 -0.99805042 0.09669554
v -0.22892154 -0.93134242 0.21523782
v -0.23059829 -0.85361049 0.02994436
v -0.22652763 -0.84653085 -0.05602831
v -0.23933292 -0.78005001 -0.05548589
v -0.23084576 -0.76824415 0.00185404
v -0.22947960 -0.30835386 0.00095562
v -0.23660332 -0.33805941 0.02841104
v -0.23096777 -0.31029179 -0.04940840
v -0.23257261 -0.25165430 0.01009681
v -0.23016724 -0.25857962 -0.02975860
v -0.23400779 -0.11903502 -0.02220072
v -0.22382588 0.24020123 0.12023057
v -0.22150804 0.27059674 -0.16117443
v -0.22602325 0.44204720 0.09127054
v -0.24246097 0.50848133 -0.08341575
v -0.24278686 0.58511386 0.02157801
v -0.22829144 0.83390839 0.00964398
v -0.22067899 0.88243731 -0.05835966
v -0.21945399 -0.98388837 0.15891210
v -0.21997921 -0.95547349 0.20763978
v -0.22444672 -0.92206153 -0.07727949
v -0.23243726 -0.90263956 0.18652331
v -0.23026481 -0.83012201 0.02047805
v -0.23419995 -0.11320452 -0.00068025
v -0.23933455 -0.02720575 0.02748564
v -0.23724046 0.15840417 0.04917754
v -0.23667783 0.28396829 -0.18556532
v -0.21836822 0.37458611 -0.15091025
v -0.23335097 0.50373848 0.02042065
v -0.23033099 0.49700149 -0.06050275
v -0.22150701 0.48751299 -0.03105709
v -0.22422263 0.54791387 -0.03189997
v -0.22398750 0.63701428 -0.05256978
v -0.22528570 0.66498422 0.00590293
v -0.18549919 0.77253377 -0.04086981
v -0.23060168 0.84398918 -0.05280206
v -0.22457049 0.92677183 0.02103239
v -0.22541164 -0.98638011 -0.05471536
v -0.22753762 -0.98633102 0.18786611
v -0.22289022 -0.92282905 0.20409013
v -0.21813898 -0.90958692 0.16097540
v -0.21046247 -0.89118504 0.12912301
v -0.21770476 -0.87660744 0.02803678
v -0.21634409 -0.10651487 0.02119086
v -0.22691658 -0.01886364 0.02148769
v -0.22078822 0.19904312 -0.11151743
v -0.22219880 0.67108004 -0.04111864
v -0.21429327 -0.97594323 0.17080800
v -0.21691821 -0.88863072 -0.05889367
v -0.22551768 -0.88099740 0.06259325
v -0.21888278 -0.84638346 0.00329948
v -0.22222396 -0.80590206 -0.02155041
v -0.22697692 -0.07183960 -0.06190487
v -0.22425320 0.19625348 0.08258277
v -0.20922667 0.33119653 -0.14618578
v -0.22136508 0.47111007 0.04969245
v -0.20984170 0.58485722 -0.04628041
v -0.22233832 0.61765681 -0.05654084
v -0.23078990 0.92036269 -0.05420496
v -0.23181851 0.92794291 -0.04677739
v -0.22233618 -0.99646257 0.04511139
v -0.20993481 -0.98844294 0.01836225
v -0.21319826 -0.92320974 0.17659890
v -0.20792642 -0.88897089 0.04634299
v -0.22163978 -0.83611743 -0.04079554
v -0.21459410 -0.85451754 -0.01357774
v -0.23903592 -0.09942234 -0.04163128
v -0.21746290 -0.12365318 0.01281851
v -0.20996567 0.18806170 0.00500373
v -0.21912751 0.28992966 0.12860409
v -0.20726134 0.39384012 -0.12016045
v -0.21676729 0.46011087 -0.08501042
v -0.21193601 0.59810158 -0.05475189
v -0.20783403 0.70902934 0.00563568
v -0.22515181 0.82374957 0.00498116
v -0.20580049 0.88116718 0.01722905
v -0.20667464 -0.94489334 -0.06122534
v -0.20274754 -0.16245880 0.00143063
v -0.20474747 0.45111936 0.00076696
v -0.20744914 0.45700388 -0.04051454
v -0.21262493 0.59353979 0.01595962
v -0.21085144 0.67140658 0.01541394
v -0.20053763 0.72435854 -0.04123626
v -0.20744496 0.85649846 0.00434634
v -0.20911270 -0.97638440 -0.04942357
v -0.21115340 -0.96599616 0.17762706
v -0.20913111 -0.95288285 0.18094992
v -0.21104372 -0.93657491 0.18226553
v -0.20945551 -0.88192405 -0.03457023
v -0.19849921 -0.05433991 0.02101601
v -0.20755956 -0.01447631 -0.00304789
v -0.21525666 0.18086466 -0.04982901
v -0.21171685 0.43402106 -0.10050280
v -0.20622588 0.43378961 0.04584903
v -0.21283327 0.56599835 -0.02626290
v -0.21668550 0.57058087 0.00664315
v -0.20540842 0.67799836 -0.05302191
v -0.21034284 0.85235346 -0.03982171
v -0.20327115 0.88252169 -0.05242191
v -0.19024257 -0.99557766 0.11819737
v -0.19258540 -0.99154087 0.15380379
v -0.20680865 -0.98769509 0.15930868
v -0.19332952 -0.96789425 0.00699935
v -0.20731648 -0.92659953 0.17527943
v -0.20133278 -0.92661344 -0.04446161
v -0.20601419 -0.88664611 -0.00855759
v -0.20232944 -0.90149168 0.15243006
v -0.17469215 -0.13475738 -0.06394687
v -0.20323624 0.20604305 0.02505825
v -0.19760145 0.31143735 0.08755082
v -0.18619011 0.89153592 0.01734529
v -0.21247040 0.94758994 -0.04442510
v -0.21023142 0.95136509 -0.00406195
v -0.20971210 -0.99617152 0.13779217
v -0.20480032 -0.89338778 0.02154451
v -0.17020101 -0.18656943 0.02084239
v -0.17856421 -0.12288232 0.02879638
v -0.17761349 -0.04832817 -0.00845131
v -0.20978791 0.24981221 -0.13271099
v -0.20327974 0.26026379 0.08811116
v -0.18823154 0.61694375 0.00100842
v -0.20396070 0.64816464 -0.05749546
v -0.20262014 0.66942644 0.02101350
v -0.19468850 0.72881035 0.00851539
v -0.18940980 0.87067274 0.00257185
v -0.21921770 0.89569659 0.02437577
v -0.19774057 -0.95761418 -0.03817378
v -0.18275780 -0.91480969 0.16471243
v -0.19622535 -0.17423531 -0.03656595
v -0.19577478 -0.08423421 0.02679998
v -0.21098363 -0.06261881 -0.06182546
v -0.19774308 0.22883770 -0.07676778
v -0.20218396 0.23563940 0.06749181
v -0.19647079 0.30474589 -0.11930451
v -0.18661331 0.34869912 0.04604549
v -0.19745132 0.38579953 0.06506273
v -0.19147689 0.39921275 -0.06110599
v -0.18344957 0.63303751 -0.04598541
v -0.18732042 0.64422364 -0.05457823
v -0.20916569 0.63158039 0.02250897
v -0.20642732 0.91873241 -0.06153580
v -0.19945792 0.94810313 -0.05638347
v -0.19314394 -0.97000796 0.17606834
v -0.19667640 -0.91122434 0.00575296
v -0.19075869 -0.90704280 0.03923716
v -0.18213007 -0.89527321 0.10806748
v -0.18943886 0.26604230 0.04720174
v -0.19080407 0.33964890 -0.10192306
v -0.20774544 0.37092778 0.09859781
v -0.19043910 0.40778264 -0.02904726
v -0.18193075 0.62489857 -0.02621289
v -0.19317368 0.70053594 0.01997541
v -0.17699629 0.91178634 0.02511638
v -0.19443434 0.95429627 0.01927677
v -0.19933672 -0.99161219 0.06612033
v -0.18233052 -0.96757784 0.04085495
v -0.18848067 -0.94820043 0.00940872
v -0.19014655 0.23477910 -0.03545923
v -0.18266301 0.36932065 0.00608303
v -0.18035123 0.74198446 0.01727124
v -0.18627915 0.76000490 0.00624816
v -0.20111614 0.92868678 0.02695290
v -0.18561566 0.96383644 -0.02298421
v -0.20237935 -0.17221224 -0.01653076
v -0.18016031 -0.19815084 0.00710836
v -0.16492394 -0.11061306 0.02508962
v -0.18166067 0.27281384 -0.00141301
v -0.18896129 0.26870310 -0.08226907
v -0.19033679 0.36938703 -0.08604555
v -0.18144597 0.35243708 -0.05262997
v -0.17780867 0.71301767 0.02232870
v -0.19103343 0.70310670 -0.05589978
v -0.17050323 0.77026051 -0.05344067
v -0.18698552 0.78291041 0.00484437
v -0.17557299 -0.98997831 0.14510718
v -0.18328955 -0.94464843 0.17925824
v -0.17643527 -0.90352724 0.14124907
v -0.16484490 -0.09763233 -0.05719730
v -0.16753003 -0.08637477 0.01704042
v -0.18131308 0.28320314 -0.04742117
v -0.18311995 0.30096356 -0.07147713
v -0.18203787 0.31822014 0.03090060
v -0.17770679 0.31724165 -0.02499288
v -0.18740457 0.66090043 0.02121534
v -0.16863758 0.74321188 -0.05795977
v -0.17502240 0.87017836 0.00274451
v -0.17505853 0.89925728 -0.05730303
v -0.17550851 -0.99157480 0.12426053
v -0.17226558 -0.98441291 0.09839411
v -0.19140240 -0.92759254 0.00708914
v -0.21450933 -0.03437379 -0.05606460
v -0.17663804 0.67924591 -0.05745951
v -0.18502774 0.87203222 -0.03850329
v -0.17621069 0.87256964 -0.03997733
v -0.16901502 0.88266272 -0.05101870
v -0.16371010 0.88902580 0.02020113
v -0.17682452 0.94262417 0.02790752
v -0.18897580 0.96087215 -0.04310233
v -0.16298463 -0.24212902 -0.00003272
v -0.18877037 -0.15466879 -0.05560240
v -0.18685108 -0.03730269 -0.02430621
v -0.16404095 0.69208397 0.01812500
v -0.16597768 0.75701884 0.02152504
v -0.16695000 -0.96799187 0.16637137
v -0.17157290 0.80986581 0.00540458
v -0.16805047 0.83604065 -0.04044787
v -0.16920440 0.95656827 -0.05693754
v -0.15916271 0.96347547 -0.04551088
v -0.16262829 -0.94591144 0.08245421
v -0.16777436 -0.91261798 0.09415876
v -0.17185621 -0.23014478 -0.01997647
v -0.17137818 -0.22210943 -0.03729348
v -0.17744371 -0.06122083 -0.04479777
v -0.18082101 0.64274987 0.01286517
v -0.16368591 0.71987230 0.02194080
v -0.15803331 0.81195517 0.01791102
v -0.15568489 0.93390293 -0.06402941
v -0.16156316 -0.97971723 0.14500509
v -0.16073990 -0.96786027 0.09587535
v -0.15998000 -0.92854706 0.09834703
v -0.16697161 -0.93412108 0.16803846
v -0.16249194 -0.23219232 0.00815606
v -0.16576125 -0.17049688 0.02702682
v -0.15664022 0.82095944 -0.05397059
v -0.16028451 0.86420176 -0.05022511
v -0.14290685 0.94713451 -0.05890766
v -0.15211638 -0.95673954 0.12517012
v -0.16135025 -0.92254843 0.15080217
v -0.16532577 -0.90824687 0.12448230
v -0.16026497 0.72114662 -0.05770023
v -0.15814283 0.86629615 0.01458266
v -0.15364523 0.88008772 -0.05702575
v -0.16312944 0.96221841 0.01565054
v -0.15345285 -0.94882128 0.14868694
v -0.15710473 -0.92388959 0.12128896
v -0.16341489 -0.17921956 -0.06158374
v -0.16191409 -0.13741188 0.02903223
v -0.17939272 -0.05523089 0.00679171
v -0.14873765 -0.43485371 0.00546517
v -0.14947605 -0.42317769 -0.01980115
v -0.14303907 0.73894657 0.01708233
v -0.14516376 0.80566684 -0.05815522
v -0.14623468 -0.44764278 -0.01789036
v -0.14260793 -0.45231195 0.00327366
v -0.14528460 -0.42709029 -0.03723209
v -0.14105376 -0.41791940 0.02677915
v -0.14476711 -0.29630107 -0.01737670
v -0.13251385 -0.11545677 0.00456126
v -0.15770156 0.68113006 0.00307356
v -0.14381072 0.77189625 0.02203673
v -0.14499158 0.86418500 0.02206884
v -0.14010943 0.88224120 -0.06057934
v -0.14163819 0.95687478 0.01151054
v -0.13784674 0.95758245 -0.02358725
v -0.14252707 -0.40625800 0.01902194
v -0.14254511 -0.39403425 -0.00230868
v -0.12551053 -0.33627866 -0.00089813
v -0.13484383 -0.28458712 0.01612215
v -0.15277176 -0.13129870 -0.06139981
v -0.14559672 0.80017109 0.02295093
v -0.12813582 0.91339332 -0.06230422
v -0.13832375 0.94487686 0.02206838
v -0.12965016 0.94942003 -0.04606560
v -0.12585489 -0.34431620 -0.02467345
v -0.14259689 -0.26290449 -0.05088000
v -0.15864477 -0.21525156 -0.05574724
v -0.13463912 -0.24572595 0.02653965
v -0.15892967 0.68684503 -0.04713752
v -0.14396394 0.76357196 -0.05688716
v -0.13115082 0.81253750 -0.05833130
v -0.13758038 -0.44905788 -0.03491191
v -0.13575926 -0.40772038 -0.04927500
v -0.14101606 -0.39149828 -0.02972632
v -0.12758763 -0.21644354 0.03176283
v -0.14991359 0.69698728 -0.03508763
v -0.14927883 0.72427667 -0.05221972
v -0.13573842 -0.44015226 -0.04354095
v -0.12764003 -0.41661900 0.03792636
v -0.12494908 -0.41734826 -0.05457827
v -0.12895499 -0.39277253 0.03006697
v -0.12461718 -0.35340299 0.00134567
v -0.12058472 -0.27651465 -0.06048663
v -0.13048773 -0.17124030 0.02896229
v -0.13987752 -0.18000863 -0.06507552
v -0.13704786 0.73109635 -0.00161903
v -0.12149446 0.80741566 -0.05339617
v -0.13471612 -0.43755170 0.03011923
v -0.12616323 -0.35358323 -0.01941198
v -0.12779448 -0.32916701 -0.03183434
v -0.13194451 -0.14104249 0.02084291
v -0.12418682 0.78036707 -0.04547769
v -0.12558226 -0.45161589 0.02549389
v -0.11223764 -0.44318524 -0.04824885
v -0.12877469 -0.38177700 -0.04712048
v -0.12119227 -0.25179344 0.03076939
v -0.12424769 -0.23687006 -0.06476548
v -0.12341974 0.80094992 0.01750926
v -0.12658139 0.84735028 0.02397047
v -0.12569182 -0.46172836 -0.01689029
v -0.10895808 -0.45934590 -0.03054413
v -0.11368019 -0.42641556 0.03972210
v -0.09182531 -0.34387607 0.03487135
v -0.11570464 -0.35127699 0.01829727
v -0.11983700 -0.31988167 -0.04947622
v -0.12053318 0.78151433 -0.03342320
v -0.12298138 0.77879633 0.00583545
v -0.12166854 0.89241567 0.02516092
v -0.12221494 0.92527979 0.02255427
v -0.11712041 0.92213176 -0.05611555
v -0.12203460 0.94022838 0.00913939
v -0.10510759 -0.39174037 0.03995689
v -0.10875065 -0.37738291 -0.05734661
v -0.12100907 -0.33596987 0.00957310
v -0.09737621 -0.20380525 0.02454362
v -0.13878001 -0.10510429 -0.03875932
v -0.12617320 -0.11560330 -0.01592198
v -0.11125991 0.83398022 -0.04808580
v -0.10897850 0.89616850 0.01554565
v -0.11558162 0.93543200 -0.03621209
v -0.11467148 -0.46156406 0.01051123
v -0.11129987 -0.34971508 -0.05188046
v -0.10617682 -0.33928072 0.02489649
v -0.10917682 -0.30100298 0.02904371
v -0.13767062 -0.11750523 -0.04795906
v -0.14088003 -0.09620971 -0.02788556
v -0.10817956 0.83126816 -0.03515988
v -0.10964410 0.82455281 0.00167744
v -0.11054176 0.84991243 0.01557401
v -0.11312743 0.87242866 -0.05610892
v -0.10572410 0.90125539 -0.04577157
v -0.10178708 -0.39312631 -0.05853618
v -0.12389257 -0.15394771 -0.05508171
v -0.10660929 0.85927202 -0.04605235
v -0.10418654 0.89989081 -0.03217243
v -0.10867481 0.91880527 0.00203480
v -0.07782043 -0.35548934 0.04350094
v -0.09450971 -0.30919408 0.03371783
v -0.11246788 -0.19446497 -0.06176067
v -0.10298590 0.87129444 -0.03644150
v -0.10361677 0.87583860 0.00174200
v -0.09681428 -0.46060081 -0.00022008
v -0.09717768 -0.31157256 -0.06377105
v -0.10715839 -0.23847435 0.03260676
v -0.09203371 -0.18277099 -0.04303434
v -0.08244929 -0.18408242 -0.02365733
v -0.08927430 -0.45303465 -0.02693189
v -0.09154178 -0.41850982 -0.05257675
v -0.09623143 -0.42778262 0.03664042
v -0.09301210 -0.34500908 -0.06466639
v -0.09497504 -0.16783037 -0.03099153
v -0.07814417 -0.43130947 -0.03780952
v -0.09553974 -0.44425013 0.02808502
v -0.08694344 -0.40098809 0.03714248
v -0.08746215 -0.40161916 -0.05609577
v -0.09136791 -0.29123986 -0.06630151
v -0.09124580 -0.24259486 -0.06434198
v -0.09152212 -0.23834738 0.03147780
v -0.08556516 -0.17844072 -0.00869919
v -0.07738743 -0.43508590 0.01742916
v -0.07484542 -0.38656618 0.04258725
v -0.05395414 -0.27249135 0.02190335
v -0.09141564 -0.18417483 0.01069457
v -0.07551177 -0.43608617 -0.03166635
v -0.07472966 -0.44000215 0.00126583
v -0.07274680 -0.43119923 0.02439072
v -0.07605296 -0.41265353 0.02907032
v -0.07204942 -0.37008097 -0.07116963
v -0.06813464 -0.44447625 0.00292928
v -0.05809134 -0.41680218 0.04641605
v -0.07800511 -0.32785406 0.03692753
v -0.07695451 -0.23052579 -0.05538469
v -0.07149550 -0.40332895 -0.06236288
v -0.08225353 -0.32489362 -0.06631396
v -0.05831595 -0.31257682 -0.06526176
v -0.06718604 -0.31577523 0.03601537
v -0.05402703 -0.44054120 -0.06739088
v -0.05554752 -0.46889078 -0.04104803
v -0.05599547 -0.46668055 0.01064411
v -0.06243150 -0.39899567 -0.06930935
v -0.04825103 -0.34667632 0.04301040
v -0.06979506 -0.22819752 0.01463802
v -0.06463250 -0.22323861 -0.03555567
v -0.05699062 -0.23408931 -0.00123771
v -0.05980198 -0.44893201 -0.05878403
v -0.04213008 -0.35644769 -0.07244988
v -0.05042713 -0.31537035 0.03357412
v -0.06763971 -0.28777485 0.03237690
v -0.03882517 -0.27388699 0.00420845
v -0.04534633 -0.26803293 -0.04400926
v -0.04216192 -0.48242447 -0.03122467
v -0.03049634 -0.48850724 -0.00355214
v -0.04089285 -0.47156740 -0.05819157
v -0.05306593 -0.45511295 0.03964049
v -0.02709499 -0.30451249 -0.04695233
v -0.02943386 -0.46117160 -0.06965156
v -0.03978081 -0.39468796 -0.07438169
v -0.04286620 -0.30495396 -0.05807515
v -0.02650764 -0.29336250 -0.03452590
v -0.03815986 -0.26511397 -0.01392606
v -0.03942465 -0.47492905 0.03591362
v -0.03540444 -0.43574244 -0.07593026
v -0.02590333 -0.44898924 0.05279366
v -0.02326364 -0.33510990 0.03428482
v -0.02254433 -0.48794032 0.02267474
v -0.03023994 -0.38153149 0.04575916
v -0.01916266 -0.37511059 -0.06721783
v -0.03134539 -0.31244940 0.02405658
v -0.02274007 -0.30192522 0.00636481
v -0.02668268 -0.48746284 -0.04186704
v -0.04563379 -0.38542285 0.04814331
v -0.02642126 -0.32601890 -0.06155316
v -0.01326102 -0.47841257 0.03919522
v -0.01074677 -0.48371502 -0.05481602
v -0.01159356 -0.43880109 -0.07423615
v -0.02133836 -0.40275091 -0.07273851
v -0.00821930 -0.49019046 0.01709912
v -0.00768851 -0.40220204 -0.06749684
v -0.01870357 -0.41917529 0.05164920
v -0.01314846 -0.38507897 -0.06385690
v -0.01348169 -0.36987066 0.03637674
v -0.01036471 -0.35165792 0.03427082
v -0.01698551 -0.30128427 -0.02609899
v 0.00172576 -0.46548409 -0.06520690
v -0.00619246 -0.44267842 0.05097762
v -0.00916926 -0.36178417 -0.06253852
v -0.01913857 -0.29890792 -0.01415257
v -0.00575047 -0.49137778 -0.02902768
v -0.00011768 -0.40864504 0.04042421
v 0.00669660 -0.35292358 0.02896487
v 0.00697480 -0.34101081 -0.05725145
v 0.00505168 -0.46283103 0.04346974
v 0.01592924 -0.44785437 0.03742502
v 0.00874819 -0.41047665 -0.05068690
v -0.00053290 -0.38582444 -0.05250025
v 0.01006401 -0.48333975 -0.04256457
v 0.01235171 -0.44182462 -0.06250198
v 0.00171508 -0.37405692 0.02695471
v 0.01075197 -0.32642026 -0.04234490
v 0.01135495 -0.33157302 0.01741361
v 0.01842677 -0.32565930 -0.01781096
v 0.01089361 -0.40460638 -0.04804410
v 0.00743773 -0.39626961 0.02190793
v 0.01291564 -0.48447427 0.00476448
v 0.01500382 -0.47659622 0.02354231
v 0.02081665 -0.47172936 -0.04224311
v 0.01852933 -0.43432184 0.02856511
v 0.02127733 -0.42796375 -0.00193001
v 0.01750790 -0.41664263 -0.03946003
v 0.02120480 -0.41777531 0.00876250
v 0.01471982 -0.41053554 0.01644960
v 0.00548026 -0.35699635 -0.05976901
v 0.02384416 -0.47106770 0.00251472
v 0.02416535 -0.44852116 -0.04350943
v 0.02032403 -0.42722056 -0.03131751
v 0.02341569 -0.42354915 -0.02619701
v 0.02570674 -0.42407388 -0.00967424
v 0.02690327 -0.38268103 0.03024896
v 0.02935174 -0.39210880 -0.05696114
v 0.02718596 -0.34845512 -0.05139644
v 0.02110581 -0.33016220 0.00189085
v 0.02661924 -0.45338164 0.01044227
v 0.03622502 -0.40880812 0.01985050
v 0.04194830 -0.37741997 -0.05488634
v 0.04116338 -0.42202873 -0.02477983
v 0.04046793 -0.37310730 0.02603896
v 0.05200687 -0.41262165 -0.02954476
v 0.04279555 -0.40522360 -0.04784096
v 0.05001894 -0.39173007 0.02065810
v 0.04838672 -0.36484174 0.01539610
v 0.03984013 -0.34977635 -0.03890850
v 0.03990489 -0.34459084 -0.01170292
v 0.04341324 -0.41631189 0.00893151
v 0.05335339 -0.36691408 -0.03754590
v 0.05772478 -0.41085757 -0.00888851
v 0.06058078 -0.39063973 0.00406437
v 0.05967477 -0.38712774 -0.03591635
v 0.06254812 -0.38297918 -0.00317652
v 0.29411797 0.28422765 -0.01767797
v 0.29994632 0.26913932 0.00542901
v 0.29664554 0.30641020 0.01228989
v 0.30122340 0.28359128 -0.05893028
v 0.29992607 0.26181857 -0.02349819
v 0.29614020 0.30600525 -0.03634395
v 0.30695579 0.31077574 -0.06164545
v 0.30309587 0.29305539 0.02838546
v 0.30344405 0.31954637 0.00612984
v 0.30247641 0.32000444 -0.01691221
v 0.31705099 0.28462383 -0.07425580
v 0.30954477 0.31352653 0.02989685
v 0.31075083 0.24675323 -0.01117165
v 0.31036251 0.25225442 -0.04062643
v 0.32273134 0.20932163 -0.02965024
v 0.31763040 0.23065275 0.02540069
v 0.31169668 0.25889125 0.01593522
v 0.31530567 0.28219623 0.03661848
v 0.32321313 0.26300617 -0.09449335
v 0.32326587 0.25713194 0.05875358
v 0.32432205 0.31799974 -0.07107019
v 0.32353179 0.33359985 0.00166987
v 0.32392338 0.21512790 0.02482874
v 0.32298392 0.21936318 -0.06082406
v 0.33090338 0.29548251 0.06851632
v 0.32459376 0.31142800 0.04288844
v 0.32510770 0.32968167 0.02177668
v 0.32451606 0.33220254 -0.04917073
v 0.32310148 0.33492885 -0.01747016
v 0.33187437 0.22743001 -0.09539987
v 0.33836770 0.18811671 -0.02629653
v 0.33562532 0.19202260 -0.01078310
v 0.34118679 0.19905783 0.03969218
v 0.34155511 0.19797003 -0.07612186
v 0.33190134 0.22202605 0.05414214
v 0.34126281 0.23658080 -0.12420353
v 0.36229990 0.30411568 0.11388173
v 0.34136613 0.36420649 -0.03784085
v 0.34514142 0.18762338 -0.08043733
v 0.34068639 0.17954294 -0.02305608
v 0.34496570 0.21381140 0.06872757
v 0.34040214 0.23791373 0.08432153
v 0.33498193 0.30032827 -0.10690082
v 0.35195201 0.36732755 -0.07515382
v 0.34227527 0.18431756 0.02564769
v 0.34520505 0.21014496 -0.10242951
v 0.34755278 0.21434937 -0.12190583
v 0.34840196 0.20958815 0.08219792
v 0.34651084 0.34872817 0.05103186
v 0.35161422 -0.95933953 -0.08685216
v 0.34757590 0.19619063 -0.10046389
v 0.36264337 0.38123897 0.05613561
v 0.35299639 0.38509095 -0.05139770
v 0.34501666 0.36885000 0.01020233
v 0.35597526 -0.95895627 0.11662082
v 0.35224934 -0.94310221 0.04395979
v 0.35817013 0.15678718 0.00401038
v 0.35459271 0.22579391 -0.13700496
v 0.35561062 0.24065304 0.10872757
v 0.34999275 0.38559633 -0.01686252
v 0.35405560 -0.95146780 0.05879144
v 0.36250953 -0.97532823 -0.16085509
v 0.35863476 -0.96321787 -0.05690100
v 0.37504643 -0.96731537 0.00528226
v 0.35540129 -0.95002154 -0.15729030
v 0.35386006 -0.95897752 0.03205244
v 0.35361591 -0.94208135 -0.06830257
v 0.35565885 -0.94543464 -0.10061866
v 0.35668358 -0.92754727 -0.08414050
v 0.35971869 -0.93258738 0.02480671
v 0.36393707 0.15332019 -0.05503713
v 0.36134521 0.21092547 0.10064543
v 0.36044565 0.35177746 0.07580708
v 0.35620735 0.38878993 0.03013305
v 0.36529665 -0.97254948 -0.14416674
v 0.35779408 -0.97505422 -0.08279993
v 0.36712442 -0.98034105 0.03018954
v 0.36388945 -0.96378987 0.07115531
v 0.36768389 -0.97491439 -0.17892249
v 0.35998664 -0.96386908 0.10910662
v 0.35661110 -0.93989839 0.13896577
v 0.36232404 -0.94712513 -0.18398660
v 0.36768356 -0.92105810 0.07003244
v 0.35918695 -0.93199789 0.11334880
v 0.36282592 -0.92097594 -0.09386873
v 0.36085430 -0.92038861 0.04745799
v 0.36923223 0.16385517 0.06008266
v 0.35520273 0.28439260 -0.14758770
v 0.34824698 0.26885288 0.10236205
v 0.36114277 0.34592465 -0.11706110
v 0.36163197 0.36980063 -0.09544834
v 0.36350238 -0.97738519 0.05468512
v 0.36866482 -0.97548655 0.10633628
v 0.37421125 -0.94695302 0.08657979
v 0.36335113 -0.96518308 0.14829204
v 0.36251728 -0.94419601 0.01493465
v 0.36329141 -0.94865679 0.09976240
v 0.36094913 -0.93699625 -0.14167430
v 0.36662664 -0.31256508 -0.03714025
v 0.37169818 0.35717137 0.08199888
v 0.36648363 0.38913872 -0.13933495
v 0.36721683 0.38724187 0.11003858
v 0.37048476 0.41787119 0.05208842
v 0.37757269 -0.97724102 -0.04905144
v 0.36427397 -0.96788100 -0.10725167
v 0.37572101 -0.96235587 -0.19671224
v 0.37223771 -0.94560191 -0.11864403
v 0.36469789 -0.93386605 0.07387818
v 0.37592105 -0.92439089 0.01073316
v 0.36652027 -0.92631885 -0.17954450
v 0.36320711 -0.92275761 -0.15931106
v 0.37352105 -0.91021060 0.13118638
v 0.38351499 -0.90208497 -0.09575964
v 0.36666200 -0.91749834 -0.06612895
v 0.37097062 -0.91001782 0.05392219
v 0.36666415 -0.30777201 0.00483750
v 0.37665453 -0.30741307 -0.08418023
v 0.37052403 -0.29148943 -0.06627869
v 0.37471658 -0.28511248 0.04012136
v 0.36518997 -0.26148734 -0.02126611
v 0.36992782 -0.24082363 -0.05184668
v 0.37271727 -0.20441725 -0.00922446
v 0.37879199 0.22027468 0.13000642
v 0.36569228 0.25595628 -0.16302983
v 0.37918376 0.27428396 0.14391830
v 0.37552865 0.32941310 -0.15820093
v 0.37612827 0.33509954 0.11772109
v 0.37260605 0.36057514 0.08278467
v 0.37376092 0.35180439 -0.12344906
v 0.37197797 0.36638350 0.07621150
v 0.37214386 0.37336056 0.06979455
v 0.36756970 0.37500351 0.09008179
v 0.36607636 0.37857122 -0.12237369
v 0.37331805 0.37934635 -0.09936365
v 0.37814870 0.37918911 0.13381695
v 0.37092654 0.41706973 -0.12854391
v 0.37488263 0.42298321 0.08326878
v 0.37898298 0.41287104 -0.09497479
v 0.36335853 0.39405394 -0.08447810
v 0.36631432 0.42534850 0.02624976
v 0.36908411 0.44569826 -0.03414716
v 0.37703229 0.46230620 -0.00210569
v 0.36926091 -0.98212131 0.12952316
v 0.37869768 -0.96341461 0.08670420
v 0.38200892 -0.94383277 0.16755908
v 0.38075013 -0.93656282 -0.19935397
v 0.37852955 -0.93123794 0.08669617
v 0.37600317 -0.93468737 -0.11929987
v 0.36722347 -0.92005180 0.10862373
v 0.38920101 -0.89737226 -0.07421660
v 0.37339557 -0.36113789 -0.01614003
v 0.37451042 -0.34741097 -0.05717255
v 0.37872785 -0.18021457 -0.00585303
v 0.37507888 0.35247582 0.09466877
v 0.37610572 0.40237768 0.05990032
v 0.36856591 0.39645046 0.07679545
v 0.37590970 0.41858413 -0.15339412
v 0.37037398 0.42459858 -0.08285192
v 0.38866356 -0.98904352 -0.14131462
v 0.39197738 -0.99095952 0.10510510
v 0.37572968 -0.98221834 -0.10435973
v 0.38264465 -0.97687392 0.15732697
v 0.38264036 -0.96909049 -0.12211386
v 0.37362344 -0.95006671 -0.12470057
v 0.38714399 -0.94673727 -0.00504407
v 0.37599120 -0.91675851 -0.10757697
v 0.39314564 -0.89533331 0.03897453
v 0.39241443 -0.89843247 0.11000559
v 0.38053047 -0.37659487 0.01554161
v 0.38765168 -0.26528715 0.07112714
v 0.37891257 -0.24781317 -0.08619378
v 0.36861762 -0.25899880 0.01490924
v 0.38660224 -0.20321049 -0.08743244
v 0.38610881 0.12934516 -0.02311433
v 0.37528232 0.20874987 -0.15709668
v 0.38045626 0.29262890 0.14386470
v 0.37969737 0.34371397 -0.14203513
v 0.37273297 0.36323779 0.11473161
v 0.37305448 0.36624802 -0.15317589
v 0.38250346 0.43763518 0.09613515
v 0.36695688 0.43639161 0.00726376
v 0.38807840 -0.99273198 -0.16090613
v 0.37622837 -0.98804109 0.12992975
v 0.39174441 -0.91341230 -0.19323774
v 0.39298632 -0.90105376 0.06899541
v 0.38399526 -0.90268408 -0.16465089
v 0.39228549 -0.41566559 -0.01723984
v 0.39301332 -0.29999867 0.08255933
v 0.37258842 0.16103157 -0.09812076
v 0.38019127 0.34515395 0.10991838
v 0.37332027 -0.98854404 -0.07899082
v 0.37919762 -0.98750919 0.06364208
v 0.38982559 -0.97566287 0.08619086
v 0.38280436 -0.92401244 -0.12054691
v 0.38196758 -0.90646088 -0.14209903
v 0.39248731 -0.91443946 0.08552365
v 0.37780461 -0.90804765 0.02900452
v 0.37087618 0.18641796 -0.13094431
v 0.39530392 0.24751457 0.15746953
v 0.40106157 0.29928624 -0.20261231
v 0.38152802 0.39174542 -0.17225105
v 0.37345179 0.41585746 0.11101587
v 0.38970853 0.43697164 -0.10260677
v 0.38292209 0.42381871 0.06309402
v 0.39922430 0.45001865 -0.14442385
v 0.38208369 0.44610941 0.06109892
v 0.38646685 -0.98577609 0.01577524
v 0.39663107 -0.99537703 0.12110830
v 0.36960317 -0.93693338 -0.04334273
v 0.38841274 -0.92886977 -0.03420030
v 0.38771974 -0.39445667 -0.05731985
v 0.38834373 -0.36691924 -0.08861783
v 0.38083030 -0.33059485 0.05129919
v 0.38674500 -0.24078277 0.06569608
v 0.38372722 -0.21098061 0.04576129
v 0.39854774 0.14935210 -0.12378022
v 0.38514414 0.36301834 -0.17033486
v 0.39352799 0.38597853 0.14835724
v 0.38606648 0.45415083 -0.09991883
v 0.38828800 0.47009487 0.04272650
v 0.40072570 -0.98171180 0.08596856
v 0.40081940 -0.98795053 0.15272559
v 0.41035521 -0.97366949 -0.00429002
v 0.38701730 -0.95288183 -0.03235690
v 0.38868370 -0.90765168 -0.05141889
v 0.39059056 -0.32207598 -0.11204359
v 0.39080796 -0.25476607 -0.11470952
v 0.39829629 -0.15233178 -0.08300050
v 0.38407556 -0.16315457 -0.04282738
v 0.38733866 0.17378530 0.10421641
v 0.39382777 0.34630151 -0.16861319
v 0.40113617 0.38829967 -0.18830054
v 0.39330886 0.43686500 0.12588350
v 0.39110605 0.40860341 0.14379447
v 0.39393394 0.44505085 0.07435467
v 0.37908923 -0.99154798 0.04393764
v 0.39261857 -0.97523179 -0.19831589
v 0.41420914 -0.90734888 0.00553357
v 0.38216809 -0.91292087 0.15036447
v 0.40103433 -0.89780386 -0.17630136
v 0.41524593 -0.88926053 -0.06765575
v 0.39946591 -0.39851423 -0.09025545
v 0.40106134 -0.10367777 -0.02391052
v 0.39496716 0.12729135 0.03024876
v 0.40066648 0.12099040 -0.05138125
v 0.40825611 0.29039310 0.17319117
v 0.39866211 0.34179646 -0.18885515
v 0.39931479 0.34415672 0.15392752
v 0.40035546 0.35219175 0.14163060
v 0.39997752 0.44516402 0.12153584
v 0.39447227 0.49039314 0.01427681
v 0.38963428 -0.98998582 -0.17571121
v 0.40250092 -0.89523661 0.13451751
v 0.39037150 -0.38043774 0.04607126
v 0.40609867 -0.33257152 -0.13486108
v 0.39945704 -0.19190236 0.07219737
v 0.40869669 0.35385399 -0.19744414
v 0.39828965 0.45060621 -0.11441255
v 0.40133680 0.47011335 -0.12022412
v 0.40882670 0.48720787 -0.11097964
v 0.38820791 0.48188587 -0.04928869
v 0.41309390 0.51828892 -0.02500617
v 0.40729694 -0.99593093 0.06011725
v 0.39892429 -0.98018862 -0.12129917
v 0.40014224 -0.41079229 0.04024239
v 0.41010590 -0.37672641 0.08758539
v 0.39889341 -0.37147406 -0.10841451
v 0.41029342 -0.24909629 0.10465827
v 0.39119589 -0.16764141 0.03838504
v 0.39814857 0.13504201 -0.09382448
v 0.40005867 0.16978512 -0.15141045
v 0.39305077 0.25340063 -0.19206830
v 0.41245844 0.36841475 0.15332392
v 0.40822688 0.45890147 0.09509721
v 0.40995574 0.45998196 -0.13125340
v 0.42484559 -0.97276916 -0.00504235
v 0.41723402 -0.97117752 -0.20514385
v 0.39767118 -0.94847923 -0.20786199
v 0.41196026 -0.93229180 -0.20807335
v 0.42675559 -0.89565206 0.08423785
v 0.40693220 -0.43738363 0.00644500
v 0.41258717 -0.39256717 -0.12003582
v 0.41222770 -0.24426801 -0.14405071
v 0.40967713 -0.18485274 -0.12412263
v 0.41771079 0.26343814 0.17894009
v 0.40516979 0.35568170 -0.18178966
v 0.40705257 0.47223010 0.09502059
v 0.41339226 -0.98406115 -0.12079932
v 0.40745406 -0.92011918 -0.00129519
v 0.42371438 -0.89691360 -0.11915084
v 0.42224933 -0.89571510 -0.05056941
v 0.41112745 -0.89217496 -0.14314426
v 0.41378744 -0.88937314 -0.09230522
v 0.42173533 -0.88793590 0.11915269
v 0.40816831 -0.44174639 -0.03860292
v 0.40820541 -0.42488559 -0.08006435
v 0.40594857 -0.33402974 0.09653204
v 0.41631294 -0.28987617 0.11438226
v 0.40182200 -0.28424492 -0.13488759
v 0.41344593 -0.20048872 0.09724686
v 0.42127584 -0.13170357 -0.11434597
v 0.41831004 -0.11438752 0.06082266
v 0.39868460 -0.12205549 0.01563839
v 0.40337845 0.20477561 -0.18427003
v 0.42553455 0.33057356 -0.22026639
v 0.41624568 0.37196402 -0.19062524
v 0.40584719 0.40464234 0.15296645
v 0.41071862 0.42618736 0.14554627
v 0.40014519 0.43013602 -0.17458411
v 0.42330005 0.43151584 -0.17863301
v 0.40073768 -0.99637438 -0.07438558
v 0.42613186 -0.90399502 0.15830330
v 0.42238519 -0.44266495 0.04676859
v 0.43384250 0.10699758 -0.07841023
v 0.41414546 0.18009771 0.13893687
v 0.42278392 0.40247500 0.15571549
v 0.41275595 0.50748402 -0.07847218
v 0.43331561 -0.98393105 -0.04292142
v 0.42715998 -0.98353625 0.00448120
v 0.42471301 -0.93084538 -0.02730767
v 0.41625749 -0.91298515 -0.03442211
v 0.44004926 -0.88726068 0.07329897
v 0.43690256 -0.46844106 0.02539218
v 0.41941563 -0.05151664 -0.00933789
v 0.42205212 -0.06717553 0.03096930
v 0.41761831 0.36949913 0.16794851
v 0.42685683 0.40096698 0.15944890
v 0.42335253 0.40710296 -0.18972061
v 0.42691758 0.43264256 0.14447062
v 0.42184323 0.45378410 -0.15648057
v 0.44030861 0.51084838 0.09799187
v 0.41919777 0.52226009 0.01563724
v 0.42291464 -0.99618522 0.13869298
v 0.40429314 -0.99376171 -0.10180652
v 0.40547257 -0.97378547 -0.03557981
v 0.41024290 -0.95476671 -0.02751770
v 0.42411358 -0.89138548 0.13867585
v 0.42700872 -0.89096703 -0.17301873
v 0.42581193 -0.46423282 -0.03062449
v 0.43651804 -0.28937261 0.13378536
v 0.42689879 -0.23725219 0.12091455
v 0.43693016 -0.00796061 -0.02316074
v 0.40725136 0.14015658 0.08316306
v 0.41101558 0.15485956 0.10961729
v 0.42591102 0.38537153 -0.20689405
v 0.42137351 0.37963268 -0.19484202
v 0.42649428 0.44831134 -0.17001778
v 0.42337922 0.44997720 0.12851915
v 0.42185257 0.46979335 -0.15710215
v 0.42736404 0.53009857 -0.04862225
v 0.47744457 -1.00083260 -0.13900877
v 0.43752745 -0.97934402 0.16368928
v 0.43745678 -0.95256119 -0.02634809
v 0.43022307 -0.89154712 0.02329763
v 0.41465845 -0.88803313 0.04838027
v 0.41915641 -0.34873224 -0.14687503
v 0.43119633 -0.34976321 0.12232778
v 0.42709373 -0.31491730 -0.16137951
v 0.44370492 -0.18804270 -0.16197991
v 0.42913442 -0.18633607 0.11054231
v 0.42561437 0.10470734 0.00311936
v 0.42299929 0.16877710 -0.17294029
v 0.42533965 0.21634929 0.16996817
v 0.41926428 0.27127753 -0.21709387
v 0.41794319 0.32277896 0.17887580
v 0.42839409 0.41838048 -0.18899164
v 0.43068004 0.44664887 -0.18629585
v 0.40906639 -0.92340875 0.16972668
v 0.46912256 -0.87922926 -0.10252397
v 0.45159482 -0.31017910 0.14495213
v 0.44273496 -0.13104308 -0.14063312
v 0.41899766 -0.06692162 -0.05780577
v 0.43623401 0.10943807 0.05282906
v 0.42348842 0.23086166 -0.21092771
v 0.43081511 0.44288213 0.15192305
v 0.42411323 0.46654992 0.12755414
v 0.42857257 0.51535732 0.07014070
v 0.45826978 -0.99683011 -0.10945139
v 0.43267725 -0.98792245 0.08461569
v 0.42381421 -0.45222687 -0.06982459
v 0.42692486 -0.41645331 0.08596600
v 0.43731114 -0.39487767 -0.14979669
v 0.44750550 -0.36555631 -0.16992803
v 0.45082803 -0.31882172 -0.18131733
v 0.45083462 0.01308546 0.01667919
v 0.42979756 0.14779205 -0.15616275
v 0.43953112 0.19477926 -0.20461955
v 0.45677780 0.39581135 -0.22901767
v 0.43135007 0.42509700 -0.19825134
v 0.40728377 -0.99014087 -0.05055933
v 0.49664944 -0.91058982 0.16170291
v 0.43777880 -0.26480754 -0.17221832
v 0.45205720 -0.19635959 0.13313953
v 0.41964557 -0.15484908 0.08633747
v 0.44078562 -0.09708659 0.08395029
v 0.43937009 -0.04697588 0.05187278
v 0.42958421 0.13137212 -0.13210301
v 0.43392566 0.51201241 -0.12070786
v 0.45585731 0.53257649 -0.11711154
v 0.45790936 0.55545159 -0.02600478
v 0.41147123 -0.99626256 0.03043347
v 0.41213769 -0.96774136 0.17104137
v 0.42327345 -0.94498123 0.17551350
v 0.42869188 -0.89923723 -0.18855073
v 0.47839973 -0.88911617 0.13841420
v 0.43769703 -0.44785050 -0.10650255
v 0.45814815 -0.06626011 -0.12472824
v 0.44137875 -0.06548194 0.06717543
v 0.43246822 -0.07054741 -0.09390099
v 0.45067693 0.01392233 -0.04650740
v 0.45364943 0.29027381 0.20434130
v 0.43696721 0.30898802 0.19475165
v 0.44205703 0.34523535 0.19393854
v 0.44638177 0.54734989 -0.00323354
v 0.43326342 -0.99886556 0.11598249
v 0.48540602 -0.93315885 0.17123886
v 0.42613345 -0.92092617 -0.20498746
v 0.48768479 -0.90603127 0.00478671
v 0.46443927 -0.88347174 -0.07549936
v 0.45605901 -0.47603758 -0.08402089
v 0.45301989 -0.47003139 0.05527531
v 0.45052778 -0.43441311 0.09797832
v 0.45305053 0.26304059 -0.23680822
v 0.45905817 0.47638043 0.15276094
v 0.44300139 0.50652099 -0.14372641
v 0.43831767 0.53422951 -0.07706179
v 0.41725893 -0.99530001 -0.17441047
v 0.43974893 -0.98975718 -0.12108545
v 0.47430132 -0.49476664 -0.05589837
v 0.44366788 -0.42653871 -0.13561246
v 0.44505776 -0.22504594 -0.17264479
v 0.46038735 0.09303558 0.02636724
v 0.46681032 0.11733002 -0.14054450
v 0.46112094 0.15073874 -0.18214565
v 0.43903956 0.17177325 0.15065839
v 0.44870915 0.30759249 -0.23862056
v 0.44148954 -0.99790960 -0.07885088
v 0.46102743 -0.99482306 -0.17496587
v 0.46079712 -0.95854783 0.17174626
v 0.49692389 -0.92878866 -0.03002971
v 0.47105317 -0.88018250 -0.14787667
v 0.45536090 -0.41995984 0.28058764
v 0.45814017 -0.40657030 -0.34804641
v 0.45829756 -0.41930909 0.30912430
v 0.45477128 -0.40585487 -0.32058640
v 0.45848834 -0.41698687 -0.30267930
v 0.45563397 -0.39713318 0.28923956
v 0.45786558 -0.35083992 0.14452030
v 0.45838379 -0.07024192 0.09020746
v 0.45072148 -0.00656355 -0.07530438
v 0.45129981 0.10700744 -0.10469303
v 0.44779718 0.35839763 -0.23227035
v 0.46026548 0.49807679 0.13362794
v 0.46467046 0.55093211 0.04573951
v 0.46308266 -0.99888744 0.05378593
v 0.45015936 -0.97239610 -0.03430539
v 0.49864979 -0.97097556 0.00093120
v 0.44164157 -0.95937681 -0.00930732
v 0.46022456 -0.88310853 -0.12647757
v 0.46812014 -0.87910955 0.07235139
v 0.46372337 -0.42403204 0.26450175
v 0.46042155 -0.39139889 0.31532858
v 0.46060559 -0.38802031 -0.34661994
v 0.44572242 -0.06126184 -0.10776831
v 0.46387042 -0.00877364 0.06176404
v 0.45877519 0.24835310 0.20054057
v 0.43316527 0.41697231 0.16722231
v 0.46423511 0.44220512 0.17749526
v 0.46894934 -0.99762674 0.09151319
v 0.47735525 -0.88262423 -0.16345250
v 0.46492786 -0.88026726 0.09617208
v 0.48062978 -0.45226439 -0.14456073
v 0.47701930 -0.43002401 -0.16061675
v 0.46154466 -0.42832290 -0.34135079
v 0.45793326 -0.42635015 -0.31297370
v 0.48576233 -0.39655280 -0.18362409
v 0.45290483 -0.40312408 0.12261466
v 0.46872940 -0.36755290 0.28496451
v 0.47302307 -0.36382883 0.30457825
v 0.45352972 -0.25475649 0.14462386
v 0.45675291 -0.00045041 0.04521273
v 0.46140482 0.03997031 -0.02110876
v 0.44965049 0.14525624 0.13102248
v 0.47271131 0.44432811 -0.21929959
v 0.45512351 0.48461624 -0.18012646
v 0.47450093 0.54254083 0.08386929
v 0.42669253 -0.92850969 -0.00739950
v 0.45312011 -0.48670991 -0.01116868
v 0.47794908 -0.42898549 -0.29232098
v 0.46351320 -0.39223203 -0.29597274
v 0.46264626 -0.39101504 0.26188987
v 0.46620286 -0.37059581 -0.31991178
v 0.44864890 0.12423325 0.10068009
v 0.46051095 0.39131888 0.19549033
v 0.47770081 0.55730755 -0.08549373
v 0.50889455 -0.97747592 0.15765588
v 0.42377076 -0.98456452 -0.19451162
v 0.43836774 -0.94714247 -0.21056005
v 0.48966800 -0.87922902 0.12318804
v 0.47693268 -0.87781515 0.05232261
v 0.48171132 -0.46560835 0.09369131
v 0.48500216 -0.44191268 -0.33910857
v 0.47449616 -0.43925958 0.30029514
v 0.48568606 -0.43921803 -0.30388984
v 0.47164070 -0.40277836 0.24944074
v 0.47896954 -0.36758411 0.25085812
v 0.48022971 -0.35093004 -0.31333296
v 0.45472425 -0.12956281 0.11296509
v 0.48327499 -0.07994323 0.11394803
v 0.46937378 0.19547857 0.18449981
v 0.48690901 0.28403598 -0.25428392
v 0.48556167 0.34650510 -0.25382661
v 0.48685259 0.41926142 -0.23629749
v 0.51119581 -0.98530719 -0.18548456
v 0.48717156 -0.50341812 -0.03450847
v 0.46838522 -0.42058724 0.32269960
v 0.47317807 0.01163264 -0.09417731
v 0.47365510 0.04914446 0.02344573
v 0.48392198 0.07568021 -0.00289309
v 0.48269909 0.08303825 -0.03919230
v 0.44106355 0.09688984 -0.03128095
v 0.48222734 0.08282018 0.00008431
v 0.49388138 0.09735995 -0.11698124
v 0.48725169 0.13165909 -0.17297738
v 0.45699281 0.17895241 -0.20347952
v 0.46874474 0.33631583 0.21055053
v 0.49726118 -1.00022614 -0.09941580
v 0.47965286 -1.00074552 0.10760247
v 0.52925589 -0.94611102 -0.00430398
v 0.42845469 -0.94679654 -0.01128559
v 0.49485329 -0.90750398 -0.03979888
v 0.46119009 -0.89963975 -0.19075287
v 0.48816170 -0.86712587 0.07368948
v 0.48451868 -0.50121239 0.01345400
v 0.47390727 -0.46459153 -0.12427633
v 0.48445167 -0.43690596 0.26565648
v 0.47578789 -0.42041787 -0.36201260
v 0.48384012 -0.41959298 0.24901357
v 0.47232707 -0.39374182 0.33274032
v 0.48434478 -0.37280132 0.15442460
v 0.48098292 -0.34460732 -0.19563024
v 0.49978768 0.02577231 -0.11076458
v 0.48411034 0.07838823 -0.02022140
v 0.46950710 0.09059610 -0.06468889
v 0.47320839 0.16257821 0.16188020
v 0.46969587 0.23629933 -0.23802352
v 0.48527347 0.31509945 0.21917364
v 0.47504850 0.56107866 0.02570365
v 0.47783869 -0.99834271 0.07130143
v 0.48976723 -0.87131781 -0.13562654
v 0.48896228 -0.88287239 0.02792896
v 0.49893363 -0.49880094 0.05014719
v 0.48208354 -0.44268639 -0.31684528
v 0.47160788 -0.39799000 -0.36471603
v 0.48491950 0.07618621 -0.03590310
v 0.47620720 0.10010863 0.07311186
v 0.50829662 0.22023713 -0.24473910
v 0.49557558 0.44232350 0.19399671
v 0.49058457 -0.99973896 -0.12277138
v 0.48318467 -0.44361757 0.27976191
v 0.48905252 -0.44106466 0.30634609
v 0.49696537 -0.43809307 -0.34570144
v 0.49605732 -0.42369444 0.32836327
v 0.47443399 -0.40459038 -0.28133164
v 0.47552686 -0.37158425 0.32176351
v 0.47029950 -0.37867301 -0.35808710
v 0.48470760 -0.25748264 -0.19959195
v 0.47812748 -0.21238339 0.15324671
v 0.48190286 0.02696681 0.05872350
v 0.49296331 0.07500180 -0.05900837
v 0.49545187 0.08356484 -0.06781042
v 0.49828074 0.15409010 -0.20078815
v 0.48573184 0.27588007 0.21701659
v 0.50203039 0.47623644 -0.21440156
v 0.49484908 0.54836931 -0.13038385
v 0.46592256 -0.99823051 0.12858434
v 0.41972830 -0.99110057 0.01431783
v 0.45776907 -0.99291226 -0.05745191
v 0.51216971 -0.96288269 -0.03453058
v 0.49980768 -0.95228930 -0.20476230
v 0.50618348 -0.88359503 -0.05699363
v 0.48877035 -0.87644911 -0.07898828
v 0.49513628 -0.85885707 -0.11110394
v 0.50097255 -0.49969745 -0.08558182
v 0.49418789 -0.48502939 0.07706635
v 0.48592790 -0.44510885 0.11807108
v 0.48630726 -0.38712377 0.33581145
v 0.48577826 -0.36863658 -0.27996727
v 0.47997721 -0.31902707 0.16084748
v 0.48717978 -0.28020815 0.16535915
v 0.49358385 0.07726902 0.02511051
v 0.49254419 0.08456906 0.03173241
v 0.48747631 0.11751073 0.11593224
v 0.49843781 0.14537943 0.15593579
v 0.48313301 0.20366426 -0.23016341
v 0.49482078 0.46698461 0.18061226
v 0.47806929 0.51183138 -0.17171470
v 0.45354263 -0.99137375 0.14776888
v 0.48141557 -0.89105107 -0.05612967
v 0.48900468 -0.87258032 0.10653727
v 0.49264733 -0.38118224 0.23897736
v 0.50703489 -0.35005587 -0.35738618
v 0.48785965 -0.34740610 -0.34389911
v 0.51078506 -0.31340836 -0.31678142
v 0.48658124 -0.29068172 -0.20313758
v 0.48561584 -0.19422260 -0.18928084
v 0.48365832 -0.15711193 0.14206025
v 0.51540797 -0.05103020 0.11830191
v 0.47714085 0.05285370 -0.05921189
v 0.51322140 0.18449629 -0.22831819
v 0.53063991 0.30533916 -0.26654767
v 0.49096750 -0.86884941 -0.09498348
v 0.50146285 -0.86253454 0.04818405
v 0.50074198 -0.86041212 -0.14060136
v 0.49822196 -0.85891977 0.09896524
v 0.49929313 -0.84528389 0.07728189
v 0.50256992 -0.84499798 0.05689068
v 0.50092108 -0.82167448 -0.11143904
v 0.50147021 -0.51830727 0.07569004
v 0.49494574 -0.48667610 -0.11040359
v 0.50561494 -0.52572941 0.09194779
v 0.50004611 -0.47874094 -0.12928938
v 0.50947742 -0.43976668 0.29181924
v 0.50999976 -0.43529417 0.27429739
v 0.50255117 -0.41845990 0.25166966
v 0.49305222 -0.41030576 0.33567309
v 0.50356033 -0.38070080 -0.27100760
v 0.51847108 -0.36400153 -0.26314322
v 0.51476992 -0.31013901 0.28384869
v 0.47870364 -0.36182248 -0.29350877
v 0.51816458 0.08543225 -0.09298878
v 0.52571745 0.12556128 0.13989749
v 0.50579258 0.34353248 0.22404061
v 0.48509330 0.39364193 0.20787710
v 0.51469870 0.50479887 -0.19740144
v 0.50321117 0.49765038 0.16197381
v 0.52166539 0.53653885 -0.16640344
v 0.53410170 -0.91985043 0.16594304
v 0.50506649 -0.88499319 -0.17562082
v 0.51338851 -0.87824586 0.13709399
v 0.50382872 -0.86030838 0.11029204
v 0.50077527 -0.83816449 -0.12738922
v 0.50554244 -0.81636849 -0.09173140
v 0.50222546 -0.77657182 0.07349194
v 0.50588390 -0.71848353 -0.09965535
v 0.50379736 -0.74271964 -0.11621424
v 0.50421338 -0.70653031 0.07469519
v 0.50442349 -0.70268809 -0.11588673
v 0.50451583 -0.61752168 0.08802307
v 0.50414806 -0.57391192 -0.10544840
v 0.50568455 -0.55626615 0.06199176
v 0.50402084 -0.57354472 0.06721762
v 0.50371886 -0.53264036 -0.10016673
v 0.50364298 -0.52035281 -0.12322202
v 0.50149772 -0.51245738 0.05841680
v 0.50750852 -0.46888599 0.10903371
v 0.49837398 -0.42466260 0.13983844
v 0.49966963 -0.40802431 -0.36757251
v 0.51146474 -0.39618861 -0.27718604
v 0.50023616 -0.35154574 0.32034366
v 0.51539021 -0.31937242 0.23960543
v 0.50607731 -0.31900716 0.26535857
v 0.48252692 -0.09040393 -0.15371291
v 0.48826907 -0.02193273 0.09201410
v 0.50732367 0.03961499 0.07218694
v 0.50542231 0.07554405 -0.07710237
v 0.52395089 0.29391730 0.22947578
v 0.48494794 0.56790596 -0.04605372
v 0.53369080 -0.95286407 -0.00293857
v 0.51989548 -0.90843223 -0.19748053
v 0.50520785 -0.80022848 0.05624209
v 0.50974542 -0.79683191 -0.08363122
v 0.50213464 -0.83993589 0.09570903
v 0.50649727 -0.77374279 -0.13485401
v 0.50624012 -0.71782387 -0.12807918
v 0.50813521 -0.70402869 0.05593490
v 0.50618703 -0.71486630 0.09208917
v 0.51103678 -0.72047942 -0.08528465
v 0.50789146 -0.57176223 -0.09035857
v 0.50634287 -0.62662417 -0.12888768
v 0.50503616 -0.55884697 -0.12152285
v 0.51567816 -0.54429157 0.03790404
v 0.51040301 -0.52405575 -0.07782687
v 0.50946183 -0.50684589 0.03644848
v 0.51256694 -0.52550253 0.10558476
v 0.50866256 -0.46805599 -0.14714625
v 0.51761108 -0.42707024 -0.30386501
v 0.51079342 -0.42801109 -0.35495585
v 0.49788476 -0.42128200 -0.28650652
v 0.52066373 -0.35253245 0.32513348
v 0.51006898 -0.31707605 -0.29142827
v 0.52421036 -0.34143075 -0.21215605
v 0.51899465 0.03821048 -0.11501850
v 0.49505963 0.57378960 -0.01238013
v 0.50667575 -0.98202873 0.01047268
v 0.52287501 -0.85283320 0.02683595
v 0.51331395 -0.86575596 -0.06721857
v 0.51176903 -0.84395139 -0.15222944
v 0.51995981 -0.71977043 -0.15433962
v 0.51419387 -0.82151329 0.03898947
v 0.51324106 -0.75347544 -0.14697093
v 0.50519803 -0.75390221 0.09435208
v 0.51414864 -0.67543423 0.10915674
v 0.51405308 -0.65860586 -0.14578071
v 0.51129410 -0.60565507 0.04622983
v 0.51329630 -0.57849493 0.04356102
v 0.52254736 -0.46154466 0.12384779
v 0.50989004 -0.43905571 -0.34011551
v 0.51082551 -0.43706836 0.30982391
v 0.51540730 -0.43763149 0.27734082
v 0.51803813 -0.42145731 0.26341205
v 0.51604584 -0.40832855 -0.36257311
v 0.50134914 -0.38599156 -0.36771053
v 0.51526263 -0.33972559 0.23115493
v 0.50729367 -0.33642172 -0.27655870
v 0.49965353 -0.33960982 0.30950883
v 0.51666153 -0.29350614 0.25606021
v 0.52842693 -0.29076832 -0.21710112
v 0.53649430 -0.01552182 0.11324656
v 0.52371057 0.07855946 -0.09244896
v 0.51370402 0.07862822 0.04873210
v 0.52182728 0.12636695 -0.17708006
v 0.53729533 0.34490402 -0.26605169
v 0.50445879 0.55070301 0.09684587
v 0.49949983 0.56746675 0.04536224
v 0.50741830 0.56879023 -0.08709391
v 0.52295902 -0.99131794 -0.06219865
v 0.50600267 -0.92958782 -0.00434546
v 0.51508162 -0.87728494 0.02163958
v 0.52014159 -0.89169073 -0.04639800
v 0.50993498 -0.84486198 -0.07868998
v 0.51252383 -0.82344112 0.11586582
v 0.51703848 -0.73840951 0.11617494
v 0.52166122 -0.63750941 0.03297462
v 0.51660462 -0.55181657 -0.07389169
v 0.51182779 -0.52872767 -0.13986653
v 0.52084899 -0.53671764 -0.15103271
v 0.51858273 -0.53639547 0.11359601
v 0.51188644 -0.50786792 -0.06635575
v 0.52486817 -0.51320300 0.02114977
v 0.51567540 -0.45704922 -0.35756257
v 0.52033518 -0.46993734 -0.32740383
v 0.51988342 -0.46230911 -0.31653568
v 0.51473770 -0.45369382 0.29673443
v 0.51652198 -0.45719011 0.32438181
v 0.51235796 -0.42842389 0.31936388
v 0.51739872 -0.41074563 0.32788094
v 0.52598916 -0.38085214 0.23267189
v 0.51074961 -0.33599247 0.17179270
v 0.51524790 -0.30163899 -0.29541646
v 0.53150710 -0.30156560 0.17993201
v 0.51700931 -0.24165511 -0.20996181
v 0.51386520 -0.19539839 0.16393161
v 0.51086883 -0.14612177 -0.18589452
v 0.51045932 -0.11788726 0.14079430
v 0.51455781 0.11109571 -0.15336369
v 0.52226050 0.40582317 0.21632505
v 0.52360330 0.57329937 -0.08718239
v 0.48428865 -0.93358063 -0.20657030
v 0.52192310 -0.90880128 0.00248886
v 0.53782254 -0.89343567 -0.19099502
v 0.52777926 -0.61557903 -0.16011728
v 0.52659331 -0.62705532 -0.06479511
v 0.53619516 -0.45726349 0.13198714
v 0.52075538 -0.44504593 0.34237472
v 0.51172088 -0.43799913 -0.31887402
v 0.53990648 -0.43033579 0.14997933
v 0.52122878 -0.42573113 0.26447106
v 0.51264754 -0.40743550 0.15427723
v 0.51850522 -0.31122704 -0.27418448
v 0.52442762 -0.27881292 0.26931816
v 0.53023804 0.09573221 0.08786043
v 0.49764835 0.53259530 0.12186205
v 0.51126142 -0.99817295 0.04410628
v 0.53963523 -0.99497399 0.03456597
v 0.48888729 -0.97078331 -0.03709230
v 0.56526984 -0.95181800 0.16321172
v 0.53012028 -0.91324638 -0.03439559
v 0.50939554 -0.87188224 -0.16290894
v 0.51550016 -0.85647713 -0.15969129
v 0.52254916 -0.85591156 0.13079921
v 0.53414607 -0.79239320 0.13585760
v 0.51683046 -0.72838325 -0.07574838
v 0.51810096 -0.71313318 0.03686082
v 0.52461745 -0.60873054 0.12112152
v 0.52962553 -0.54324277 -0.06066615
v 0.52616433 -0.51252129 -0.05572283
v 0.52324590 -0.47031518 -0.36178236
v 0.52326055 -0.46573445 0.27643560
v 0.52532608 -0.47850273 0.30461766
v 0.53304458 -0.46869113 0.34516518
v 0.52347199 -0.43274734 -0.18088262
v 0.51873615 -0.43897402 -0.37598914
v 0.52410548 -0.40569997 0.25376241
v 0.52390032 -0.38360437 0.32567614
v 0.52753455 -0.37714228 -0.36159212
v 0.52439812 -0.36026428 0.22578099
v 0.52993451 -0.24240671 -0.25055090
v 0.51927818 -0.28244798 -0.29172966
v 0.52653617 -0.19009568 -0.20195423
v 0.51169172 -0.03363391 -0.14518162
v 0.52544064 0.08552639 0.06065358
v 0.52378665 0.25448628 -0.25870676
v 0.54187744 0.34784494 0.23057678
v 0.53223823 0.56591323 -0.11647237
v 0.50671903 0.57622283 -0.04399947
v 0.55406841 -0.87506863 -0.04181408
v 0.53705265 -0.65964469 0.13106586
v 0.53268495 -0.55518495 0.02417122
v 0.52932157 -0.52548581 -0.15836048
v 0.51901828 -0.51358021 -0.01540034
v 0.53433231 -0.48396242 -0.34405649
v 0.53807191 -0.48249635 0.27788488
v 0.52185791 -0.46976759 0.32510335
v 0.52917720 -0.46905131 -0.30697880
v 0.52653673 -0.42334074 -0.38393020
v 0.52464037 -0.40545006 -0.28805650
v 0.54054116 -0.37275677 0.33602403
v 0.52353902 -0.30692637 0.29431462
v 0.52522709 -0.25325633 0.22924818
v 0.50705701 -0.25227925 0.17129348
v 0.53280185 -0.02079444 -0.14819124
v 0.53282418 0.02915460 -0.12802494
v 0.53914056 0.04762457 0.08464508
v 0.49708021 0.22855202 0.20993157
v 0.51712839 0.39984258 -0.25199987
v 0.53729506 0.53943807 0.12969431
v 0.57530232 -0.99971430 0.09455304
v 0.44426299 -0.96862030 -0.20450052
v 0.53173416 -0.88731306 0.15137674
v 0.52765043 -0.84275663 -0.06070720
v 0.52944131 -0.83472164 -0.16997337
v 0.53269534 -0.70978145 -0.16582894
v 0.53948356 -0.51537342 -0.04403190
v 0.52611797 -0.46021394 -0.16262280
v 0.54219925 -0.48308438 0.33592002
v 0.52327726 -0.45099419 -0.38121570
v 0.52927587 -0.44863491 -0.29542411
v 0.53968452 -0.40355756 -0.27565000
v 0.55422337 -0.33986417 0.17990105
v 0.54768050 -0.36310063 -0.37081987
v 0.54438438 -0.36176549 0.33470302
v 0.53066984 -0.33007368 -0.35500342
v 0.52084319 -0.30872133 -0.33210785
v 0.52643508 -0.29130639 -0.32159884
v 0.53532676 -0.24903231 -0.30456751
v 0.53441820 -0.21137440 -0.23941887
v 0.53068514 -0.21053148 -0.25595445
v 0.53402386 -0.21166980 0.24413872
v 0.53199070 -0.21666817 0.21013883
v 0.53034316 -0.21301797 0.22547489
v 0.53342831 0.01005669 -0.14028631
v 0.52986927 0.00688651 -0.13626305
v 0.53398323 0.03556468 0.09105198
v 0.54013215 0.16033984 -0.21602953
v 0.52082841 0.19790386 0.20139238
v 0.54406602 0.46964702 -0.22883556
v 0.53273781 0.56925472 0.07154187
v 0.52609009 0.57851361 0.02992027
v 0.52679362 0.58332007 -0.01682825
v 0.59274030 -0.98084574 -0.05279143
v 0.52957621 -0.72990058 0.12869887
v 0.52724186 -0.74145237 -0.06420234
v 0.54101341 -0.62268156 -0.05547889
v 0.53075668 -0.53161518 0.12395320
v 0.54793069 -0.46002225 0.25228784
v 0.54095799 -0.41141469 -0.39053075
v 0.53044562 -0.44987064 0.25877945
v 0.53070557 -0.32181506 0.21989881
v 0.53237423 -0.33228329 0.32222255
v 0.53037954 -0.32414624 -0.25670781
v 0.53545319 -0.29470329 -0.24739550
v 0.53825288 -0.25090632 -0.23905653
v 0.53910836 -0.21330272 0.19588456
v 0.53166242 -0.22108366 -0.27824998
v 0.53534762 -0.16946201 -0.25217095
v 0.53513673 -0.16618129 0.19861416
v 0.53577633 -0.15868389 -0.23272835
v 0.51537531 -0.10564055 -0.17411766
v 0.53645887 -0.08938925 -0.20731882
v 0.53748671 -0.04922383 0.12572544
v 0.54046565 -0.06303063 -0.16630650
v 0.53887269 -0.01618450 -0.18902359
v 0.53581870 -0.02471604 -0.17417168
v 0.53397985 0.00467210 0.12532670
v 0.53333394 0.00877855 0.10214310
v 0.53299878 0.02250239 -0.15535275
v 0.53639714 0.02056795 0.13027681
v 0.54036319 0.05067798 -0.12097097
v 0.51777816 0.15697832 0.17274961
v 0.53096165 0.43778161 -0.24245780
v 0.53802110 0.51655016 0.15592763
v 0.53667546 0.58424989 -0.04074243
v 0.50790745 -0.94648990 0.16958390
v 0.54119419 -0.72346363 -0.05529163
v 0.53646454 -0.67416041 0.02169912
v 0.54395454 -0.51685520 -0.16693625
v 0.54315718 -0.52320493 0.01434894
v 0.55013049 -0.52792827 -0.04910562
v 0.55088037 -0.45457872 -0.17339049
v 0.54088384 -0.44644107 -0.39560691
v 0.54215855 -0.45135116 -0.28798202
v 0.53420246 -0.42345402 0.35377652
v 0.55350297 -0.40543440 0.16267405
v 0.54375927 -0.40280564 -0.19963397
v 0.54063318 -0.37356094 -0.37088459
v 0.54459226 -0.34296026 0.21625400
v 0.54635172 -0.28241149 0.20178463
v 0.55695327 -0.28841168 -0.22045763
v 0.54003810 -0.21186416 -0.22866592
v 0.53862656 -0.19271328 -0.27696567
v 0.53918526 -0.15015930 0.21799191
v 0.54585458 -0.15441272 -0.19642651
v 0.53805275 -0.12959253 -0.23813725
v 0.54044196 -0.11039264 0.19836594
v 0.53886346 -0.09038060 0.16357538
v 0.53915803 -0.08546508 -0.19306262
v 0.54152883 -0.09360905 0.14090837
v 0.53826158 -0.09257639 0.18075966
v 0.53689623 -0.03856774 0.14545205
v 0.53786880 -0.05568865 -0.20936491
v 0.54271040 -0.05617586 0.13256714
v 0.53879069 -0.02875669 0.12255291
v 0.54180647 -0.04585738 -0.16332681
v 0.53853753 -0.02326205 0.15575014
v 0.53822933 -0.02132356 -0.15370475
v 0.54485559 0.03299884 -0.17098809
v 0.53665364 0.04443146 -0.14507240
v 0.53722889 0.09603033 -0.12951383
v 0.54410027 0.50626904 -0.20388504
v 0.55054728 0.58112259 -0.07264868
v 0.54500958 -0.92779659 -0.00344873
v 0.54410698 -0.87502990 0.00946820
v 0.53856514 -0.86434809 -0.05036630
v 0.54671360 -0.79357101 -0.17839872
v 0.54138300 -0.82123028 -0.05310321
v 0.53671231 -0.80668030 0.01984894
v 0.54680021 -0.72904403 0.13846439
v 0.55185331 -0.70542393 -0.17516475
v 0.54681429 -0.54697273 -0.16763305
v 0.55443235 -0.52005165 -0.04522844
v 0.53816431 -0.47187404 -0.38344858
v 0.55309285 -0.41456384 0.23808036
v 0.53873897 -0.40042052 0.23993953
v 0.53441281 -0.28240551 0.28753771
v 0.54545934 -0.22895212 0.26789835
v 0.53514612 -0.26233769 0.20860600
v 0.54897182 -0.22502387 0.17807658
v 0.54723416 -0.18281236 -0.28390133
v 0.54468527 -0.14821133 0.15852087
v 0.54118393 -0.15623475 0.18036259
v 0.54473841 -0.17448491 -0.20111291
v 0.54053804 -0.14199423 -0.21164060
v 0.53848426 -0.13048691 0.18013176
v 0.54411579 -0.13850824 -0.25823527
v 0.54861031 -0.13982570 0.16038447
v 0.54346438 -0.09155932 -0.23574629
v 0.54586756 -0.11673483 -0.18640326
v 0.54698942 -0.11311994 0.15162903
v 0.54543128 -0.09162222 0.14536909
v 0.54555831 -0.09229149 -0.17949993
v 0.54450802 -0.07237608 -0.17477886
v 0.54465208 -0.07519075 0.14030381
v 0.54234260 -0.04616729 0.17651785
v 0.54857226 -0.03899918 -0.21689278
v 0.55399812 0.04852739 -0.16636769
v 0.53876931 0.07531738 0.06637532
v 0.54554984 0.06059285 -0.11357619
v 0.53960932 0.23981145 0.22142552
v 0.53068700 -1.00075466 0.08034963
v 0.55327553 -0.86653331 0.15151435
v 0.54262497 -0.86411404 -0.18148055
v 0.54572631 -0.84782782 0.14547363
v 0.54818118 -0.81746432 0.01412334
v 0.55651874 -0.67748724 0.13929726
v 0.56062315 -0.55147749 -0.04899923
v 0.54623146 -0.51691518 0.00793849
v 0.54357590 -0.48342385 -0.37006336
v 0.54676097 -0.48607826 -0.31852466
v 0.55707750 -0.49153961 0.30066651
v 0.54333240 -0.47327603 -0.29884916
v 0.53855815 -0.45147000 0.35766764
v 0.52631141 -0.38026019 -0.26716235
v 0.54199238 -0.26091979 -0.31769911
v 0.55066156 -0.20187483 -0.20949901
v 0.55093555 -0.21034349 0.18025291
v 0.54739140 -0.19253540 0.17148929
v 0.54994862 -0.18945012 0.17481301
v 0.54909644 -0.16677921 0.16890968
v 0.54950337 -0.18598427 -0.20839514
v 0.55049471 -0.17391524 0.24664982
v 0.54906138 -0.16075654 -0.20283635
v 0.54869688 -0.13835637 -0.19573992
v 0.54601699 -0.12304144 0.21585841
v 0.55113907 -0.14141585 0.23099200
v 0.53820058 0.04919740 0.10634109
v 0.56460829 0.07572062 -0.10846486
v 0.53943989 0.08366528 0.06527462
v 0.54619440 0.08598844 -0.10502980
v 0.54225298 0.22207960 -0.25131351
v 0.54672351 0.55793961 0.10361327
v 0.56930414 -0.98480919 0.14409002
v 0.55737429 -0.74005417 -0.04927982
v 0.55135260 -0.70917077 0.01495358
v 0.55133516 -0.59241540 0.13606107
v 0.55971383 -0.45831191 -0.39635794
v 0.53531513 -0.37828842 0.16916808
v 0.55121278 -0.34051674 -0.24780153
v 0.54790215 -0.31065859 -0.24338254
v 0.55260220 -0.29030545 -0.33856813
v 0.55235544 -0.25580990 -0.21807463
v 0.55238987 -0.25336911 0.18243275
v 0.55268748 -0.22548559 0.18251725
v 0.55208877 -0.24426751 0.18775302
v 0.55265912 -0.23324538 -0.21804834
v 0.55912154 -0.16109458 -0.28318605
v 0.55235288 -0.06148313 0.19545531
v 0.54781359 -0.01232479 0.16514866
v 0.55704077 0.06793423 -0.14357455
v 0.55985923 0.06746875 -0.11748781
v 0.55845554 0.11260481 -0.16196362
v 0.57605790 0.13966750 0.15959728
v 0.54898601 0.19506070 -0.23936784
v 0.56202842 0.48573794 0.18437114
v 0.55523638 0.55681664 -0.14339611
v 0.55768999 -0.93516892 -0.20286051
v 0.51977481 -0.93874887 -0.03011200
v 0.56520043 -0.82564208 -0.04470062
v 0.55745791 -0.63562419 -0.04976045
v 0.54855089 -0.56005003 0.01664469
v 0.55750925 -0.49096354 -0.35584999
v 0.56017377 -0.45252879 0.13877140
v 0.55202737 -0.37878223 0.22265780
v 0.57090480 -0.36235413 0.17585702
v 0.55215381 -0.33900009 -0.21667099
v 0.55671091 -0.25659181 -0.32397258
v 0.55862752 -0.25977872 -0.22268491
v 0.55943803 -0.26363304 0.18678259
v 0.54730145 -0.29630876 0.30265570
v 0.55753806 -0.05504618 -0.23235862
v 0.56262060 -0.01073744 -0.21019799
v 0.55061779 0.05284220 0.12503023
v 0.55634567 0.06755520 0.10608301
v 0.56041578 0.38888848 -0.26050619
v 0.55407592 0.39152767 0.22399018
v 0.55773112 0.42692804 -0.24985851
v 0.54563986 0.45506401 0.20086165
v 0.54992262 0.52537969 -0.18609810
v 0.56425941 0.58721530 0.00653143
v 0.51734818 -0.99649114 -0.07523182
v 0.57756608 -0.99709597 0.11727941
v 0.56524909 -0.99006480 -0.17339468
v 0.56299693 -0.91287858 -0.20047829
v 0.57203384 -0.61778274 -0.17532005
v 0.55571930 -0.51765985 0.13412577
v 0.55951875 -0.43309935 -0.39916282
v 0.56406607 -0.45755283 -0.28612743
v 0.57440128 -0.42112679 0.15598062
v 0.56733967 -0.41703938 -0.39585243
v 0.56150400 -0.28106295 -0.22696637
v 0.57178904 0.08596859 -0.10666627
v 0.54745137 0.11330844 0.12580061
v 0.58516534 -0.99910645 -0.09520849
v 0.55936952 -0.99156654 0.13590183
v 0.57049578 -0.89408219 -0.00052397
v 0.55930777 -0.82660212 0.14857383
v 0.56788123 -0.73650066 0.14439593
v 0.57102511 -0.72506251 -0.04761223
v 0.56157862 -0.53328026 -0.17039743
v 0.55917908 -0.47323760 0.25896354
v 0.55989098 -0.47645470 -0.29834466
v 0.57497604 -0.45036544 -0.39556949
v 0.57577430 -0.42913752 0.35944978
v 0.56383479 -0.41084849 0.23588193
v 0.55627828 -0.41741135 0.35975387
v 0.56395382 -0.30020759 0.18302942
v 0.56225160 -0.28714325 0.18658576
v 0.56263273 -0.28557554 -0.22296106
v 0.56190710 -0.27310466 0.19091063
v 0.55811062 -0.23371147 0.27836519
v 0.55169148 0.02866719 0.14445712
v 0.55766817 0.06353254 0.08311603
v 0.55955012 0.07062448 0.07507076
v 0.58122666 0.09991433 -0.13552727
v 0.58504206 0.33714061 0.23202702
v 0.54280283 -1.00012209 -0.14314259
v 0.57104823 -0.96696579 0.15737358
v 0.56833428 -0.76881297 0.01055741
v 0.57664488 -0.61120090 0.13918698
v 0.57639113 -0.63217844 -0.04845690
v 0.56544257 -0.66666613 0.01219745
v 0.58434091 -0.54605655 -0.05003283
v 0.57265382 -0.52074393 0.00838822
v 0.56893623 -0.51671063 -0.03911123
v 0.57490030 -0.51813538 0.13513814
v 0.57352818 -0.48668982 0.32540069
v 0.56448154 -0.40989657 -0.27144739
v 0.57317131 -0.38519836 -0.38075616
v 0.56958210 -0.38051477 0.22110691
v 0.55918275 -0.37338243 -0.25440293
v 0.56579562 -0.34149997 0.21109542
v 0.56670451 -0.29744194 -0.23329026
v 0.56561806 -0.29909313 0.19823341
v 0.57003069 -0.23537569 -0.31830970
v 0.56866382 -0.29295050 0.30624125
v 0.56778436 0.07023389 0.10877081
v 0.56128017 0.16670471 0.18547139
v 0.57317414 0.26948827 -0.26510024
v 0.55732300 0.28899637 0.23295317
v 0.57083897 0.48902835 -0.21809130
v 0.56789209 0.57134992 0.07827390
v 0.57395144 0.57005655 -0.11817507
v 0.57108008 0.57527335 -0.10587939
v 0.57112919 0.57925114 0.05314007
v 0.57381013 0.58665598 -0.04516358
v 0.57071034 -0.99679075 -0.15638021
v 0.58795974 -0.99867633 0.05512910
v 0.56416199 -0.97073080 -0.19282698
v 0.55926203 -0.93315807 0.16665904
v 0.57628102 -0.91277194 -0.03217635
v 0.57031761 -0.85467998 -0.18896406
v 0.56424836 -0.82631878 -0.18610551
v 0.56970201 -0.48734098 -0.32037738
v 0.56869345 -0.48441518 0.27457848
v 0.56634324 -0.47021854 0.35371768
v 0.57250749 -0.44106115 0.36203517
v 0.56943353 -0.33739617 -0.36452814
v 0.56366430 -0.33440562 0.32692165
v 0.56816832 -0.28920190 0.18994101
v 0.58110814 -0.28842461 -0.22195602
v 0.56691168 -0.15798731 0.24930136
v 0.56052646 -0.09706061 -0.25479270
v 0.56332828 -0.06093978 0.20277410
v 0.57237552 -0.06197678 -0.24167049
v 0.56555559 0.03374470 0.14788488
v 0.57347350 0.06075948 -0.16438428
v 0.58477566 0.07826879 0.07105238
v 0.56131564 0.20038441 0.20600421
v 0.58272879 0.36943480 0.22794684
v 0.58745287 0.51515344 0.15888172
v 0.57720720 0.52214604 -0.19080896
v 0.57221524 0.53388299 0.14275947
v 0.57284434 0.54685642 0.12741566
v 0.57343704 0.57831166 -0.09310943
v 0.60297234 -0.97907893 -0.05366747
v 0.58031639 -0.96248740 0.00439063
v 0.57795855 -0.87285740 0.15628966
v 0.58368411 -0.52290824 -0.04662243
v 0.57495883 -0.48638642 -0.36185281
v 0.58181026 -0.45295005 -0.17341957
v 0.56313077 -0.37246896 0.34083691
v 0.58368771 -0.25971728 0.29221822
v 0.58471324 -0.17931703 0.26134566
v 0.56528213 -0.01265633 0.17724765
v 0.57537044 -0.00218997 -0.20870503
v 0.56033300 0.13039476 -0.18638482
v 0.57332393 0.23519014 0.22009842
v 0.57904219 0.30846748 -0.26853743
v 0.58602137 0.44874178 -0.24000097
v 0.57385422 0.54011926 -0.17158540
v 0.57523149 0.57452376 0.08280096
v 0.57416537 0.58280519 0.06015121
v 0.57772256 0.64542021 0.07237261
v 0.57492808 0.60587406 -0.10656624
v 0.59397649 -0.98819741 0.02814957
v 0.58322546 -0.94631256 -0.19920418
v 0.57085683 -0.82994541 0.00788868
v 0.58066421 -0.82760755 0.15109900
v 0.58637195 -0.77033700 0.01141909
v 0.58821294 -0.83499492 -0.18718793
v 0.58352266 -0.69197741 0.01271298
v 0.57162301 -0.70197642 -0.17837722
v 0.57412795 -0.51699250 -0.00014864
v 0.57186226 -0.48244184 -0.31019269
v 0.58178693 -0.47203140 -0.30345101
v 0.57650740 -0.45180942 -0.28781990
v 0.57531640 -0.44578606 0.24937996
v 0.58813519 -0.44023461 -0.39041133
v 0.58637669 -0.41111816 0.24351215
v 0.58318958 -0.38262291 0.22211407
v 0.57420315 -0.28967959 -0.22755987
v 0.57376698 -0.16463455 -0.29040960
v 0.57646352 -0.11919600 0.23392448
v 0.58457026 0.06649153 -0.11433101
v 0.59584519 0.45995585 0.19621092
v 0.58415849 0.52825820 0.15383044
v 0.57919730 0.55281784 -0.19138098
v 0.57777870 0.54910377 0.13230483
v 0.58102207 0.55222593 -0.16582494
v 0.57940372 0.53745435 0.14951878
v 0.58091205 0.65054820 -0.12016521
v 0.57708740 0.61766329 0.06255986
v 0.57842366 0.61132801 -0.09430018
v 0.58120210 0.66045350 -0.09450116
v 0.60178615 -0.99749982 -0.13232497
v 0.59252626 -0.94383110 0.16146082
v 0.59431785 -0.89757057 -0.00006667
v 0.57252516 -0.79814376 -0.04526430
v 0.57323137 -0.55626704 0.01296029
v 0.57836517 -0.53890308 -0.17050351
v 0.59575207 -0.51791299 0.01355603
v 0.58171487 -0.46592856 0.26176985
v 0.56794122 -0.42897464 -0.18911565
v 0.58593082 -0.41249318 -0.27895528
v 0.58521549 -0.37499279 -0.20754772
v 0.59317868 -0.34791757 0.21438787
v 0.58156125 -0.29756935 0.19737520
v 0.59826604 -0.30346345 -0.21595880
v 0.58800629 -0.29750046 -0.23458391
v 0.58677945 -0.05767585 0.20564751
v 0.60134734 0.03310918 -0.18385194
v 0.58762479 0.07303953 -0.13785072
v 0.58580774 0.07098827 0.09969226
v 0.58840983 0.07152565 0.11141732
v 0.56699273 0.08647820 0.07116580
v 0.56906418 0.09873004 0.09694293
v 0.59304348 0.12037753 0.13178419
v 0.58478755 0.52753625 -0.19107592
v 0.57935724 0.55323374 -0.15127271
v 0.58327330 0.56885736 0.17412439
v 0.58135534 0.56798126 -0.19006586
v 0.58390288 0.58865969 0.17413120
v 0.58274138 0.57717863 -0.21122781
v 0.58463417 0.56590938 -0.12963789
v 0.58260541 0.58698729 -0.08574364
v 0.58698504 0.58213136 -0.07423547
v 0.58567069 0.58205691 0.03717422
v 0.58597747 0.56639216 0.09680513
v 0.58057513 0.64108369 0.08325479
v 0.59079170 0.62841484 -0.13106677
v 0.58268557 0.67539338 0.06135341
v 0.58178981 0.69856045 0.07598872
v 0.57957806 0.68740670 -0.11268749
v 0.57916926 -0.93414769 -0.00306773
v 0.59645996 -0.90847090 0.16142265
v 0.58655790 -0.84070114 -0.04348084
v 0.57702287 -0.70589593 0.14249174
v 0.58870160 -0.47991553 -0.33101317
v 0.58525829 -0.48222030 0.29899188
v 0.57274589 -0.47775598 -0.38025212
v 0.58986990 -0.45387055 -0.38476863
v 0.58521242 -0.45212197 0.13680277
v 0.58829258 -0.45158206 -0.29575484
v 0.59306420 -0.38270340 -0.36893160
v 0.59182931 -0.33358330 -0.21500925
v 0.58023784 -0.31936480 -0.23945211
v 0.58879119 -0.28367051 -0.21842843
v 0.58958924 -0.28741831 0.18246698
v 0.58706162 -0.27357096 -0.22427702
v 0.59053846 -0.24035983 -0.32019224
v 0.59056141 -0.13691191 0.24300327
v 0.58817020 -0.08689669 -0.25620173
v 0.58867173 -0.00530589 0.17587076
v 0.58413147 0.06258555 0.08277772
v 0.59253514 0.07035321 0.07598399
v 0.61166314 0.14932437 -0.19869500
v 0.57643232 0.17307558 -0.22621947
v 0.59178273 0.41350732 0.21645707
v 0.58455596 0.55594016 0.11361070
v 0.58970324 0.56113454 -0.14929279
v 0.58952921 0.56344937 0.11263073
v 0.58964963 0.58383517 0.04403312
v 0.58705152 0.60482721 -0.22349176
v 0.58821402 0.60194768 -0.21276972
v 0.59174632 0.63392181 0.09577406
v 0.58794224 0.63987807 0.04963710
v 0.59148671 0.65213118 -0.08412437
v 0.58605254 0.70129887 0.09128514
v 0.58711043 0.72859389 -0.13004843
v 0.59143319 0.75393385 0.10367596
v 0.58574683 0.75182050 -0.12388278
v 0.58717496 0.76359971 0.08942543
v 0.58369518 0.72839490 -0.11099992
v 0.59274226 0.78674154 -0.12005933
v 0.58698127 -0.99512916 -0.07646720
v 0.59489958 -0.95873191 -0.03891742
v 0.58388910 -0.91769943 -0.20005900
v 0.59279879 -0.88395806 -0.19385622
v 0.58970193 -0.70249580 -0.17654859
v 0.58603171 -0.73886546 -0.04890959
v 0.58852866 -0.57961723 -0.05102580
v 0.59163544 -0.52502439 0.13175331
v 0.59008095 -0.47414027 -0.36558680
v 0.59295169 -0.46784780 0.27876146
v 0.59577586 -0.45057005 -0.37894685
v 0.58846724 -0.44931112 0.25972354
v 0.60298609 -0.39079644 -0.26921199
v 0.59021197 -0.37750764 -0.25705008
v 0.58935101 -0.34409516 0.32793107
v 0.58386825 -0.28537990 0.19052494
v 0.59283391 -0.25774925 0.18532145
v 0.58824107 0.04998865 0.13838191
v 0.60481929 0.05286463 0.13092318
v 0.58870110 0.06993502 0.08139714
v 0.59590688 0.08252371 0.06674458
v 0.58807375 0.12121874 -0.17085425
v 0.59602881 0.28375262 0.22886708
v 0.59612452 0.52015820 0.15964891
v 0.59125329 0.57902831 0.13876887
v 0.59832133 0.58375524 0.20135486
v 0.59000297 0.57769269 0.14663567
v 0.59065298 0.57276258 -0.17184561
v 0.58863826 0.56757198 0.10227625
v 0.58940005 0.59762185 0.12098327
v 0.59565268 0.61743321 0.21745815
v 0.59135439 0.61024835 -0.24178381
v 0.59018648 0.57363401 -0.13787021
v 0.59208309 0.61083064 0.17758702
v 0.59099609 0.62886969 -0.15562057
v 0.59398772 0.63926440 -0.25204817
v 0.59125215 0.62765825 0.13545247
v 0.59228126 0.62370013 0.10099645
v 0.58725846 0.70137572 -0.12887175
v 0.59131072 0.73687213 -0.09983321
v 0.59358547 0.78163844 -0.14658157
v 0.58753843 0.73843800 0.07155950
v 0.59077053 0.79605691 -0.13988100
v 0.59234769 0.81111918 0.10867934
v 0.60938291 -0.99716065 0.07371100
v 0.58995102 -0.94119701 -0.03367983
v 0.60948694 -0.94188192 -0.19296616
v 0.59541470 -0.85563855 0.15203008
v 0.60336649 -0.74889757 -0.17531610
v 0.59099440 -0.71575235 0.14086896
v 0.58895174 -0.54717643 0.01579934
v 0.59688118 -0.53974598 -0.16526105
v 0.60367917 -0.45459288 0.12921069
v 0.59262149 -0.47118257 -0.31801521
v 0.59352113 -0.45890070 0.34464350
v 0.60132357 -0.43413777 -0.30310736
v 0.59815834 -0.41496521 -0.29164064
v 0.59334939 -0.42301702 0.34629530
v 0.60284729 -0.39570083 0.32891978
v 0.58701329 -0.37245227 0.33522851
v 0.58509940 -0.29137904 -0.34135246
v 0.60181907 -0.29463432 0.20173978
v 0.59283067 -0.27508555 0.18169534
v 0.59352721 -0.25791020 -0.22049516
v 0.59679192 -0.25375481 0.18000912
v 0.59810748 -0.05243578 0.20109075
v 0.58801213 0.06731206 -0.15575048
v 0.59134355 0.07377346 0.09589017
v 0.59603044 0.58700055 -0.02769484
v 0.59608970 0.60138900 0.15874852
v 0.59096153 0.58617652 -0.23256048
v 0.59540194 0.59754869 -0.19092295
v 0.59336911 0.63181904 -0.13616643
v 0.59193684 0.62911121 -0.17326842
v 0.59462230 0.63910468 -0.23633794
v 0.59024738 0.62862797 0.20616891
v 0.59453925 0.65367053 0.09728645
v 0.59552654 0.66807875 -0.13453187
v 0.58972514 0.70555120 0.05843588
v 0.59653960 0.80268747 0.11957846
v 0.59503307 0.82074941 -0.15717352
v 0.59517605 0.80072212 0.09040649
v 0.60422000 -0.98680339 -0.17084577
v 0.60777817 -0.97149343 -0.18494766
v 0.59864027 -0.97550696 0.01569979
v 0.61314061 -0.90764960 -0.04210491
v 0.59925459 -0.60600174 0.13336185
v 0.59736080 -0.62455036 0.01703140
v 0.60938111 -0.52337522 0.12216747
v 0.59659683 -0.46598900 -0.36191571
v 0.60319222 -0.45479204 -0.16568808
v 0.59722349 -0.46947885 -0.34439129
v 0.59820999 -0.46902782 0.32010672
v 0.60341540 -0.45598668 -0.33464672
v 0.60379965 -0.44861757 -0.35608922
v 0.60259839 -0.45015495 -0.31661019
v 0.60673274 -0.43457473 0.32548448
v 0.60322100 -0.44459678 0.27459317
v 0.59908758 -0.40996353 -0.19329377
v 0.59368724 -0.32368086 0.17958742
v 0.60356908 -0.30067794 -0.33955378
v 0.60385089 -0.14377897 0.24261651
v 0.60846092 0.06689829 0.10355493
v 0.60430950 0.08230979 -0.09935778
v 0.59498044 0.08978815 0.06961384
v 0.59984775 0.38482524 -0.25922121
v 0.60353964 0.51279422 -0.19548991
v 0.59535933 0.52227881 -0.19617765
v 0.60192139 0.59479117 -0.24744371
v 0.60097732 0.62414791 0.17338493
v 0.60254112 0.64262640 -0.27081974
v 0.60008648 0.61843733 -0.20623329
v 0.59872434 0.67419661 -0.26401572
v 0.59921833 0.67711383 0.10441302
v 0.59775645 0.66897497 -0.14044880
v 0.59892842 0.65961998 0.23586751
v 0.59063566 0.63358605 0.12893885
v 0.59912893 0.66698297 0.21390030
v 0.59957747 0.69814053 0.10283972
v 0.59785214 0.67403788 0.22872784
v 0.59959397 0.67308214 0.04710618
v 0.59893766 0.66392457 0.16399863
v 0.60169885 0.71127649 -0.14127994
v 0.59694366 0.68354197 0.12683910
v 0.59445127 0.75390033 -0.14212987
v 0.59855034 0.83153907 0.10550063
v 0.60181187 0.81662237 0.13037937
v 0.60514662 0.84115812 -0.18258975
v 0.59582262 0.83884384 0.12477696
v 0.59716835 0.84996954 -0.16867901
v 0.60184581 0.87026349 0.13133851
v 0.62604547 -0.99055491 0.11034123
v 0.60200282 -0.99111268 0.12645067
v 0.59302408 -0.82468215 0.00972963
v 0.60364762 -0.80458387 -0.05098976
v 0.60633664 -0.53413044 -0.15992323
v 0.60778079 -0.51095900 0.01253900
v 0.60462004 -0.45171096 0.31696627
v 0.60533138 -0.44312579 -0.30736731
v 0.60442628 -0.42399533 -0.36416741
v 0.60730603 -0.44148254 -0.35903312
v 0.60392208 -0.39557695 0.23682358
v 0.59620543 -0.36245039 -0.36771178
v 0.60334524 -0.34027701 -0.25207933
v 0.60200069 -0.33802488 -0.35815300
v 0.60591502 -0.23365003 0.17419775
v 0.59655332 -0.14090548 -0.27999406
v 0.61399130 -0.09648161 0.21485353
v 0.59738871 -0.01510411 -0.21591881
v 0.60428176 0.06740296 -0.12893839
v 0.60535201 0.06166238 0.07912288
v 0.59913589 0.08948931 -0.10366605
v 0.60687924 0.10460034 0.09724488
v 0.59047579 0.22077362 -0.24957446
v 0.62402496 0.26182370 0.21853532
v 0.59935445 0.58248112 -0.07540574
v 0.59870727 0.58925053 -0.07939458
v 0.60533674 0.64484930 0.18599202
v 0.60452661 0.68246231 -0.28739610
v 0.60521401 0.72099939 0.11257056
v 0.60723545 0.71376460 0.23218089
v 0.60202656 0.70622731 0.24206813
v 0.60458462 0.71541249 -0.28759931
v 0.60488976 0.71770174 -0.14740326
v 0.59995457 0.69928345 -0.08659055
v 0.60561689 0.74969797 0.15560896
v 0.61354611 0.71555987 0.04987046
v 0.60694838 0.75012979 0.11566197
v 0.60131737 0.73445462 0.05811628
v 0.60039837 0.80912594 -0.16260419
v 0.60157087 0.86808600 -0.19126482
v 0.60752738 0.90828082 -0.19720356
v 0.60122330 0.88537370 -0.19036729
v 0.61304852 -0.79954647 0.01907643
v 0.59988465 -0.71929710 -0.05340738
v 0.60276219 -0.62717531 -0.16820576
v 0.61413604 -0.60497298 -0.15957808
v 0.60759728 -0.54830318 0.02450825
v 0.59817908 -0.51356612 -0.04616851
v 0.60874862 -0.45321917 -0.34000700
v 0.60539759 -0.45301029 0.29823643
v 0.60352364 -0.41367374 0.25459977
v 0.60491662 -0.41214497 0.32914804
v 0.61838320 -0.39321894 -0.27288887
v 0.61036812 -0.37069849 0.22603997
v 0.61862241 -0.30999479 0.21570352
v 0.60029009 -0.23265373 -0.21626298
v 0.60491330 -0.20853555 0.17490927
v 0.60679116 -0.21239877 -0.30381448
v 0.60789804 -0.20209798 0.16926668
v 0.60721463 -0.20122424 -0.20971431
v 0.60713427 -0.07216001 -0.24399654
v 0.60656067 0.06400251 -0.15264329
v 0.58740231 0.35007049 -0.26619277
v 0.62965116 0.42610861 0.20352229
v 0.61533321 0.57802454 0.03875896
v 0.60645139 0.58315973 0.01354125
v 0.60878196 0.64050908 -0.07956460
v 0.61100455 0.65344980 -0.28276000
v 0.61925537 0.69942038 0.04710710
v 0.60725043 0.71424524 0.18687771
v 0.60727458 0.69785053 -0.25938265
v 0.60642624 0.73301862 0.26016626
v 0.60820240 0.73479090 -0.28291314
v 0.60013499 0.71085199 -0.17676958
v 0.61129771 0.75888319 0.25034563
v 0.60180799 0.71979755 -0.19376514
v 0.60298806 0.72675514 0.16379606
v 0.61066508 0.79458454 -0.10861035
v 0.60893878 0.78453664 0.12520549
v 0.59732768 0.82825475 -0.13854203
v 0.60381805 0.87441121 -0.16723743
v 0.61264241 0.91161925 0.15575134
v 0.60100370 0.87828651 0.15113586
v 0.60348835 0.90406562 -0.20816511
v 0.62285724 -0.99423114 -0.10344309
v 0.62379901 -0.98851555 -0.07770732
v 0.61060273 -0.97374271 0.14507208
v 0.60598390 -0.95728262 0.00675335
v 0.60806688 -0.93074484 0.00194240
v 0.61653351 -0.83958834 0.01738717
v 0.60162603 -0.83056870 0.14754240
v 0.62241037 -0.79190471 -0.16828159
v 0.60708446 -0.71697062 0.13454250
v 0.60186979 -0.70198636 0.01801245
v 0.61792275 -0.62298176 0.02956038
v 0.61857240 -0.61507245 0.12169924
v 0.61581106 -0.52913429 -0.06418733
v 0.61760200 -0.52281050 -0.15103325
v 0.61371251 -0.51186438 0.02282051
v 0.62052535 -0.46034009 0.30047384
v 0.60941974 -0.44541738 0.31864783
v 0.60486044 -0.39248981 -0.36190389
v 0.60122933 -0.37671933 0.16812091
v 0.62117522 -0.33102728 0.17108246
v 0.60669233 -0.30979185 0.30542224
v 0.61161449 -0.27711523 -0.23895649
v 0.60729176 -0.25198007 0.28168286
v 0.60728723 -0.18891133 0.25931556
v 0.60636387 -0.21301656 -0.20767392
v 0.60112537 -0.22937505 0.17998330
v 0.61922159 -0.21242358 -0.29456603
v 0.60957722 -0.18398831 0.16858635
v 0.61201981 -0.18862678 -0.20083324
v 0.61160506 -0.16990841 -0.19944766
v 0.61278531 -0.15753784 0.16070929
v 0.61032540 -0.14032874 -0.27375862
v 0.61057082 0.03238938 0.14371816
v 0.61296872 0.51383509 0.15848797
v 0.61329158 0.58284999 -0.04462058
v 0.61104468 0.58450160 0.04354517
v 0.60223084 0.60525209 0.04369529
v 0.60791948 0.64544408 0.23987326
v 0.61189965 0.69908434 -0.30210429
v 0.60585346 0.64665554 -0.22188908
v 0.61210870 0.67799978 -0.23866125
v 0.61132767 0.67400762 0.20101539
v 0.60334745 0.69975255 -0.21069417
v 0.60514481 0.68534461 0.25225134
v 0.61736977 0.70891317 0.21604068
v 0.61552712 0.74394622 0.28224186
v 0.61337628 0.77171166 -0.22815853
v 0.60882973 0.74722217 -0.15330511
v 0.60954166 0.75918140 -0.30172162
v 0.61277337 0.77581451 0.12912775
v 0.61216941 0.76937000 -0.15981898
v 0.61165905 0.78695032 0.27921069
v 0.61255892 0.80540220 -0.32456380
v 0.60338229 0.79517989 0.07895945
v 0.61264269 0.79546751 -0.16695439
v 0.61128718 0.86416066 -0.20257237
v 0.61012408 0.89639805 0.19156960
v 0.61009367 0.89029032 -0.22611025
v 0.61876558 0.91059558 -0.18691270
v 0.61179941 0.91445130 0.24252189
v 0.60523577 0.91381124 0.17833569
v 0.63453612 -0.98980150 0.07203553
v 0.62517752 -0.91235495 0.14853708
v 0.60567344 -0.89293091 0.15545604
v 0.62061875 -0.70981327 0.12475782
v 0.61338516 -0.71905377 -0.16725912
v 0.61505408 -0.71684316 0.02590263
v 0.61765663 -0.59659227 -0.06679896
v 0.60433641 -0.55265578 -0.05782151
v 0.62466054 -0.50421041 -0.06657298
v 0.62110283 -0.45992420 0.11713424
v 0.62025915 -0.42675219 -0.17775425
v 0.61171271 -0.34921741 -0.20750885
v 0.61644239 -0.24736140 0.19826400
v 0.60148970 -0.24238603 -0.21347656
v 0.61500966 -0.17195944 0.15894136
v 0.61357050 -0.15241819 -0.19052109
v 0.61430776 -0.14716328 -0.19376050
v 0.61448363 -0.14846974 0.15315859
v 0.61659000 -0.12760850 0.14739515
v 0.61644111 -0.13024775 0.15302286
v 0.61601455 -0.10205159 -0.25272512
v 0.61374878 -0.02648284 0.17940018
v 0.61818410 -0.01955309 -0.20798209
v 0.62183057 0.09101656 -0.09104843
v 0.62845989 0.13192567 0.13465066
v 0.63338629 0.32129188 0.22269791
v 0.61459212 0.37028483 0.22305203
v 0.62825724 0.42905513 -0.23945479
v 0.61314828 0.51948748 -0.19784070
v 0.61026410 0.58775469 0.21044238
v 0.61475747 0.58887591 -0.24912427
v 0.61202409 0.59961191 0.04429376
v 0.62618139 0.65248197 -0.28833996
v 0.61683314 0.70643961 -0.24990857
v 0.62071667 0.72520941 -0.08787903
v 0.61486299 0.74926758 -0.27806751
v 0.61406074 0.73598231 -0.23856132
v 0.61025237 0.74555636 -0.30919547
v 0.61404957 0.79095518 -0.29919879
v 0.61569056 0.79142150 -0.17296560
v 0.61170949 0.78501878 -0.20514808
v 0.61304109 0.80413639 -0.30828363
v 0.61484801 0.79927017 0.26035828
v 0.61552056 0.78772167 0.29145043
v 0.60954303 0.83114657 0.09444747
v 0.61489191 0.84717198 -0.30621964
v 0.61625873 0.82678648 0.14750579
v 0.61291384 0.85067827 0.28027016
v 0.61663430 0.84362362 0.30311205
v 0.61279659 0.84500444 -0.33050767
v 0.60442564 0.86154691 0.15681329
v 0.61517889 0.85363974 0.26522665
v 0.61439773 0.87694212 -0.33345789
v 0.62700078 0.86605726 0.18339398
v 0.61374663 0.89959886 -0.28916802
v 0.61474252 0.89910979 -0.26618973
v 0.61055942 0.90636149 -0.24434834
v 0.60919255 0.92538525 -0.23568038
v 0.61320931 0.93048175 0.25570964
v 0.60692502 -0.84610873 -0.04855302
v 0.61984298 -0.84851337 0.14028777
v 0.62692099 -0.62846449 0.03931112
v 0.62447975 -0.60009311 -0.14896614
v 0.62400990 -0.55622037 -0.07594866
v 0.62103007 -0.50929768 -0.02018445
v 0.62407335 -0.45994051 -0.15077776
v 0.63082572 -0.46584830 -0.33746175
v 0.62250744 -0.43737924 -0.28824387
v 0.63409530 -0.42114913 -0.28037119
v 0.61922389 -0.34980576 0.22848605
v 0.62104694 -0.18983164 0.24805370
v 0.62028434 -0.18463754 -0.21687489
v 0.62143653 -0.15117082 -0.26830919
v 0.61791276 -0.12634262 -0.18131755
v 0.61677808 -0.11139368 0.14176256
v 0.61752709 -0.10885326 0.14609675
v 0.61572769 -0.11753271 -0.18269230
v 0.61809731 -0.08806383 0.13622458
v 0.61817567 -0.08946834 -0.17291553
v 0.61780643 -0.06622433 0.19834001
v 0.62032719 0.04396894 0.08142770
v 0.61719969 0.26659881 -0.25804213
v 0.61043628 0.47604716 -0.22045961
v 0.60842427 0.50017617 0.16779490
v 0.61783598 0.53161502 0.16999510
v 0.61881896 0.58212139 -0.08377954
v 0.63347924 0.57925655 -0.01818249
v 0.61574321 0.62374718 -0.08045542
v 0.62717237 0.66191084 0.04724426
v 0.62349390 0.68993511 -0.08397306
v 0.62026028 0.69595087 0.26920526
v 0.62037544 0.78670480 -0.33547029
v 0.61911637 0.72334969 -0.25370090
v 0.61538725 0.76530806 -0.09748881
v 0.61626937 0.80775826 -0.20393360
v 0.61713254 0.81202616 -0.17728800
v 0.61614273 0.79953265 0.13751285
v 0.62033061 0.82471291 -0.18711790
v 0.61458518 0.79270636 0.18890520
v 0.62076750 0.83477918 -0.29233740
v 0.61988881 0.82375095 0.15206539
v 0.62301074 0.84379879 0.16323889
v 0.62014549 0.83226608 0.25732046
v 0.62712988 0.86133263 -0.21514165
v 0.61147812 0.86539350 0.11508935
v 0.61307025 0.86988907 0.28884732
v 0.62448178 0.88376167 -0.25418339
v 0.61636377 0.89460311 0.22061890
v 0.62303275 0.88615133 -0.34756326
v 0.61690962 0.91888491 0.28242462
v 0.61342757 0.93089348 0.17923504
v 0.61697400 0.94682504 -0.25319818
v 0.61188245 0.93247949 -0.22447357
v 0.61184554 0.94030919 0.21550835
v 0.62499263 0.95682130 -0.27046007
v 0.61899674 -0.99182079 -0.15181189
v 0.62259759 -0.81585187 -0.06113524
v 0.61533204 -0.72424749 -0.06215446
v 0.62786245 -0.73300234 0.03713298
v 0.62720031 -0.71675614 -0.15468348
v 0.62346319 -0.54277297 0.04058052
v 0.62144960 -0.53814951 0.11094752
v 0.61903132 -0.45722423 0.27600871
v 0.63206887 -0.45675735 0.31821744
v 0.61580215 -0.41206434 0.15085240
v 0.61659095 -0.37117249 0.32806591
v 0.62483859 -0.34192459 -0.34653024
v 0.61799756 -0.30358131 -0.33170606
v 0.62417926 -0.27424631 -0.31271240
v 0.61757013 -0.28523406 -0.21079100
v 0.62009664 -0.24603952 -0.23737074
v 0.62045366 -0.19896147 0.18699200
v 0.62849555 -0.20881726 -0.23926521
v 0.62064345 -0.14506966 0.22953216
v 0.62209298 -0.07429230 -0.23282756
v 0.62613686 -0.10931700 0.20547875
v 0.62116988 -0.07508709 0.12855854
v 0.62053072 -0.05744657 0.12621373
v 0.62112866 -0.04848006 0.11978184
v 0.61965758 -0.05960759 -0.16100179
v 0.62413172 -0.01526326 -0.14548737
v 0.61807698 0.05591581 -0.14764144
v 0.62001107 0.05481478 0.10365174
v 0.62005596 0.05072253 0.07531910
v 0.61669958 0.08526014 0.05497658
v 0.62101528 0.51420049 -0.19283966
v 0.62486601 0.58035949 0.05284978
v 0.62237239 0.68031160 -0.30107316
v 0.61877228 0.72683053 -0.26073776
v 0.62309293 0.74351534 -0.26277724
v 0.62043810 0.73367119 0.22623531
v 0.61485033 0.77277690 0.06523465
v 0.62306925 0.80864140 -0.25425914
v 0.61795744 0.78189815 0.20929746
v 0.63001400 0.79488673 0.07132303
v 0.62231892 0.83246981 -0.23315767
v 0.61943788 0.80292945 -0.29153607
v 0.62352628 0.84221895 -0.19851447
v 0.61981875 0.86374450 -0.28702984
v 0.61331443 0.85429755 -0.13929367
v 0.61770729 0.87954941 0.24337367
v 0.62097621 0.91452622 -0.32892920
v 0.62438280 0.94476342 -0.30226909
v 0.61598778 0.93095465 -0.21323662
v 0.61592062 0.93549715 -0.29039490
v 0.62375310 0.94836259 0.26060639
v 0.62861298 -0.98805015 0.04737461
v 0.63097300 -0.97078129 -0.06112798
v 0.63829385 -0.91126284 -0.05923644
v 0.62080040 -0.89537595 -0.18427159
v 0.62734812 -0.76981298 0.12519296
v 0.63155217 -0.64054763 -0.08164806
v 0.62915385 -0.54730739 -0.13598608
v 0.63051916 -0.54405476 -0.08821999
v 0.62907391 -0.55889102 0.10207300
v 0.63043177 -0.52238376 0.09701626
v 0.62888000 -0.52544760 -0.13580004
v 0.62463536 -0.44691419 0.25704246
v 0.63131954 -0.29310409 0.16894920
v 0.62529752 -0.16840284 0.18274099
v 0.62727913 -0.12266192 0.16685357
v 0.62964517 -0.09138870 -0.22616079
v 0.62694794 -0.12225184 -0.20164893
v 0.62952860 -0.06132862 0.14557331
v 0.62401043 -0.07354081 -0.16085474
v 0.62893115 -0.07412019 -0.18444182
v 0.62895749 -0.06066532 0.17807621
v 0.62766012 -0.03458994 0.12967989
v 0.62401530 -0.02640822 -0.14367664
v 0.62769532 -0.02330487 0.15801247
v 0.62276902 -0.03776074 0.11469806
v 0.62693115 0.03198098 0.12536501
v 0.62491153 -0.00896729 0.10574228
v 0.62730861 -0.00740567 0.09939523
v 0.62579792 0.02361840 0.09148197
v 0.62363021 0.03367366 -0.11906887
v 0.62440442 0.04721722 -0.13669118
v 0.60631559 0.06189525 -0.11167582
v 0.61945301 0.09294210 0.05999544
v 0.60151050 0.17398817 0.18535347
v 0.64318499 0.37951801 -0.24869180
v 0.62910783 0.55292864 -0.22165431
v 0.62899239 0.62376216 -0.08681880
v 0.62338867 0.63544458 0.24112868
v 0.63935055 0.69531692 -0.08965861
v 0.62554431 0.74412523 -0.32690555
v 0.62972835 0.73382443 0.28781464
v 0.62465219 0.77068352 0.23920514
v 0.62655614 0.77335463 -0.27175965
v 0.62672627 0.78474706 0.30263813
v 0.63049037 0.80305507 -0.34649368
v 0.62768896 0.85096010 0.20917974
v 0.62231479 0.86313769 0.24516445
v 0.63232799 0.87155087 0.21490147
v 0.62314438 0.90695096 0.29969544
v 0.62915466 0.93048321 0.28893531
v 0.63249918 0.93510155 -0.32181838
v 0.62457377 0.95781992 0.23366820
v 0.63039123 -0.98048391 -0.16486262
v 0.62202601 -0.93968840 -0.04456935
v 0.62670715 -0.94704150 0.14812635
v 0.62670579 -0.84955025 -0.06043970
v 0.63318154 -0.72226339 0.11095512
v 0.63084395 -0.63541282 0.10847456
v 0.63143556 -0.55834991 0.05451919
v 0.63534484 -0.46931650 0.09756690
v 0.62403823 -0.44844326 -0.36399413
v 0.62387990 -0.41946060 -0.37354435
v 0.62304488 -0.40588553 0.24194771
v 0.63029817 -0.40732352 0.33702961
v 0.62697801 -0.37655607 -0.27042059
v 0.61339656 -0.33623823 0.31542290
v 0.62266500 -0.32391275 -0.20704222
v 0.63314604 -0.31067225 0.27104069
v 0.62253856 -0.27819762 0.27831181
v 0.62875389 -0.30451589 -0.26925709
v 0.63292865 -0.32305633 -0.31877485
v 0.62883850 -0.26469352 0.21903042
v 0.62786356 -0.25802141 0.26270747
v 0.62911370 -0.18657717 0.23320105
v 0.63250506 -0.19873903 -0.19423234
v 0.63205268 -0.20517778 -0.26551091
v 0.62992593 -0.18978812 0.19942711
v 0.63108124 -0.13961323 0.20330770
v 0.63164038 -0.18855353 -0.24521877
v 0.63907784 -0.16179678 0.14528390
v 0.63213493 -0.13926503 -0.23617546
v 0.63192096 -0.09583719 -0.20901507
v 0.63094682 -0.12756693 0.18413247
v 0.62744407 -0.12863076 -0.24925977
v 0.63094511 -0.10331059 0.18924430
v 0.63200234 -0.08434365 0.17052433
v 0.63137540 -0.03101577 -0.19281617
v 0.63161349 -0.04971993 -0.18140058
v 0.63093684 -0.03208243 0.14565969
v 0.63132864 -0.00120734 -0.15908014
v 0.62579539 0.00461551 -0.13163364
v 0.63182378 -0.00113674 0.12504513
v 0.63045788 0.02453945 -0.14514419
v 0.62985563 0.02642521 0.10572419
v 0.62165102 0.03627308 -0.16547872
v 0.62825896 0.02344488 -0.16334644
v 0.62752257 0.02421236 0.08495209
v 0.63037059 0.08582822 -0.08016761
v 0.65283122 0.11572293 0.08710929
v 0.63195199 0.47413503 0.17833820
v 0.63367258 0.56993031 0.05372043
v 0.63826450 0.57484171 0.19996120
v 0.64473434 0.62076329 0.23101655
v 0.64156598 0.76119629 -0.09884321
v 0.63754353 0.80174519 -0.34869515
v 0.62965494 0.80370207 0.24402964
v 0.63073379 0.80803789 -0.27837085
v 0.62775908 0.78810552 0.23780507
v 0.63252861 0.83993261 -0.27779309
v 0.62395204 0.85008067 -0.35038507
v 0.63170305 0.84192977 0.24246673
v 0.63199265 0.86598738 0.22731173
v 0.63300446 0.87104513 -0.25637936
v 0.63150256 0.87551234 -0.23898617
v 0.62010769 0.87505605 -0.15218681
v 0.63378854 0.89401699 0.12980457
v 0.62441709 0.87691416 0.31210700
v 0.63045701 0.90617580 -0.34481763
v 0.63058160 0.95783556 0.20958991
v 0.63111187 -0.98268495 0.12610077
v 0.64475936 -0.97898693 0.04489391
v 0.62727148 -0.96139049 -0.18144957
v 0.61756116 -0.82643968 -0.17606492
v 0.63553851 -0.84977049 0.12732554
v 0.62765064 -0.72675857 -0.07329960
v 0.63826501 -0.71705879 0.05668078
v 0.63943730 -0.66565784 0.06394860
v 0.63134626 -0.60939211 -0.13974779
v 0.63492730 -0.55224608 0.07075508
v 0.63836897 -0.60421294 -0.10625198
v 0.63340813 -0.53233690 0.08594972
v 0.63589949 -0.52152174 0.06617472
v 0.63446415 -0.53403823 -0.09964476
v 0.63376763 -0.49732747 0.04440821
v 0.63406972 -0.49730770 -0.07908238
v 0.65131095 -0.49651641 -0.03664861
v 0.63362661 -0.46352167 0.29326994
v 0.62422594 -0.46223334 -0.31342119
v 0.63895030 -0.45868668 0.26832024
v 0.63252167 -0.44696664 -0.29114092
v 0.63401393 -0.41482873 -0.37379279
v 0.62987441 -0.37595714 -0.19453411
v 0.63989975 -0.36144270 -0.28038426
v 0.62681117 -0.33617808 -0.27025194
v 0.63102294 -0.34278921 0.23958485
v 0.63660615 -0.32697487 0.25863965
v 0.63371829 -0.30936761 -0.28618511
v 0.63269223 -0.30243840 0.24075954
v 0.63295259 -0.29153626 -0.30024612
v 0.63356048 -0.28804897 0.25465029
v 0.63356142 -0.25257861 -0.27667352
v 0.63068518 -0.24191428 -0.28813000
v 0.64550590 -0.25344744 -0.19760208
v 0.63266042 -0.28164227 -0.27367254
v 0.63372507 -0.25316677 0.24158956
v 0.63312378 -0.20461490 0.21958835
v 0.61304146 0.21377564 0.20554516
v 0.66020191 0.23516839 0.19669647
v 0.63633605 0.32668787 -0.25763973
v 0.65258635 0.34787843 0.21347454
v 0.64000000 0.51648964 -0.17885294
v 0.63919947 0.56481413 -0.11269087
v 0.62230992 0.57594969 -0.08108987
v 0.64739094 0.65877866 -0.10033820
v 0.63866132 0.74290601 -0.33052212
v 0.64227425 0.75625746 0.06216666
v 0.63276830 0.84479548 0.23728418
v 0.62581975 0.84151839 0.31484990
v 0.64060297 0.90505718 0.31073695
v 0.63656615 0.92392411 0.15678798
v 0.64921786 0.92348275 -0.33794626
v 0.63982291 0.93356108 -0.20509063
v 0.62748475 0.95474298 -0.24034122
v 0.64363006 -0.97546264 -0.15552756
v 0.64294971 -0.89925200 -0.16656421
v 0.65191632 -0.91935328 0.03842380
v 0.63701326 -0.84468991 0.03492287
v 0.63939804 -0.73127538 0.09925791
v 0.63741679 -0.71002082 -0.13737608
v 0.63946775 -0.67530943 -0.09636665
v 0.63747546 -0.63058673 0.09363108
v 0.63968513 -0.63209334 0.08356922
v 0.63428179 -0.54802687 -0.11931797
v 0.63524256 -0.52100734 -0.11606112
v 0.64107305 -0.48694260 0.06502952
v 0.63977297 -0.47565503 -0.12162122
v 0.64692137 -0.44293960 -0.36647125
v 0.62739436 -0.43308516 0.33577815
v 0.62990380 -0.43384415 0.13201277
v 0.62398561 -0.37157708 -0.36160084
v 0.63605241 -0.32544704 -0.30081533
v 0.62873560 0.10811195 -0.12994005
v 0.64763632 0.19291067 0.18124614
v 0.62885978 0.51293470 0.15108909
v 0.63698600 0.54218630 -0.20743079
v 0.63631519 0.56609899 -0.09806694
v 0.63446663 0.57181930 0.06530290
v 0.63334563 0.57385542 -0.10015563
v 0.63297649 0.60792871 -0.26148263
v 0.65156800 0.66006310 -0.29002597
v 0.63286716 0.79762548 -0.10679132
v 0.63751842 0.82169518 0.31650376
v 0.63211394 0.83636442 -0.12398011
v 0.64716308 0.81396724 0.08177611
v 0.63475030 0.84858388 0.09727841
v 0.63888997 0.95690915 0.26061530
v 0.64304290 -0.98448790 -0.10507142
v 0.64431093 -0.96144679 0.13189211
v 0.64675264 -0.96590796 -0.16058701
v 0.63526964 -0.96920096 0.02492304
v 0.64009555 -0.94436469 -0.17408880
v 0.62826477 -0.91729406 0.01258353
v 0.64394266 -0.81494169 0.05373748
v 0.64582055 -0.83475961 0.10782042
v 0.64943601 -0.82329742 0.09095229
v 0.64276240 -0.73755363 0.08664051
v 0.64517360 -0.75597118 -0.12070940
v 0.64226357 -0.69838206 -0.11328483
v 0.64109387 -0.70314239 -0.12510180
v 0.63839699 -0.62218515 -0.12256770
v 0.62645166 -0.50326352 0.03218393
v 0.64114779 -0.48654808 -0.09859482
v 0.64040072 -0.47440335 0.08538618
v 0.65112298 -0.45911150 -0.34495605
v 0.65433546 -0.45475350 0.31216185
v 0.65208249 -0.44809007 0.10596643
v 0.65171997 -0.40339620 -0.36603119
v 0.64092876 -0.34933048 -0.33134511
v 0.63735387 -0.33836024 -0.29287447
v 0.62572052 -0.32790267 0.29819298
v 0.63737238 -0.36152562 0.15807451
v 0.63779418 -0.33741197 0.28323928
v 0.64886732 -0.35889673 -0.30775345
v 0.63480088 0.08529025 0.04075864
v 0.66232843 0.10910005 -0.09525882
v 0.62525638 0.19698938 -0.23022468
v 0.64525256 0.27961550 -0.25125242
v 0.64000433 0.56307547 0.07619215
v 0.64761490 0.65653365 0.25154322
v 0.64604146 0.70783253 -0.31634308
v 0.64075265 0.66495490 0.05577464
v 0.64336532 0.69794543 0.27401370
v 0.64104490 0.77305729 0.30362608
v 0.63608132 0.85302854 -0.35735339
v 0.64858868 0.86760869 -0.14452659
v 0.63697301 0.87552892 0.31946703
v 0.64785091 0.89806845 -0.16810635
v 0.65074768 0.95499340 -0.23307803
v 0.64560886 0.95309339 -0.30345381
v 0.64875961 -0.97156519 -0.08241174
v 0.65031879 -0.89769609 0.11990785
v 0.64077211 -0.83184243 -0.07978857
v 0.64062032 -0.83162789 -0.15190544
v 0.64914643 -0.83215367 -0.09799359
v 0.63937265 -0.73091272 -0.09142252
v 0.64985755 -0.82052523 0.07915523
v 0.64185714 -0.71978495 0.07036377
v 0.64899424 -0.42379934 -0.28303828
v 0.64590814 -0.43671594 -0.15633773
v 0.66337323 -0.39155752 -0.17024266
v 0.65603480 -0.41432123 0.12698256
v 0.64081307 -0.34541265 0.25744391
v 0.65418767 -0.37481492 0.30247374
v 0.64975422 -0.12894580 -0.16564557
v 0.65006416 -0.12262758 0.12725362
v 0.64982536 -0.03281136 0.09391349
v 0.64120279 0.05484400 -0.09202348
v 0.64413146 0.09382895 0.03074825
v 0.65936273 0.10705073 0.05453676
v 0.63855060 0.49950294 -0.19317459
v 0.64389718 0.52315285 0.13712508
v 0.64069972 0.54690825 0.17196109
v 0.65515075 0.73495901 -0.10392954
v 0.65112462 0.80685199 0.31419985
v 0.64889095 0.84880123 0.32210446
v 0.64343809 0.94779622 0.18531905
v 0.64091162 0.96235131 -0.28294837
v 0.65466820 -0.97531111 0.07374918
v 0.65714611 -0.96900288 -0.12026995
v 0.65635603 -0.95802708 -0.14520418
v 0.64386838 -0.98177131 -0.14299190
v 0.63895354 -0.94923490 -0.05745242
v 0.64643639 -0.92796980 0.13198743
v 0.65415576 -0.91944965 -0.07839944
v 0.64917635 -0.82731576 0.06621759
v 0.64500676 -0.76105262 -0.10678087
v 0.64685312 -0.46146028 -0.31385954
v 0.66288720 -0.44340433 -0.35198896
v 0.65228457 -0.44371982 0.32601874
v 0.64685198 -0.40077910 0.24468230
v 0.65002416 -0.37385639 0.25185612
v 0.65003898 0.09332132 -0.05276274
v 0.64633630 0.08660416 0.02550610
v 0.68423369 0.40310892 -0.22295519
v 0.66358788 0.43017298 0.18656990
v 0.64764921 0.54676904 -0.14294392
v 0.64848135 0.54343753 0.10821946
v 0.64551301 0.55607959 -0.11516002
v 0.64506625 0.55438743 0.09108849
v 0.65070126 0.57090117 -0.05731713
v 0.65028749 0.55452774 -0.20372577
v 0.65206546 0.58176328 0.10365514
v 0.64750366 0.58336688 -0.23760290
v 0.65916330 0.64529734 0.09336569
v 0.65346704 0.83403141 -0.12713481
v 0.65454441 0.83923197 -0.35842402
v 0.65905181 0.92143224 -0.19290927
v 0.65822131 0.95738066 0.20444621
v 0.64243760 0.96593307 -0.26222902
v 0.65226964 -0.97390493 0.10886837
v 0.65454932 -0.96143933 -0.08371115
v 0.65166119 -0.95551331 0.03725978
v 0.65535754 -0.94409685 0.12024606
v 0.65886472 -0.90430099 0.05819809
v 0.65831631 -0.91062696 -0.14464656
v 0.66051788 -0.88979467 -0.12329750
v 0.65010348 -0.82233435 -0.11996690
v 0.65024424 -0.44859857 -0.29573011
v 0.64242585 -0.43741089 0.25106320
v 0.65096811 -0.42258574 0.33349413
v 0.65140157 -0.38010708 -0.35093288
v 0.64966989 -0.29601557 -0.19625082
v 0.64961600 -0.19891790 -0.18518465
v 0.64615121 -0.19782267 0.15113561
v 0.64426870 0.08746798 -0.06400831
v 0.65032147 0.09527267 -0.06188945
v 0.65385242 0.09704094 0.01591812
v 0.65406112 0.11462457 -0.12204475
v 0.62914936 0.12183196 -0.15609513
v 0.66934894 0.48107129 0.15470643
v 0.65183744 0.51695980 0.13377696
v 0.65063379 0.53970030 -0.14222891
v 0.64836324 0.53050738 0.12675270
v 0.64349196 0.56132760 0.06994378
v 0.65053732 0.60959594 -0.25640074
v 0.65814535 0.67526433 -0.11536454
v 0.64983589 0.66312591 0.06792899
v 0.64541823 0.71478402 0.05841679
v 0.65973052 0.76677872 0.07708494
v 0.65307787 0.74416046 0.29365111
v 0.65484107 0.86902688 0.11286432
v 0.64901551 0.88515525 -0.35773863
v 0.66286619 0.95282635 0.26382516
v 0.65171648 0.96585513 0.22792892
v 0.66134415 0.96119604 -0.28056073
v 0.66272159 -0.94343061 -0.12105812
v 0.66167079 -0.94998515 0.10061584
v 0.66064250 -0.93235473 -0.09563148
v 0.65863515 -0.89839590 0.10078718
v 0.66178856 -0.91033894 -0.10107318
v 0.66018414 -0.88957771 0.07396369
v 0.64735346 -0.82746875 -0.13611099
v 0.66322692 -0.48114798 -0.07759227
v 0.65439141 -0.45166223 -0.13635167
v 0.66188190 -0.44317804 0.26799380
v 0.65942890 -0.42016803 0.25581857
v 0.65692196 -0.38581669 0.13957964
v 0.64952258 -0.38678998 0.32396172
v 0.65078986 -0.38821425 0.24659065
v 0.65660608 -0.37541040 0.27681705
v 0.64210480 -0.23938193 0.16051493
v 0.65133922 -0.06027158 -0.13968825
v 0.65118265 0.02882395 0.06279672
v 0.66338450 0.02072365 -0.08666040
v 0.65523911 0.09013805 -0.00302412
v 0.67210303 0.37709299 0.19951568
v 0.64695344 0.52940863 -0.16100244
v 0.64912784 0.57228109 0.01447993
v 0.65824827 0.57344173 0.14098212
v 0.65517238 0.56669977 -0.16244255
v 0.66006450 0.59475084 -0.23083285
v 0.65271628 0.58968732 -0.13688570
v 0.66596542 0.67102193 0.25093705
v 0.67017551 0.68977544 -0.29625233
v 0.66163702 0.70332508 0.08051069
v 0.65598742 0.77705475 -0.34248404
v 0.65352561 0.79671057 -0.11383222
v 0.65282069 0.88219026 0.31998834
v 0.65821546 0.91958875 0.15421435
v 0.64983575 0.91553101 0.30613981
v 0.67114407 0.90886576 -0.33914417
v 0.66704291 0.94587106 -0.30690114
v 0.66157771 -0.95402107 0.06387683
v 0.65529326 -0.93929012 -0.15292252
v 0.66292228 -0.91999146 0.07947334
v 0.65816996 -0.45577204 0.29181664
v 0.66011078 -0.44948599 -0.30729823
v 0.66306645 -0.43541235 0.31957296
v 0.66653241 -0.43109130 -0.30048768
v 0.65830105 -0.41283539 0.32698110
v 0.65877875 -0.42502392 -0.36494731
v 0.65599091 -0.40678477 -0.28455484
v 0.66085158 -0.39081406 -0.29819641
v 0.66669196 -0.41124415 0.30930481
v 0.65869118 -0.35042951 -0.18585348
v 0.67047260 -0.17247247 0.12759504
v 0.67532231 -0.11101844 -0.13893441
v 0.64763663 -0.00067704 -0.11715906
v 0.65601970 0.08380881 -0.04275753
v 0.65620120 0.09082509 -0.02028962
v 0.65048906 0.54383046 0.09959724
v 0.66728667 0.63498745 0.12934859
v 0.67643123 0.65696807 -0.19177491
v 0.66249121 0.62905477 -0.26087143
v 0.66255818 0.76858092 -0.11680091
v 0.67120336 0.79101411 0.30442885
v 0.66978975 0.84951762 0.31772124
v 0.66937218 0.90814398 0.30401284
v 0.65191451 0.93900683 0.28600527
v 0.66697923 0.93709803 -0.21575131
v 0.66998904 -0.43400374 0.28765926
v 0.66817511 -0.44158618 -0.32452028
v 0.66834587 -0.41648960 0.27497589
v 0.66399423 -0.40894467 -0.35279017
v 0.66892336 -0.41705326 -0.30657901
v 0.66008704 -0.38726339 -0.33872746
v 0.64398469 -0.26552636 0.16283723
v 0.66993211 -0.10855297 0.10774426
v 0.67002751 0.05810512 -0.01245110
v 0.65171045 0.17126236 0.16326436
v 0.68845060 0.53224935 0.07981022
v 0.67048719 0.55292212 0.05652874
v 0.66408343 0.59194064 -0.19728524
v 0.66231522 0.59391672 0.18533327
v 0.66019417 0.61125452 0.21085441
v 0.66513095 0.66211542 -0.13925330
v 0.66010196 0.69281272 0.26749434
v 0.67059972 0.74716684 0.28815746
v 0.66666378 0.81685633 0.31325203
v 0.66769816 0.82722348 -0.13522894
v 0.67238810 0.87999189 0.31431877
v 0.66934703 0.93626423 0.28007730
v 0.66778656 -0.45579455 -0.11850269
v 0.66692299 -0.44187329 0.30348025
v 0.66990305 -0.41402755 -0.32921241
v 0.68940956 -0.27784123 -0.16713052
v 0.68019870 -0.04622925 0.06938383
v 0.65452179 0.08520929 0.00991555
v 0.66274550 0.14149776 0.12380398
v 0.67855462 0.26010757 -0.23035724
v 0.67296520 0.50613946 -0.16631776
v 0.68991917 0.55348164 -0.00897521
v 0.66623598 0.60389609 0.17560247
v 0.67537836 0.63904837 -0.23627761
v 0.66383186 0.74429965 -0.32776567
v 0.67130105 0.79523536 0.09870826
v 0.67496020 0.82274788 -0.34860180
v 0.66533554 0.83378452 0.10129710
v 0.67052129 0.86817246 -0.15634638
v 0.66876556 0.89236181 -0.17203225
v 0.66287682 0.93777018 0.17654747
v 0.66637478 0.95923420 -0.25033188
v 0.66515730 -0.48664728 0.01765157
v 0.66580056 -0.47140884 0.05892768
v 0.67295148 -0.24125553 -0.17783586
v 0.67358705 -0.22646877 0.13837494
v 0.67886689 0.00126377 0.04163991
v 0.65568381 0.21751211 -0.22817344
v 0.67193444 0.63228641 0.16251262
v 0.67996259 0.67192326 -0.26305606
v 0.67334870 0.74054920 0.10226724
v 0.67787503 0.71170656 0.26326366
v 0.68274556 0.74361675 -0.17290071
v 0.67960022 0.71004362 -0.29632685
v 0.66860327 0.72689505 -0.12850081
v 0.66578119 0.73935004 -0.11980651
v 0.67507179 0.79122666 -0.14151846
v 0.68025353 0.84578971 -0.16126927
v 0.67092286 0.87054636 -0.35423598
v 0.66996263 0.90299936 0.14728409
v 0.68322948 0.90567607 0.28822695
v 0.67231455 0.95544865 0.23937093
v 0.68681697 -0.46986174 -0.05252997
v 0.68236522 -0.43641482 0.08601479
v 0.67802949 -0.42192604 -0.13919819
v 0.66604797 -0.32276927 0.14821266
v 0.67636378 0.01954090 -0.06407701
v 0.65929971 0.09719196 -0.02198060
v 0.67951112 0.10910794 0.01668657
v 0.65479798 0.15617684 -0.18552779
v 0.69389602 0.38979715 0.18194791
v 0.67331866 0.47857041 -0.18997803
v 0.68815297 0.50678274 0.11793495
v 0.66562760 0.55274659 -0.10027858
v 0.68017162 0.67582987 0.22727890
v 0.68111691 0.70406387 0.14314000
v 0.68422582 0.73896643 0.26933766
v 0.67867612 0.79629091 0.11554596
v 0.67835901 0.77692842 -0.33151374
v 0.67968292 0.84070005 0.12691151
v 0.67168848 0.87440636 0.12867886
v 0.68726135 0.87241295 0.30107099
v 0.68211638 0.93048673 -0.30365120
v 0.67889642 0.91782131 -0.20877518
v 0.67557912 0.93940890 -0.22888063
v 0.67489063 0.94922946 0.21070051
v 0.67779347 0.95043610 -0.26915658
v 0.69074674 -0.46983606 -0.01527601
v 0.68772830 -0.03365032 -0.08365608
v 0.68692001 0.01190532 -0.03877381
v 0.68936217 0.12112218 -0.08473037
v 0.67873794 0.13194246 0.09140536
v 0.67695901 0.29486053 -0.23777192
v 0.67019833 0.35059111 -0.24119704
v 0.68843552 0.70438173 0.21154135
v 0.68678343 0.71682592 -0.20411872
v 0.68791806 0.79165554 0.28895783
v 0.69311514 0.84371706 -0.33221757
v 0.68019738 0.88966812 0.15254570
v 0.67571370 0.92679010 0.17756295
v 0.69094455 0.91150092 0.23154899
v 0.69891733 -0.40536389 -0.12628659
v 0.68664018 -0.39004274 0.11200105
v 0.67199300 -0.33085849 -0.17970438
v 0.67756828 -0.06093225 -0.11444450
v 0.68789289 0.01150977 -0.00432188
v 0.68384120 0.21462321 0.17267644
v 0.67488410 0.28633337 0.20167038
v 0.66610650 0.45221149 -0.21180893
v 0.69078975 0.43516028 0.16619037
v 0.68768672 0.70392482 0.19321271
v 0.69231827 0.77146013 0.16940425
v 0.68898293 0.74298037 -0.29798105
v 0.68374471 0.82793819 0.30418812
v 0.68495385 0.87992489 -0.33705991
v 0.68339373 0.91922394 0.19099060
v 0.68577124 0.92389187 -0.24093161
v 0.67805192 -0.19000117 -0.16260711
v 0.69873246 -0.17246784 0.09840395
v 0.68120881 -0.08976575 0.08827869
v 0.69309442 0.22756044 -0.20768721
v 0.68664743 0.52695041 -0.12604798
v 0.67437064 0.56234265 -0.03149081
v 0.68556598 0.68541205 -0.23414089
v 0.69033680 0.72954853 0.24247274
v 0.69243651 0.82813853 0.16386120
v 0.68719236 0.87800928 0.16479307
v 0.68491137 0.88244603 -0.18993225
v 0.69473689 0.88768804 0.21472319
v 0.68181779 0.93255757 0.26079494
v 0.69152382 0.90825000 -0.28125411
v 0.69836912 -0.45530234 0.02531785
v 0.70582992 -0.32166080 -0.14828126
v 0.70113697 -0.11615398 0.07187886
v 0.67759103 0.13253625 -0.13282890
v 0.68945809 0.16992072 0.13281587
v 0.68847809 0.20221166 -0.19731452
v 0.69283584 0.32037728 0.19223304
v 0.68902130 0.37466332 -0.22617845
v 0.70503770 0.43045603 -0.19489680
v 0.68853780 0.70869192 -0.26340777
v 0.69720260 0.76611946 -0.24782781
v 0.69522366 0.77690123 0.26238237
v 0.69456869 0.79035604 -0.21344291
v 0.68960381 0.79425168 -0.32458535
v 0.69071365 0.82290551 -0.19158761
v 0.69852783 0.82511897 0.27597506
v 0.69470365 0.86514899 0.18794073
v 0.69493699 0.86903639 0.28063283
v 0.69558312 0.88085284 -0.24108420
v 0.70198654 -0.35216091 -0.14588175
v 0.68661272 -0.30090462 0.13351812
v 0.69581759 -0.17180005 -0.13818163
v 0.68862824 -0.00702117 0.02405567
v 0.71274747 0.13312613 0.03009542
v 0.69264856 0.54582358 0.03387728
v 0.69669248 0.76604897 0.21978060
v 0.69338004 -0.44854869 -0.08741286
v 0.68126533 -0.35945725 0.12931627
v 0.70958527 -0.06353855 0.01095779
v 0.69267075 0.12357018 0.04794819
v 0.69757580 0.16961355 -0.16296157
v 0.69882472 0.29658559 -0.22275343
v 0.71721888 0.44000181 0.13996636
v 0.68774018 0.54701630 -0.07883578
v 0.72244209 0.52541283 0.00871180
v 0.69818789 0.77970206 -0.28721037
v 0.70116037 0.81390992 0.22783782
v 0.69982018 0.82238081 -0.30635848
v 0.70044680 0.80530434 0.25235620
v 0.70078390 0.82690479 -0.24983041
v 0.70124604 0.84798921 -0.27958469
v 0.70069773 0.85037541 0.25501264
v 0.69752854 0.85674800 -0.31256133
v 0.70015551 0.85125267 0.22228878
v 0.69861500 -0.23353658 0.11578394
v 0.70674552 -0.09136473 0.04626444
v 0.70135000 -0.05704119 -0.07042569
v 0.69093864 0.11338916 -0.03388322
v 0.69644300 0.20183593 0.15536881
v 0.70237368 0.33391283 -0.22145462
v 0.70546369 0.53895173 -0.05676674
v 0.71332756 -0.43958198 -0.04413329
v 0.71205459 -0.28043320 0.10441356
v 0.70528885 -0.12474186 -0.10320284
v 0.70808329 0.14951363 -0.12031864
v 0.72496675 0.22822661 0.14130611
v 0.71421794 0.46818654 -0.16150460
v 0.72911126 -0.29740562 -0.11579504
v 0.70787344 0.15297463 0.08894858
v 0.72270707 0.18212707 0.10735934
v 0.71731127 -0.43316375 0.01261882
v 0.71511380 -0.42406101 -0.07370404
v 0.70947749 -0.41047102 0.06825889
v 0.70859491 -0.35902455 0.09859423
v 0.70572377 -0.24908826 -0.14621692
v 0.72352801 -0.23143629 0.07713217
v 0.71373604 -0.20377411 -0.12378541
v 0.71259211 0.26670805 0.17014991
v 0.71531268 0.50186514 -0.12474996
v 0.72337393 -0.37411328 0.06708107
v 0.73246030 0.14539342 -0.01587635
v 0.73043419 0.32118019 -0.19495860
v 0.70909554 0.50554004 0.09308449
v 0.72265160 0.51496740 -0.08608170
v 0.73006092 -0.40945419 -0.04294067
v 0.71956975 -0.37021950 -0.11401845
v 0.72378366 -0.31211846 0.08522544
v 0.73252106 -0.27029405 0.06801305
v 0.71814319 -0.16777515 0.06408245
v 0.70943787 -0.05437055 -0.03140427
v 0.74365846 0.18405475 0.07164939
v 0.73237196 0.17505665 -0.12048785
v 0.72678125 0.20581352 -0.16077774
v 0.73003422 0.26276145 0.15068293
v 0.71664065 0.27280756 -0.20381046
v 0.73964928 0.30742903 0.14786887
v 0.71870029 0.39696798 0.15786412
v 0.72920827 -0.41334543 -0.00285530
v 0.73208704 -0.38630465 -0.07399831
v 0.73489968 -0.36591684 0.04676338
v 0.72948825 -0.32871144 0.07140740
v 0.72137068 -0.11557187 -0.05486019
v 0.72264122 -0.12377455 0.02346232
v 0.72513445 0.23398117 -0.18015787
v 0.71761927 0.33550632 0.17182842
v 0.72255080 0.51457308 0.04968906
v 0.72795061 0.52114086 -0.03884645
v 0.73458935 -0.39359480 -0.05966828
v 0.73215246 -0.39244867 0.02940189
v 0.73508229 -0.23481226 -0.09156333
v 0.71541343 -0.07487015 -0.01223534
v 0.75088819 0.17419470 0.02546958
v 0.71868885 0.13868281 -0.07017275
v 0.73647487 0.35475163 0.14965245
v 0.72053229 0.38051656 -0.19925276
v 0.73483233 0.43379653 -0.15911769
v 0.74494512 0.47369230 0.07002000
v 0.73414016 -0.40908565 -0.01507074
v 0.73650796 -0.40697212 -0.03688976
v 0.73600764 -0.40522186 0.00532940
v 0.73972412 -0.38692953 0.03197007
v 0.73636156 -0.35234161 -0.08615960
v 0.73966444 -0.32680259 -0.08700541
v 0.72851216 -0.19203872 0.05195194
v 0.74099258 -0.18774831 -0.01644541
v 0.74422863 0.22232427 0.11099941
v 0.74501284 0.40295838 0.12460741
v 0.74084735 -0.36912606 -0.07867621
v 0.74153874 -0.31332674 0.04810557
v 0.74030866 -0.24909617 0.04423649
v 0.74179920 -0.21318287 0.01934936
v 0.73290028 -0.18664898 -0.07402996
v 0.74521761 0.27125912 0.13469949
v 0.75351541 0.34626913 -0.16397805
v 0.73283292 0.45299657 0.11134494
v 0.74586840 0.49119870 -0.06939791
v 0.75177578 0.49172207 -0.01300200
v 0.76603180 -0.41774813 -0.03675630
v 0.73910526 -0.34912577 0.04902510
v 0.74496556 -0.34009268 -0.08496916
v 0.74580810 -0.32998022 0.04884133
v 0.74523066 -0.28861541 0.03574183
v 0.75084982 -0.26329830 -0.01565634
v 0.74899285 0.17204241 -0.06706365
v 0.74428942 0.46579336 -0.11730685
v 0.74932369 -0.26930678 0.00856282
v 0.74559993 -0.22098839 -0.03608748
v 0.75674084 0.20993531 -0.11362979
v 0.75169363 0.39211050 -0.15427975
v 0.75975823 0.47055648 0.02784141
v 0.74587487 -0.29142044 -0.07369705
v 0.75048974 -0.27154893 -0.04334754
v 0.75034385 0.30394254 -0.17008795
v 0.75688872 0.42719147 0.08964481
v 0.76674991 -0.39992897 0.03241158
v 0.74767002 -0.30406577 0.03971919
v 0.74879759 -0.30674973 -0.07790051
v 0.75409459 -0.28062117 0.01938097
v 0.75419778 -0.28097952 -0.05441040
v 0.76486621 0.20068412 -0.07027260
v 0.75907628 0.25370531 0.10528440
v 0.75607611 0.32135770 0.12609249
v 0.76562496 -0.41013994 -0.05478730
v 0.77512282 -0.30367096 -0.08737531
v 0.76448595 0.22283666 0.06907077
v 0.75080635 0.23038741 -0.14261914
v 0.76076860 0.37621290 0.11033830
v 0.76289223 0.41044558 -0.12376296
v 0.76253468 -0.41852115 -0.01072213
v 0.77237109 -0.39077909 -0.07945283
v 0.78311604 -0.31325158 0.05796926
v 0.77730602 -0.29777834 0.04792055
v 0.76602828 -0.26782027 -0.03073404
v 0.76889120 -0.36741986 -0.09063314
v 0.76889483 0.19785148 -0.01866105
v 0.76636062 0.20237768 0.02712470
v 0.75653402 0.27107624 -0.15471254
v 0.76875398 0.43387181 0.05454976
v 0.77356977 0.42241380 -0.08618559
v 0.76085682 0.46636538 -0.06555235
v 0.75529328 -0.26961719 -0.01338043
v 0.76544995 0.29321153 0.10739015
v 0.76903671 0.34973160 -0.13747342
v 0.77034101 0.33475270 0.10052645
v 0.77666527 0.37154771 0.07970649
v 0.78477676 0.39459512 0.04110848
v 0.77621215 0.44104618 -0.01454869
v 0.77557359 0.26289239 -0.11224373
v 0.77547946 0.30971831 -0.12646164
v 0.78280252 0.37350955 -0.09808345
v 0.78785300 0.39926395 0.01596288
v 0.77920756 -0.33214747 -0.09686801
v 0.77941828 0.22246010 -0.03046335
v 0.78189167 0.24208131 -0.07031031
v 0.79375868 -0.42174458 -0.02117559
v 0.78818907 -0.40579812 0.03048924
v 0.79570402 -0.38971897 -0.08287912
v 0.77808164 -0.27952158 -0.06611510
v 0.80215800 -0.26494711 -0.04393953
v 0.77585575 0.28234923 0.08310523
v 0.77304260 -0.34914839 0.06025010
v 0.78277963 0.25433497 0.04544545
v 0.79109750 0.31128138 -0.08322502
v 0.78869614 0.40373288 -0.03234053
v 0.77593152 -0.41592956 0.01051545
v 0.78626285 -0.40927183 -0.06126237
v 0.80936039 -0.27689489 -0.06471288
v 0.78675148 -0.27398422 0.02605200
v 0.79339663 0.27103747 -0.04090054
v 0.78922675 0.25349821 0.00336354
v 0.79274696 0.30092257 0.03508738
v 0.78854434 0.33359907 0.05533001
v 0.77724037 -0.38446005 0.04927122
v 0.80459115 -0.29460604 0.04747501
v 0.78564412 -0.26227296 -0.00953671
v 0.79723382 0.34819612 0.00528503
v 0.79525137 0.35279809 -0.05743580
v 0.81536949 -0.41220271 -0.04645827
v 0.81766114 -0.38570504 0.04433924
v 0.79664448 -0.34989936 -0.09838776
v 0.79530945 -0.37003426 0.05789110
v 0.81908431 -0.27414816 0.02189526
v 0.79878957 0.31318952 -0.02045591
v 0.80394721 -0.29990671 -0.08766822
v 0.80978694 -0.26351881 -0.00106019
v 0.81477225 -0.40494579 0.02562558
v 0.81969627 -0.41613690 -0.01158308
v 0.82996704 -0.39793432 -0.05953063
v 0.81751273 -0.36426959 -0.09050548
v 0.82261685 -0.31706576 0.05547397
v 0.80857407 -0.34307288 0.06245793
v 0.82281385 -0.36474983 0.05342868
v 0.81952528 -0.33325696 -0.09464757
v 0.82899838 -0.28597675 -0.06637758
v 0.83383394 -0.37973070 -0.07547074
v 0.83683853 -0.35096235 0.04940427
v 0.83556119 -0.30612057 -0.07841529
v 0.84092405 -0.40022937 0.00386776
v 0.84323071 -0.37360513 0.03561859
v 0.84423904 -0.32507287 -0.07939042
v 0.83114445 -0.27013218 -0.03315931
v 0.84168435 -0.40202932 -0.02764264
v 0.85159879 -0.31940205 0.03614773
v 0.83554291 -0.29122559 0.03237529
v 0.84667578 -0.28346170 -0.03987813
v 0.85519746 -0.35871615 0.03067948
v 0.84196829 -0.27551060 -0.01186229
v 0.86124903 -0.34358856 -0.06199470
v 0.85651372 -0.30608591 -0.05652100
v 0.85603941 -0.38068629 0.00977226
v 0.84704673 -0.28673717 0.01164883
v 0.86167416 -0.38152917 -0.01830027
v 0.85081841 -0.35479061 -0.07333934
v 0.85529211 -0.38252151 -0.04336941
v 0.86437117 -0.36430633 -0.04529465
v 0.86145740 -0.32251944 0.02296778
v 0.87275850 -0.34575394 -0.00527500
v 0.87088212 -0.32315594 -0.03485434
v 0.86178566 -0.29735058 -0.01009113
v 0.86171991 -0.29928173 -0.03326519
v 0.87187746 -0.34801140 -0.03038601
f 2 3 4
f 1 4 3
f 3 5 1
f 4 7 2
f 2 6 3
f 3 6 9
f 3 15 5
f 1 10 4
f 9 15 3
f 7 4 11
f 11 4 10
f 17 6 2
f 17 2 7
f 7 11 18
f 10 12 11
f 5 8 1
f 13 10 1
f 15 19 5
f 5 19 8
f 13 1 8
f 9 6 14
f 18 24 7
f 24 17 7
f 9 29 15
f 19 20 8
f 10 39 12
f 28 23 21
f 6 17 14
f 9 14 25
f 25 29 9
f 29 30 15
f 15 30 19
f 13 39 10
f 22 21 35
f 28 21 22
f 31 28 22
f 27 26 21
f 23 27 21
f 28 14 23
f 14 17 16
f 16 17 24
f 21 34 35
f 21 26 34
f 27 32 26
f 41 32 27
f 27 23 16
f 28 33 14
f 16 23 14
f 16 24 27
f 25 14 33
f 18 11 38
f 12 38 11
f 49 13 8
f 31 40 28
f 40 36 28
f 33 28 36
f 37 25 33
f 18 42 24
f 20 49 8
f 13 48 39
f 22 35 43
f 34 26 60
f 60 26 32
f 33 36 47
f 37 33 47
f 41 27 24
f 37 29 25
f 29 37 51
f 51 30 29
f 20 19 53
f 49 68 13
f 35 34 43
f 32 41 46
f 24 42 41
f 30 53 19
f 53 64 20
f 43 56 22
f 56 44 22
f 22 44 31
f 44 45 31
f 31 45 40
f 42 63 41
f 18 38 42
f 38 54 59
f 54 38 39
f 39 38 12
f 40 58 36
f 58 47 36
f 46 41 63
f 37 47 51
f 55 49 20
f 43 34 50
f 43 50 56
f 70 60 32
f 32 46 70
f 51 52 30
f 42 38 59
f 52 53 30
f 49 55 68
f 13 68 48
f 44 61 45
f 51 47 62
f 65 39 48
f 34 60 50
f 45 67 40
f 58 40 67
f 70 46 57
f 63 71 46
f 59 63 42
f 52 51 62
f 56 66 44
f 53 52 64
f 65 54 39
f 60 72 50
f 44 66 61
f 45 61 67
f 48 76 65
f 48 82 76
f 68 82 48
f 56 50 69
f 72 60 70
f 57 46 71
f 47 58 62
f 71 63 59
f 62 64 52
f 54 85 59
f 20 80 55
f 69 50 72
f 57 75 70
f 62 84 64
f 20 64 80
f 56 69 66
f 61 83 67
f 85 71 59
f 85 54 73
f 55 80 78
f 68 55 74
f 82 68 74
f 70 75 72
f 79 62 58
f 62 79 84
f 76 82 122
f 61 66 83
f 84 91 64
f 64 91 80
f 54 65 73
f 55 78 74
f 67 89 58
f 71 90 57
f 77 78 80
f 76 81 65
f 57 96 75
f 89 67 83
f 89 79 58
f 76 122 81
f 93 122 82
f 92 93 82
f 74 92 82
f 72 75 86
f 72 86 69
f 66 69 87
f 57 90 96
f 71 85 120
f 81 73 65
f 74 78 88
f 81 122 111
f 74 88 92
f 87 69 86
f 75 96 86
f 66 87 83
f 89 104 79
f 90 71 120
f 99 78 77
f 78 99 88
f 84 79 104
f 84 104 108
f 108 97 84
f 97 91 84
f 85 73 109
f 77 80 91
f 92 130 93
f 87 86 95
f 83 87 103
f 96 95 86
f 96 90 112
f 90 120 107
f 77 91 114
f 109 73 81
f 114 98 77
f 77 98 99
f 87 100 103
f 87 95 94
f 100 87 94
f 83 103 89
f 112 90 107
f 106 108 104
f 109 81 110
f 110 81 111
f 100 101 103
f 96 102 95
f 89 103 104
f 85 109 120
f 98 139 99
f 95 117 94
f 117 95 102
f 96 112 102
f 105 103 101
f 104 103 105
f 104 105 106
f 91 127 114
f 110 129 109
f 88 99 134
f 100 94 123
f 102 115 117
f 102 112 115
f 106 105 113
f 112 107 115
f 120 109 128
f 97 127 91
f 122 155 111
f 88 134 92
f 123 124 100
f 117 123 94
f 100 116 101
f 108 106 126
f 97 108 126
f 127 97 133
f 114 121 98
f 130 92 134
f 100 124 116
f 117 125 123
f 117 115 125
f 116 137 101
f 101 137 105
f 118 125 115
f 118 115 119
f 115 107 119
f 107 120 164
f 128 109 129
f 138 121 127
f 127 121 114
f 153 110 111
f 122 93 176
f 130 176 93
f 123 159 124
f 123 125 159
f 105 137 113
f 97 126 133
f 120 128 164
f 121 182 98
f 124 131 116
f 147 137 116
f 113 126 106
f 119 107 164
f 140 153 111
f 131 163 116
f 125 118 159
f 137 165 113
f 165 126 113
f 126 132 133
f 133 149 127
f 127 149 138
f 128 129 151
f 152 129 110
f 155 140 111
f 154 134 99
f 155 122 176
f 143 135 141
f 143 136 135
f 135 144 141
f 136 145 135
f 135 146 144
f 145 146 135
f 146 158 144
f 163 147 116
f 189 159 118
f 118 119 148
f 128 151 150
f 138 182 121
f 152 110 153
f 139 175 99
f 156 143 141
f 144 161 142
f 142 141 144
f 136 143 157
f 145 136 157
f 172 158 146
f 180 124 159
f 165 132 126
f 133 132 202
f 128 184 164
f 151 129 224
f 98 182 139
f 167 130 134
f 225 176 130
f 167 225 130
f 141 160 156
f 141 142 160
f 168 143 156
f 161 160 142
f 170 161 144
f 158 170 144
f 171 145 157
f 145 171 146
f 171 172 146
f 124 180 131
f 189 180 159
f 189 118 148
f 148 119 164
f 202 149 133
f 150 184 128
f 149 174 138
f 138 231 182
f 224 129 152
f 153 193 152
f 177 168 156
f 169 143 168
f 143 169 157
f 188 170 158
f 162 188 158
f 162 158 172
f 137 147 165
f 150 166 184
f 182 175 139
f 154 99 175
f 154 167 134
f 183 156 160
f 161 194 160
f 195 178 169
f 178 157 169
f 157 178 196
f 171 157 196
f 179 171 196
f 198 162 172
f 147 190 165
f 185 181 149
f 150 173 166
f 149 181 174
f 150 151 173
f 174 231 138
f 177 156 183
f 183 160 194
f 204 168 177
f 168 204 169
f 161 170 187
f 171 179 172
f 198 197 162
f 147 163 213
f 148 199 189
f 202 185 149
f 173 216 166
f 151 224 210
f 183 194 235
f 204 195 169
f 161 205 186
f 161 187 205
f 187 170 188
f 179 211 172
f 162 219 188
f 219 162 197
f 163 131 208
f 213 163 208
f 200 147 213
f 165 190 132
f 184 215 164
f 202 214 185
f 191 184 166
f 192 191 166
f 192 166 216
f 173 151 210
f 182 269 175
f 152 193 232
f 176 372 155
f 372 176 225
f 186 226 194
f 194 161 186
f 131 180 212
f 208 131 212
f 147 200 190
f 148 164 201
f 132 190 202
f 164 215 201
f 191 215 184
f 185 214 191
f 185 191 192
f 185 192 221
f 248 221 192
f 221 222 185
f 185 222 181
f 224 152 232
f 193 153 140
f 175 233 154
f 203 177 183
f 177 203 227
f 227 204 177
f 205 187 229
f 195 206 178
f 206 207 178
f 207 196 178
f 211 198 172
f 189 199 180
f 148 201 199
f 215 191 214
f 285 216 173
f 239 174 181
f 239 231 174
f 231 269 182
f 155 217 140
f 249 203 183
f 212 180 199
f 190 209 202
f 192 216 248
f 181 222 239
f 154 233 255
f 226 235 194
f 206 228 207
f 207 237 196
f 229 187 238
f 198 211 247
f 245 247 211
f 197 198 272
f 208 212 230
f 230 200 213
f 190 200 209
f 214 209 215
f 202 209 214
f 221 294 222
f 248 216 295
f 173 210 285
f 269 233 175
f 167 154 255
f 155 372 217
f 249 183 235
f 243 206 195
f 244 228 206
f 205 229 236
f 207 228 237
f 238 187 305
f 188 305 187
f 179 196 211
f 197 272 219
f 247 272 198
f 199 230 212
f 208 230 213
f 230 199 220
f 201 220 199
f 220 201 215
f 285 295 216
f 239 222 223
f 232 193 254
f 254 193 140
f 225 167 234
f 241 227 203
f 275 204 227
f 243 244 206
f 229 263 236
f 264 196 237
f 211 196 218
f 230 220 209
f 230 209 200
f 215 209 220
f 253 223 222
f 296 269 231
f 233 269 286
f 250 203 249
f 256 227 241
f 256 275 227
f 275 243 204
f 257 226 186
f 204 243 195
f 259 228 244
f 229 238 263
f 219 246 188
f 245 211 218
f 222 294 253
f 210 224 240
f 224 232 240
f 233 287 255
f 167 255 234
f 241 203 250
f 226 251 235
f 226 257 251
f 257 186 242
f 186 205 242
f 259 262 228
f 263 261 236
f 228 262 237
f 264 265 196
f 305 188 266
f 245 306 247
f 268 252 267
f 252 284 273
f 248 294 221
f 231 239 296
f 140 217 254
f 270 372 225
f 299 235 251
f 242 205 271
f 271 205 236
f 302 259 244
f 261 260 236
f 188 246 266
f 272 246 219
f 252 273 277
f 267 252 277
f 267 281 268
f 273 284 282
f 284 252 268
f 294 248 316
f 316 248 295
f 217 274 254
f 235 299 249
f 348 299 251
f 250 326 241
f 241 326 256
f 326 300 256
f 301 257 242
f 243 258 244
f 302 244 258
f 271 236 260
f 261 263 289
f 237 262 264
f 265 218 196
f 218 312 245
f 277 273 292
f 267 278 281
f 268 281 313
f 313 283 268
f 268 293 284
f 285 210 343
f 240 343 210
f 286 269 296
f 232 254 298
f 255 287 331
f 372 274 217
f 234 255 331
f 309 250 249
f 251 349 348
f 349 251 301
f 288 275 256
f 301 251 257
f 275 310 243
f 302 303 259
f 259 290 262
f 262 290 264
f 289 263 291
f 238 291 263
f 318 246 272
f 292 276 277
f 280 292 273
f 268 283 293
f 308 285 343
f 309 249 299
f 326 250 440
f 327 271 260
f 265 312 218
f 247 318 272
f 247 306 318
f 276 320 277
f 277 278 267
f 292 280 279
f 330 339 278
f 273 282 280
f 278 339 281
f 282 284 314
f 253 294 315
f 253 315 358
f 223 253 358
f 308 295 285
f 407 296 239
f 297 286 296
f 287 233 286
f 234 411 225
f 440 250 309
f 300 288 256
f 260 261 328
f 264 290 304
f 264 304 351
f 266 246 317
f 245 312 306
f 277 320 278
f 281 340 313
f 314 355 282
f 284 357 314
f 357 284 293
f 288 310 275
f 376 242 271
f 336 302 258
f 303 486 259
f 259 486 290
f 238 311 291
f 264 351 265
f 318 317 246
f 320 365 278
f 365 368 278
f 279 276 292
f 278 368 330
f 339 340 281
f 355 314 356
f 283 307 293
f 294 316 341
f 342 316 295
f 223 407 239
f 232 298 240
f 287 286 400
f 287 495 331
f 410 411 234
f 225 411 270
f 309 299 335
f 301 362 418
f 362 301 242
f 242 376 362
f 376 271 327
f 336 303 302
f 404 327 328
f 328 327 260
f 261 289 419
f 238 305 311
f 311 305 352
f 305 266 352
f 265 463 312
f 319 306 312
f 280 282 369
f 282 355 369
f 315 294 341
f 295 308 342
f 223 358 407
f 297 296 407
f 387 298 254
f 326 441 300
f 349 301 418
f 258 310 363
f 310 258 243
f 419 289 350
f 289 291 350
f 393 304 290
f 318 306 319
f 283 452 307
f 357 293 307
f 297 386 286
f 274 387 254
f 331 410 234
f 345 323 332
f 321 323 345
f 325 321 322
f 321 324 323
f 321 325 324
f 325 347 324
f 470 349 418
f 376 327 337
f 303 336 536
f 328 261 419
f 318 319 379
f 276 405 320
f 279 280 354
f 369 354 280
f 313 383 283
f 357 399 314
f 342 341 316
f 343 240 408
f 286 386 400
f 359 344 345
f 344 321 345
f 344 322 321
f 332 323 346
f 323 333 346
f 324 333 323
f 334 360 325
f 324 347 333
f 325 360 347
f 439 440 309
f 326 440 469
f 326 469 441
f 417 288 300
f 363 336 258
f 337 327 404
f 536 486 303
f 291 311 350
f 311 352 338
f 320 405 329
f 320 329 365
f 279 367 394
f 367 279 354
f 356 314 371
f 314 399 371
f 383 452 283
f 315 341 384
f 510 274 372
f 373 322 344
f 346 414 332
f 334 325 322
f 333 374 346
f 360 361 347
f 309 335 439
f 335 299 348
f 363 377 536
f 336 363 536
f 486 393 290
f 393 364 304
f 317 318 379
f 422 319 312
f 394 276 279
f 355 370 369
f 355 398 370
f 356 398 355
f 384 358 315
f 431 342 308
f 240 298 385
f 385 298 387
f 287 400 495
f 274 510 496
f 388 322 373
f 388 334 322
f 375 360 334
f 391 333 347
f 361 360 390
f 391 347 361
f 335 348 403
f 349 403 348
f 417 310 288
f 502 328 419
f 420 419 350
f 304 378 351
f 266 317 353
f 319 422 446
f 368 365 366
f 395 354 369
f 395 369 382
f 382 369 370
f 313 340 383
f 356 406 398
f 371 406 356
f 399 406 371
f 308 343 431
f 431 343 408
f 410 331 466
f 345 332 413
f 359 345 413
f 412 344 359
f 412 373 344
f 389 334 388
f 375 458 360
f 459 333 391
f 310 444 363
f 376 337 392
f 364 393 421
f 350 311 420
f 364 378 304
f 445 265 351
f 353 317 379
f 365 329 425
f 394 405 276
f 366 365 425
f 424 394 367
f 380 330 368
f 330 396 339
f 395 382 381
f 396 397 339
f 339 397 340
f 397 428 340
f 452 383 451
f 358 493 407
f 407 432 297
f 387 564 385
f 372 270 510
f 481 359 413
f 412 359 433
f 413 332 434
f 434 332 414
f 401 414 346
f 374 401 346
f 334 389 375
f 458 415 360
f 415 390 360
f 335 416 461
f 439 335 461
f 470 403 349
f 441 516 417
f 441 417 300
f 362 392 443
f 392 362 376
f 392 337 404
f 486 421 393
f 353 379 504
f 319 446 379
f 380 368 366
f 354 395 367
f 380 396 330
f 382 370 427
f 428 383 340
f 430 370 398
f 456 398 406
f 453 307 452
f 384 493 358
f 408 240 385
f 386 409 400
f 331 495 466
f 270 411 532
f 433 359 481
f 435 374 333
f 333 459 435
f 361 402 391
f 437 361 390
f 403 470 462
f 417 442 310
f 442 444 310
f 377 363 444
f 311 338 420
f 378 445 351
f 352 266 353
f 312 463 422
f 379 446 504
f 405 423 329
f 394 474 405
f 367 395 447
f 447 395 488
f 395 426 488
f 426 395 381
f 381 427 449
f 381 382 427
f 383 428 451
f 509 370 430
f 406 399 429
f 455 456 406
f 399 357 454
f 408 385 465
f 297 432 386
f 432 409 386
f 481 413 497
f 482 388 373
f 335 403 416
f 265 445 463
f 329 423 425
f 424 474 394
f 447 424 367
f 464 523 396
f 523 397 396
f 427 370 509
f 307 454 357
f 455 406 429
f 398 456 430
f 387 274 496
f 375 389 484
f 391 436 459
f 415 438 390
f 391 402 436
f 438 437 390
f 361 437 402
f 469 440 439
f 471 418 362
f 443 471 362
f 338 352 539
f 505 504 446
f 475 447 488
f 366 448 380
f 490 396 380
f 464 396 490
f 426 381 449
f 523 450 397
f 428 397 450
f 307 453 454
f 478 455 429
f 455 479 456
f 496 564 387
f 411 410 466
f 457 412 433
f 497 413 467
f 413 434 467
f 482 373 412
f 434 511 467
f 483 434 414
f 388 533 389
f 468 458 375
f 438 415 460
f 416 403 462
f 570 444 442
f 444 500 377
f 419 420 501
f 338 501 420
f 421 538 364
f 364 487 378
f 378 472 445
f 463 556 422
f 505 446 422
f 423 405 473
f 405 474 541
f 447 475 424
f 424 475 474
f 425 506 448
f 366 425 448
f 380 448 490
f 507 426 449
f 476 428 450
f 476 451 428
f 509 577 427
f 429 399 454
f 453 508 454
f 430 492 509
f 430 456 479
f 492 430 479
f 407 493 432
f 408 465 431
f 434 483 511
f 566 388 482
f 512 414 401
f 401 374 485
f 484 468 375
f 435 485 374
f 585 415 458
f 437 514 402
f 469 551 441
f 443 392 571
f 536 519 486
f 338 520 501
f 463 445 556
f 422 556 505
f 541 473 405
f 507 449 524
f 527 524 449
f 449 427 527
f 427 577 527
f 477 452 451
f 452 477 453
f 479 455 491
f 492 529 509
f 480 342 431
f 431 465 548
f 400 581 495
f 532 510 270
f 565 433 481
f 482 412 457
f 533 388 566
f 512 401 485
f 533 484 389
f 484 498 468
f 458 468 585
f 402 550 436
f 513 402 514
f 499 437 438
f 514 439 461
f 516 441 551
f 516 442 417
f 470 418 553
f 553 418 471
f 570 500 444
f 486 538 421
f 419 501 502
f 364 538 487
f 487 472 378
f 539 352 608
f 608 352 353
f 503 353 504
f 474 475 557
f 474 557 541
f 425 423 506
f 490 448 521
f 464 522 523
f 451 476 526
f 478 429 528
f 559 455 478
f 491 455 559
f 543 479 491
f 543 492 479
f 480 384 341
f 480 341 342
f 385 564 465
f 409 494 400
f 400 494 581
f 510 681 496
f 497 640 481
f 640 565 481
f 457 433 565
f 582 497 467
f 602 566 482
f 414 512 483
f 460 415 585
f 437 499 514
f 515 469 514
f 469 439 514
f 515 551 469
f 517 553 471
f 570 590 500
f 501 520 555
f 608 353 503
f 504 505 540
f 506 558 448
f 490 521 489
f 488 426 507
f 464 489 522
f 490 489 464
f 523 575 450
f 450 525 476
f 451 526 477
f 453 477 669
f 429 454 508
f 508 528 429
f 612 577 509
f 559 626 491
f 626 613 491
f 560 529 492
f 560 492 543
f 496 639 564
f 482 457 583
f 511 483 683
f 569 485 435
f 438 587 499
f 514 461 513
f 499 515 514
f 461 416 513
f 534 513 416
f 416 462 535
f 516 645 442
f 645 570 442
f 517 471 518
f 518 471 443
f 392 404 571
f 328 502 537
f 519 538 486
f 572 503 504
f 473 721 423
f 521 448 558
f 475 488 610
f 573 489 521
f 610 488 507
f 575 523 522
f 478 528 559
f 491 613 543
f 530 531 562
f 530 547 531
f 480 600 384
f 494 563 581
f 532 681 510
f 582 640 497
f 565 583 457
f 549 467 511
f 737 566 602
f 642 533 566
f 533 568 484
f 498 484 568
f 435 459 586
f 460 585 662
f 459 436 586
f 438 460 643
f 402 534 550
f 402 513 534
f 499 587 515
f 534 416 535
f 589 516 551
f 462 470 552
f 500 667 377
f 519 554 538
f 554 487 538
f 501 555 502
f 605 520 539
f 520 338 539
f 556 540 505
f 540 572 504
f 506 423 542
f 475 610 557
f 450 575 525
f 453 835 508
f 453 669 835
f 561 562 544
f 561 530 562
f 545 547 530
f 531 579 562
f 547 545 621
f 531 546 579
f 547 599 531
f 531 599 546
f 547 580 599
f 432 493 601
f 602 482 583
f 512 485 687
f 567 687 485
f 569 567 485
f 643 587 438
f 551 515 587
f 552 535 462
f 588 552 553
f 552 470 553
f 667 536 377
f 404 328 571
f 536 604 519
f 537 502 555
f 520 605 555
f 541 557 744
f 423 721 542
f 521 558 573
f 542 558 506
f 574 522 489
f 524 593 507
f 574 575 522
f 696 476 525
f 612 651 577
f 561 544 615
f 614 578 561
f 578 530 561
f 545 530 578
f 544 562 620
f 562 579 620
f 579 546 656
f 621 580 547
f 600 493 384
f 431 548 480
f 409 638 494
f 466 495 682
f 582 467 549
f 684 566 737
f 683 483 512
f 533 642 660
f 568 533 660
f 585 468 584
f 662 643 460
f 436 550 586
f 551 587 589
f 516 589 645
f 536 667 604
f 604 554 519
f 624 605 607
f 605 539 607
f 472 609 445
f 609 556 445
f 592 540 556
f 489 573 695
f 476 696 526
f 594 527 577
f 526 669 477
f 724 669 526
f 528 508 576
f 559 596 597
f 626 559 597
f 529 612 509
f 674 561 615
f 614 561 674
f 615 544 629
f 629 544 620
f 545 578 619
f 656 620 579
f 621 545 675
f 546 632 656
f 633 632 546
f 598 580 621
f 546 599 633
f 635 633 599
f 580 622 599
f 600 480 677
f 601 493 600
f 548 677 480
f 732 548 465
f 432 638 409
f 465 564 637
f 411 466 659
f 468 498 584
f 689 569 435
f 435 586 740
f 643 662 690
f 534 644 550
f 535 552 644
f 535 644 534
f 590 692 500
f 500 692 667
f 328 537 571
f 555 623 537
f 646 487 554
f 646 591 487
f 487 606 472
f 607 539 608
f 592 556 609
f 608 503 668
f 572 668 503
f 648 572 540
f 473 541 694
f 610 507 593
f 489 695 574
f 524 527 594
f 594 577 625
f 559 595 596
f 529 653 611
f 543 652 560
f 599 622 635
f 581 734 495
f 680 496 681
f 659 532 411
f 640 641 565
f 549 511 706
f 737 602 759
f 661 568 688
f 569 707 567
f 568 661 498
f 435 740 689
f 643 589 587
f 552 588 644
f 589 714 645
f 623 571 537
f 591 606 487
f 472 693 609
f 557 852 744
f 721 473 694
f 575 650 525
f 526 696 724
f 528 576 595
f 528 595 559
f 612 698 651
f 612 529 611
f 529 560 653
f 543 613 652
f 674 627 614
f 627 616 614
f 616 617 614
f 616 618 617
f 615 629 654
f 617 578 614
f 628 617 618
f 628 578 617
f 628 655 578
f 655 619 578
f 619 675 545
f 620 656 630
f 621 675 754
f 631 621 754
f 598 621 631
f 634 580 598
f 548 732 677
f 465 637 732
f 638 432 601
f 638 563 494
f 581 657 734
f 496 680 639
f 682 495 734
f 532 705 681
f 640 582 736
f 602 583 792
f 793 683 512
f 566 684 642
f 687 793 512
f 660 688 568
f 498 661 584
f 712 586 550
f 643 690 711
f 588 553 664
f 664 553 517
f 517 518 603
f 645 590 570
f 518 443 571
f 623 717 571
f 647 623 555
f 555 605 647
f 668 768 608
f 592 648 540
f 557 610 852
f 593 802 610
f 650 575 773
f 595 670 596
f 611 698 612
f 560 699 653
f 652 699 560
f 654 672 615
f 615 672 674
f 654 629 784
f 618 616 628
f 628 616 627
f 655 628 627
f 620 752 629
f 633 730 632
f 702 634 598
f 580 634 622
f 634 704 622
f 677 636 600
f 600 636 601
f 679 638 601
f 637 564 639
f 638 657 563
f 563 657 581
f 565 641 583
f 736 582 549
f 588 691 644
f 691 588 664
f 714 715 645
f 517 603 664
f 645 715 590
f 518 571 665
f 665 571 666
f 717 666 571
f 623 718 717
f 647 718 623
f 604 646 554
f 607 608 768
f 609 693 719
f 719 592 609
f 719 648 592
f 770 668 572
f 770 572 648
f 541 744 694
f 558 542 745
f 574 773 575
f 649 524 594
f 576 508 747
f 651 625 577
f 725 626 597
f 750 626 725
f 626 750 613
f 673 627 674
f 619 655 726
f 630 752 620
f 656 727 630
f 632 727 656
f 632 730 729
f 633 756 730
f 635 756 633
f 703 704 634
f 622 676 635
f 704 676 622
f 679 758 638
f 658 639 680
f 466 682 659
f 706 511 683
f 684 737 738
f 660 642 686
f 707 569 689
f 709 584 661
f 741 662 585
f 711 713 643
f 550 663 712
f 663 550 644
f 643 713 589
f 603 518 665
f 715 692 590
f 646 667 742
f 667 646 604
f 542 721 745
f 558 772 573
f 593 524 774
f 524 649 774
f 724 696 723
f 835 747 508
f 595 697 670
f 597 596 778
f 698 611 671
f 750 652 613
f 653 699 806
f 652 751 699
f 673 674 672
f 629 786 784
f 752 786 629
f 675 619 787
f 727 632 729
f 701 598 631
f 701 702 598
f 635 676 756
f 703 634 702
f 704 636 676
f 636 677 676
f 678 601 636
f 601 678 679
f 638 758 657
f 659 705 532
f 641 844 583
f 844 792 583
f 759 602 792
f 684 685 642
f 685 686 642
f 687 567 760
f 707 760 567
f 661 708 709
f 585 584 741
f 690 662 741
f 713 711 766
f 714 589 713
f 647 605 797
f 605 624 797
f 606 801 472
f 801 693 472
f 800 624 607
f 648 720 770
f 719 720 648
f 558 745 772
f 610 802 852
f 573 772 695
f 722 574 695
f 649 594 625
f 834 525 650
f 834 696 525
f 697 595 576
f 625 651 836
f 778 596 670
f 698 748 651
f 653 806 611
f 700 806 699
f 751 700 699
f 781 673 672
f 726 787 619
f 754 675 787
f 631 754 728
f 730 755 729
f 755 730 756
f 702 788 703
f 636 704 703
f 703 678 636
f 676 677 731
f 681 735 680
f 682 790 896
f 705 735 681
f 736 828 640
f 706 683 861
f 660 863 688
f 688 708 661
f 710 762 709
f 584 709 762
f 586 765 740
f 586 712 765
f 644 691 663
f 664 603 691
f 603 665 716
f 716 665 666
f 717 718 666
f 646 742 798
f 646 798 591
f 607 768 800
f 721 694 816
f 774 746 593
f 669 776 835
f 576 747 856
f 576 856 697
f 697 804 670
f 748 836 651
f 698 671 749
f 806 779 611
f 672 823 781
f 672 654 823
f 785 655 627
f 655 785 726
f 753 752 630
f 727 753 630
f 756 731 789
f 676 731 756
f 678 703 757
f 677 732 731
f 678 757 679
f 637 733 732
f 657 842 734
f 682 734 790
f 640 828 641
f 811 793 687
f 760 812 687
f 660 862 863
f 739 707 689
f 794 709 708
f 710 709 794
f 762 764 584
f 741 584 764
f 690 741 901
f 767 663 691
f 716 666 814
f 692 742 667
f 814 666 718
f 718 647 797
f 769 768 668
f 770 769 668
f 574 722 803
f 574 803 773
f 723 696 834
f 724 775 669
f 649 625 777
f 804 778 670
f 749 748 698
f 778 725 597
f 611 779 671
f 750 751 652
f 673 781 822
f 822 783 673
f 782 823 654
f 627 673 783
f 785 627 783
f 728 825 631
f 825 701 631
f 703 788 757
f 789 826 756
f 731 732 789
f 639 733 637
f 895 658 680
f 659 897 705
f 549 706 829
f 899 737 759
f 737 899 738
f 685 684 738
f 707 739 760
f 688 863 761
f 708 688 761
f 710 795 762
f 763 762 795
f 764 762 763
f 847 711 690
f 711 847 766
f 712 830 765
f 830 712 663
f 713 918 714
f 691 603 767
f 813 715 714
f 918 813 714
f 603 716 767
f 767 716 814
f 742 692 796
f 798 606 591
f 799 624 800
f 797 624 799
f 801 743 693
f 800 768 769
f 743 719 693
f 771 769 770
f 720 771 770
f 721 816 817
f 817 745 721
f 772 745 819
f 722 695 772
f 802 593 923
f 773 820 650
f 775 724 723
f 776 669 775
f 777 625 869
f 625 836 869
f 805 750 725
f 750 805 751
f 807 751 805
f 700 780 806
f 700 751 807
f 700 781 780
f 781 823 780
f 782 654 784
f 786 752 808
f 928 727 729
f 701 825 809
f 701 788 702
f 788 810 757
f 757 810 679
f 810 758 679
f 732 733 789
f 758 827 657
f 896 659 682
f 897 735 705
f 641 912 844
f 844 791 792
f 736 549 829
f 685 846 686
f 687 812 811
f 708 761 794
f 761 877 794
f 794 795 710
f 765 953 740
f 901 847 690
f 934 918 713
f 766 934 713
f 715 813 796
f 715 796 692
f 796 815 742
f 814 718 797
f 815 798 742
f 798 850 606
f 833 606 850
f 801 606 833
f 746 774 868
f 803 820 773
f 650 820 834
f 697 870 804
f 836 748 821
f 748 749 821
f 778 926 725
f 857 671 779
f 807 822 700
f 822 781 700
f 782 784 893
f 754 787 837
f 754 837 728
f 755 928 729
f 755 756 894
f 894 756 826
f 733 826 789
f 810 827 758
f 733 639 658
f 827 842 657
f 842 875 734
f 735 895 680
f 828 912 641
f 829 845 736
f 686 862 660
f 795 794 878
f 763 795 879
f 740 880 689
f 764 901 741
f 918 935 813
f 815 850 798
f 797 799 832
f 743 867 719
f 719 867 720
f 867 771 720
f 745 817 819
f 819 818 772
f 923 593 746
f 774 649 868
f 649 777 868
f 856 870 697
f 804 871 778
f 926 778 871
f 821 749 890
f 857 779 873
f 779 806 873
f 780 873 806
f 783 822 874
f 785 783 858
f 726 785 824
f 726 824 787
f 755 945 928
f 701 809 840
f 701 840 788
f 788 827 810
f 733 658 826
f 841 826 658
f 658 895 841
f 897 843 735
f 659 896 897
f 829 706 876
f 685 738 846
f 760 951 812
f 761 952 877
f 689 916 739
f 901 764 917
f 813 831 796
f 767 814 864
f 814 797 851
f 851 797 832
f 800 883 799
f 769 883 800
f 833 884 801
f 884 743 801
f 694 744 853
f 772 818 722
f 855 747 835
f 870 990 804
f 990 871 804
f 926 872 725
f 671 890 749
f 780 823 891
f 782 891 823
f 784 786 908
f 808 752 992
f 752 753 992
f 727 928 859
f 809 825 838
f 755 894 945
f 840 809 839
f 840 827 788
f 826 841 894
f 734 875 790
f 972 912 828
f 898 791 844
f 845 829 993
f 792 913 759
f 706 861 876
f 861 683 793
f 794 877 933
f 878 794 933
f 689 880 916
f 878 879 795
f 879 900 763
f 830 953 765
f 847 848 766
f 849 663 767
f 831 919 796
f 864 814 851
f 919 815 796
f 866 832 799
f 850 865 833
f 833 865 884
f 885 883 769
f 884 867 743
f 771 885 769
f 903 744 852
f 694 853 816
f 903 852 802
f 819 817 904
f 819 904 818
f 886 803 722
f 886 854 803
f 803 854 820
f 834 820 888
f 834 888 723
f 723 888 775
f 747 855 889
f 747 889 856
f 836 821 925
f 857 890 671
f 725 872 805
f 873 780 891
f 784 908 893
f 824 785 943
f 753 727 859
f 825 860 838
f 842 827 840
f 845 828 736
f 972 828 949
f 844 912 898
f 759 913 899
f 793 931 861
f 915 846 738
f 863 862 1008
f 739 951 760
f 863 952 761
f 763 900 764
f 917 764 900
f 848 934 766
f 851 832 866
f 802 923 903
f 818 886 722
f 887 820 854
f 888 820 887
f 906 868 777
f 940 775 888
f 869 836 962
f 836 925 962
f 925 821 963
f 963 821 890
f 807 805 872
f 874 807 872
f 807 874 822
f 783 874 892
f 892 858 783
f 943 785 858
f 808 908 786
f 787 824 837
f 728 837 910
f 728 860 825
f 842 840 911
f 946 894 841
f 875 947 790
f 790 947 896
f 897 948 843
f 792 791 913
f 914 931 793
f 811 812 976
f 846 862 686
f 951 976 812
f 740 999 880
f 953 999 740
f 767 864 849
f 935 831 813
f 920 864 851
f 919 881 815
f 850 815 881
f 865 850 881
f 921 866 882
f 882 866 883
f 866 799 883
f 922 883 885
f 884 902 867
f 902 885 771
f 867 902 771
f 835 776 855
f 776 1024 855
f 870 989 990
f 942 890 857
f 857 873 942
f 891 942 873
f 965 942 891
f 891 782 965
f 782 893 965
f 893 908 1004
f 824 909 837
f 992 753 944
f 753 859 944
f 728 910 860
f 860 969 838
f 839 809 838
f 946 841 895
f 875 842 911
f 735 843 895
f 897 896 929
f 876 861 950
f 811 914 793
f 976 914 811
f 846 995 862
f 1008 952 863
f 979 879 878
f 847 980 848
f 954 864 920
f 831 935 919
f 920 851 921
f 851 866 921
f 865 881 939
f 939 884 865
f 882 883 922
f 884 939 902
f 744 903 853
f 818 904 958
f 905 746 906
f 746 868 906
f 986 888 887
f 940 888 986
f 775 940 776
f 906 777 924
f 869 924 777
f 889 907 856
f 907 1002 856
f 856 1002 870
f 989 870 1002
f 991 808 992
f 837 909 910
f 840 839 1005
f 947 929 896
f 929 948 897
f 829 1072 993
f 791 930 913
f 974 975 899
f 975 738 899
f 975 915 738
f 739 977 951
f 933 978 878
f 916 977 739
f 878 978 979
f 916 880 1056
f 900 879 979
f 847 901 980
f 830 1057 953
f 864 954 849
f 938 882 922
f 885 902 922
f 817 957 904
f 985 903 923
f 886 959 854
f 854 1012 887
f 990 964 871
f 871 964 926
f 927 872 926
f 872 927 874
f 965 893 1044
f 943 1091 824
f 968 944 859
f 910 1047 860
f 928 968 859
f 969 860 1093
f 945 968 928
f 945 894 1050
f 840 1005 911
f 875 911 970
f 875 970 947
f 828 845 973
f 993 1006 845
f 1072 829 876
f 913 1007 899
f 977 996 951
f 1064 1008 862
f 877 952 933
f 1056 1009 916
f 999 1056 880
f 901 917 980
f 663 1010 830
f 663 849 1010
f 934 935 918
f 919 935 936
f 936 881 919
f 881 936 937
f 881 937 939
f 938 921 882
f 983 956 937
f 956 938 902
f 937 956 939
f 902 938 922
f 816 957 817
f 1011 903 985
f 886 818 958
f 958 959 886
f 923 746 905
f 887 1012 986
f 776 940 1024
f 1001 889 855
f 906 924 960
f 924 869 941
f 941 869 962
f 963 890 1043
f 1017 892 874
f 858 892 943
f 966 1004 908
f 991 966 808
f 808 966 908
f 967 909 824
f 1047 1093 860
f 946 1050 894
f 895 843 1031
f 947 971 929
f 948 929 971
f 973 949 828
f 912 972 898
f 930 1007 913
f 861 931 950
f 996 976 951
f 952 1020 933
f 900 998 917
f 980 1084 848
f 935 934 1097
f 954 920 955
f 982 983 936
f 921 955 920
f 955 921 938
f 956 955 938
f 936 983 937
f 939 956 902
f 816 853 984
f 903 1011 853
f 923 905 985
f 1038 854 959
f 854 1038 1012
f 940 986 987
f 1001 907 889
f 941 961 924
f 1015 961 941
f 989 1026 990
f 1003 941 962
f 962 925 1003
f 1003 925 963
f 990 1016 964
f 927 926 964
f 890 942 1043
f 1043 942 1029
f 1017 874 927
f 824 1091 967
f 992 944 1143
f 909 1092 910
f 838 969 839
f 945 1050 1049
f 946 895 1031
f 971 947 970
f 948 1031 843
f 1019 971 970
f 971 949 948
f 972 949 971
f 1019 972 971
f 915 975 932
f 995 1064 862
f 1064 1033 1008
f 1009 1021 977
f 916 1009 977
f 900 979 998
f 830 1010 1057
f 1084 934 848
f 849 1035 1010
f 954 1000 849
f 935 1097 936
f 955 981 954
f 955 983 981
f 956 983 955
f 816 984 957
f 904 957 958
f 1023 987 986
f 1001 855 988
f 855 1024 988
f 960 924 961
f 1016 990 1026
f 942 965 1029
f 1044 893 1004
f 967 1063 909
f 1046 1143 944
f 1092 1047 910
f 944 968 1018
f 968 945 1049
f 970 911 1051
f 973 1031 949
f 1031 948 949
f 1006 973 845
f 898 972 1032
f 995 846 915
f 1008 1020 952
f 933 997 978
f 917 1034 980
f 849 1000 1035
f 983 982 981
f 958 957 1036
f 905 906 1037
f 906 960 1037
f 987 1024 940
f 960 961 1013
f 1001 1014 907
f 1014 1002 907
f 963 1043 1003
f 964 1016 927
f 1103 1044 1004
f 892 1045 943
f 1004 966 1104
f 943 1045 1091
f 992 1157 991
f 1157 992 1143
f 839 969 1005
f 911 1005 1051
f 1030 946 1031
f 1032 972 1019
f 898 994 791
f 994 930 791
f 899 1007 974
f 977 1021 996
f 1008 1033 1020
f 1020 997 933
f 978 1065 979
f 917 998 1055
f 999 953 1057
f 853 1074 984
f 1011 1074 853
f 1022 1011 985
f 958 1036 959
f 985 905 1022
f 905 1037 1022
f 1002 1040 989
f 1026 989 1040
f 1015 941 1027
f 941 1003 1027
f 1016 1042 927
f 1069 1017 927
f 1044 1029 965
f 1103 1004 1104
f 991 1070 966
f 1046 944 1018
f 1019 970 1051
f 898 1032 994
f 975 1052 932
f 978 997 1065
f 979 1065 998
f 917 1055 1034
f 981 1000 954
f 981 982 1112
f 1097 982 936
f 1058 1074 1011
f 959 1086 1038
f 988 1060 1001
f 1024 1089 988
f 1039 1014 1068
f 1014 1039 1002
f 1027 1062 1015
f 1016 1026 1028
f 1042 1069 927
f 966 1126 1104
f 968 1147 1018
f 1093 1048 969
f 969 1048 1005
f 1031 1071 1030
f 1031 973 1071
f 973 1006 1071
f 1032 1019 1148
f 993 1176 1006
f 1129 930 994
f 974 1007 1197
f 975 974 1095
f 915 932 995
f 995 1109 1064
f 1033 997 1020
f 999 1110 1056
f 1084 980 1154
f 1022 1059 1011
f 1059 1058 1011
f 959 1036 1086
f 986 1012 1023
f 1075 1037 960
f 1067 1075 960
f 1060 1068 1014
f 1013 1067 960
f 1001 1060 1014
f 1013 961 1025
f 1078 1040 1039
f 1039 1040 1002
f 961 1015 1025
f 1040 1100 1026
f 1100 1028 1026
f 1041 1016 1028
f 1041 1042 1016
f 1044 1142 1029
f 1063 1092 909
f 1049 1147 968
f 1005 1048 1106
f 1005 1106 1051
f 1051 1094 1019
f 1148 1019 1094
f 1095 1052 975
f 996 1021 1152
f 1065 1054 998
f 998 1054 1055
f 980 1034 1154
f 1010 1167 1057
f 934 1084 1111
f 982 1133 1112
f 1097 1133 982
f 957 984 1085
f 1036 957 1085
f 1075 1022 1037
f 1066 1012 1038
f 1012 1066 1023
f 1088 987 1023
f 1024 1088 1089
f 987 1088 1024
f 1067 1013 1061
f 1068 1061 1039
f 1077 1061 1013
f 1077 1013 1025
f 1062 1025 1015
f 1100 1123 1028
f 1003 1079 1027
f 1003 1043 1101
f 892 1017 1125
f 1103 1142 1044
f 1070 1126 966
f 1157 1070 991
f 1049 1050 1082
f 1050 946 1174
f 946 1030 1174
f 1072 876 1211
f 976 1053 1108
f 976 996 1053
f 997 1033 1073
f 997 1073 1065
f 1073 1054 1065
f 1010 1035 1167
f 1111 1097 934
f 981 1112 1000
f 1058 1059 1087
f 1059 1022 1075
f 1067 1068 1076
f 1060 1076 1068
f 1067 1061 1068
f 1061 1077 1090
f 1039 1061 1090
f 1079 1062 1027
f 1079 1003 1101
f 1043 1029 1080
f 892 1125 1045
f 1106 1160 1051
f 1071 1083 1030
f 1072 1176 993
f 1095 1149 1052
f 1130 931 914
f 995 932 1109
f 1009 1056 1119
f 1054 1096 1055
f 999 1057 1110
f 1000 1203 1035
f 1112 1203 1000
f 1085 984 1098
f 984 1074 1098
f 1074 1058 1113
f 1113 1058 1087
f 1087 1059 1075
f 1066 1038 1086
f 1076 1087 1075
f 1067 1076 1075
f 988 1121 1060
f 1121 988 1089
f 1039 1090 1078
f 1041 1028 1123
f 1043 1080 1101
f 1042 1118 1069
f 1080 1029 1142
f 1146 1047 1092
f 1018 1147 1145
f 1174 1082 1050
f 1051 1160 1094
f 1006 1161 1071
f 1083 1071 1161
f 1148 994 1032
f 1211 1176 1072
f 930 1129 1177
f 1177 1007 930
f 876 1163 1211
f 876 950 1163
f 1198 974 1197
f 1198 1095 974
f 931 1130 950
f 1149 1107 1052
f 1052 1107 932
f 976 1108 914
f 1033 1201 1073
f 1096 1034 1055
f 1056 1110 1119
f 1111 1133 1097
f 1098 1074 1113
f 1114 1087 1076
f 1121 1076 1060
f 1115 1089 1088
f 1040 1078 1100
f 1100 1078 1117
f 1139 1025 1062
f 1062 1079 1139
f 1041 1102 1042
f 1102 1118 1042
f 1069 1125 1017
f 1091 1105 1081
f 1081 967 1091
f 1093 1047 1146
f 1009 1202 1021
f 1085 1086 1036
f 1085 1135 1086
f 1066 1086 1135
f 1114 1113 1087
f 1099 1088 1023
f 1066 1099 1023
f 1115 1121 1089
f 1090 1077 1122
f 1122 1077 1116
f 1077 1025 1116
f 1139 1116 1025
f 1117 1123 1100
f 1139 1079 1155
f 1045 1105 1091
f 1070 1157 1237
f 967 1158 1063
f 1183 1092 1063
f 1093 1146 1048
f 1174 1230 1082
f 1128 1148 1094
f 1161 1006 1176
f 994 1148 1162
f 994 1162 1129
f 1007 1177 1197
f 1212 950 1130
f 1149 1095 1198
f 1164 932 1107
f 914 1108 1130
f 1109 1131 1064
f 1033 1064 1225
f 1154 1179 1084
f 1035 1241 1167
f 1035 1203 1241
f 1098 1120 1085
f 1135 1085 1120
f 1113 1114 1136
f 1099 1066 1135
f 1121 1114 1076
f 1088 1099 1115
f 1138 1090 1122
f 1078 1090 1117
f 1117 1090 1138
f 1117 1140 1123
f 1123 1102 1041
f 1101 1155 1079
f 1156 1118 1102
f 1080 1170 1101
f 1069 1118 1124
f 1045 1125 1182
f 1182 1105 1045
f 1126 1070 1226
f 1157 1143 1207
f 1158 1183 1063
f 1184 1018 1145
f 1049 1082 1147
f 1106 1048 1159
f 1160 1106 1172
f 1083 1174 1030
f 1160 1127 1094
f 1009 1119 1202
f 1034 1096 1153
f 1084 1179 1111
f 1111 1180 1133
f 1113 1136 1098
f 1137 1114 1121
f 1137 1115 1099
f 1115 1137 1121
f 1181 1138 1122
f 1117 1138 1140
f 1124 1118 1156
f 1124 1192 1069
f 1125 1069 1192
f 1081 1158 967
f 1143 1046 1144
f 1146 1092 1171
f 1046 1018 1184
f 1146 1159 1048
f 950 1212 1163
f 1130 1238 1212
f 932 1164 1109
f 1053 1187 1108
f 1178 1131 1109
f 1053 996 1152
f 1225 1201 1033
f 1073 1201 1054
f 1034 1189 1154
f 1057 1273 1110
f 1057 1167 1273
f 1098 1136 1120
f 1134 1120 1136
f 1135 1120 1134
f 1137 1136 1114
f 1134 1136 1137
f 1135 1134 1099
f 1099 1134 1137
f 1139 1155 1168
f 1123 1140 1102
f 1140 1141 1102
f 1102 1141 1156
f 1170 1155 1101
f 1193 1170 1080
f 1193 1080 1142
f 1103 1193 1142
f 1125 1219 1182
f 1103 1104 1205
f 1070 1237 1226
f 1183 1171 1092
f 1144 1046 1184
f 1209 1145 1147
f 1173 1230 1174
f 1083 1194 1174
f 1094 1127 1128
f 1197 1244 1198
f 1149 1198 1185
f 1178 1165 1131
f 1131 1165 1151
f 1131 1166 1064
f 1064 1166 1225
f 1021 1202 1247
f 1096 1054 1201
f 1116 1139 1168
f 1168 1181 1116
f 1138 1181 1140
f 1181 1191 1140
f 1146 1171 1208
f 1209 1147 1082
f 1160 1175 1127
f 1194 1083 1195
f 1083 1161 1195
f 1162 1148 1128
f 1161 1176 1196
f 1163 1212 1235
f 1107 1149 1150
f 1149 1185 1150
f 1164 1213 1109
f 1109 1213 1178
f 1200 1165 1178
f 1131 1151 1166
f 1179 1154 1189
f 1122 1116 1181
f 1141 1140 1191
f 1168 1155 1169
f 1155 1170 1169
f 1104 1126 1206
f 1258 1105 1182
f 1143 1144 1207
f 1106 1159 1172
f 1176 1211 1262
f 1177 1129 1234
f 1130 1186 1238
f 1130 1108 1186
f 1215 1165 1200
f 1165 1215 1151
f 1247 1152 1021
f 1110 1284 1119
f 1241 1256 1167
f 1241 1203 1190
f 1133 1180 1132
f 1133 1132 1112
f 1219 1125 1192
f 1103 1205 1193
f 1205 1104 1206
f 1105 1242 1081
f 1160 1172 1218
f 1175 1160 1218
f 1161 1196 1195
f 1127 1210 1128
f 1162 1128 1210
f 1164 1107 1239
f 1186 1108 1187
f 1214 1200 1178
f 1188 1187 1053
f 1152 1188 1053
f 1189 1034 1153
f 1181 1168 1191
f 1191 1168 1169
f 1141 1204 1156
f 1204 1124 1156
f 1126 1226 1206
f 1081 1242 1158
f 1157 1207 1237
f 1227 1183 1158
f 1230 1209 1082
f 1159 1233 1172
f 1174 1194 1173
f 1176 1262 1196
f 1198 1199 1185
f 1150 1239 1107
f 1213 1214 1178
f 1188 1152 1224
f 1268 1225 1166
f 1284 1110 1273
f 1112 1132 1203
f 1191 1169 1280
f 1169 1170 1280
f 1170 1285 1280
f 1124 1204 1192
f 1170 1193 1285
f 1282 1205 1206
f 1207 1144 1229
f 1208 1171 1259
f 1184 1145 1232
f 1146 1217 1159
f 1159 1217 1233
f 1162 1210 1222
f 1222 1129 1162
f 1177 1234 1197
f 1199 1198 1244
f 1152 1247 1224
f 1201 1270 1096
f 1153 1096 1271
f 1189 1153 1216
f 1179 1189 1272
f 1256 1273 1167
f 1179 1248 1111
f 1204 1191 1280
f 1191 1204 1141
f 1192 1249 1219
f 1144 1184 1221
f 1259 1217 1208
f 1208 1217 1146
f 1234 1129 1222
f 1163 1235 1211
f 1212 1264 1235
f 1214 1240 1200
f 1200 1223 1215
f 1166 1151 1291
f 1151 1215 1291
f 1119 1294 1202
f 1119 1284 1294
f 1203 1315 1190
f 1242 1227 1158
f 1207 1228 1237
f 1145 1209 1243
f 1235 1262 1211
f 1263 1197 1234
f 1238 1264 1212
f 1164 1239 1213
f 1202 1294 1247
f 1271 1216 1153
f 1204 1257 1281
f 1192 1204 1281
f 1193 1205 1286
f 1182 1219 1220
f 1258 1182 1220
f 1105 1258 1242
f 1228 1207 1229
f 1227 1274 1183
f 1183 1274 1171
f 1229 1144 1221
f 1221 1184 1232
f 1232 1145 1243
f 1209 1230 1243
f 1296 1230 1173
f 1218 1172 1233
f 1194 1195 1231
f 1244 1197 1263
f 1186 1187 1246
f 1214 1213 1240
f 1270 1201 1225
f 1294 1323 1247
f 1270 1271 1096
f 1180 1111 1248
f 1132 1279 1203
f 1193 1286 1285
f 1206 1226 1250
f 1274 1259 1171
f 1217 1261 1233
f 1296 1243 1230
f 1240 1213 1255
f 1236 1200 1240
f 1200 1236 1223
f 1223 1291 1215
f 1224 1247 1336
f 1248 1179 1272
f 1203 1279 1315
f 1259 1289 1217
f 1243 1296 1253
f 1173 1194 1231
f 1175 1210 1127
f 1254 1234 1222
f 1265 1185 1199
f 1264 1238 1309
f 1265 1150 1185
f 1187 1188 1246
f 1246 1188 1224
f 1166 1291 1268
f 1189 1216 1272
f 1219 1305 1220
f 1282 1206 1250
f 1237 1251 1226
f 1228 1229 1275
f 1289 1261 1217
f 1175 1307 1210
f 1276 1195 1196
f 1245 1239 1150
f 1245 1266 1239
f 1239 1266 1213
f 1269 1270 1225
f 1241 1190 1256
f 1132 1303 1279
f 1249 1192 1281
f 1287 1242 1258
f 1229 1221 1275
f 1173 1320 1296
f 1173 1231 1320
f 1210 1292 1222
f 1196 1262 1276
f 1235 1264 1352
f 1244 1353 1199
f 1199 1353 1265
f 1150 1265 1245
f 1238 1186 1309
f 1213 1266 1255
f 1225 1268 1355
f 1225 1355 1269
f 1270 1277 1271
f 1132 1180 1303
f 1204 1280 1257
f 1219 1249 1305
f 1282 1373 1205
f 1237 1228 1251
f 1243 1260 1232
f 1218 1307 1175
f 1231 1195 1297
f 1297 1195 1276
f 1244 1263 1334
f 1186 1246 1301
f 1240 1255 1267
f 1240 1267 1236
f 1236 1302 1223
f 1246 1224 1293
f 1291 1310 1268
f 1293 1224 1336
f 1284 1273 1313
f 1190 1278 1256
f 1303 1180 1248
f 1281 1257 1295
f 1205 1373 1286
f 1250 1226 1251
f 1227 1252 1274
f 1275 1221 1318
f 1221 1232 1318
f 1232 1260 1283
f 1253 1260 1243
f 1233 1306 1218
f 1231 1297 1320
f 1307 1292 1210
f 1262 1298 1276
f 1264 1309 1290
f 1353 1308 1265
f 1265 1299 1245
f 1247 1312 1336
f 1247 1323 1312
f 1418 1248 1272
f 1285 1286 1347
f 1372 1249 1281
f 1288 1242 1287
f 1227 1242 1288
f 1349 1228 1275
f 1274 1317 1259
f 1306 1307 1218
f 1262 1339 1298
f 1263 1234 1254
f 1339 1262 1235
f 1339 1235 1352
f 1300 1245 1299
f 1300 1266 1245
f 1269 1277 1270
f 1356 1216 1271
f 1273 1378 1313
f 1256 1378 1273
f 1280 1285 1304
f 1287 1258 1220
f 1259 1317 1289
f 1233 1261 1306
f 1320 1297 1332
f 1352 1264 1290
f 1353 1244 1334
f 1308 1299 1265
f 1236 1267 1321
f 1236 1321 1302
f 1223 1302 1291
f 1294 1284 1313
f 1272 1377 1418
f 1249 1372 1305
f 1220 1305 1466
f 1337 1282 1250
f 1250 1251 1337
f 1228 1349 1251
f 1288 1252 1227
f 1283 1318 1232
f 1261 1289 1319
f 1297 1276 1391
f 1301 1246 1293
f 1302 1310 1291
f 1277 1356 1271
f 1403 1272 1216
f 1256 1278 1378
f 1278 1190 1314
f 1279 1442 1315
f 1257 1280 1304
f 1220 1399 1287
f 1337 1251 1331
f 1274 1252 1317
f 1374 1260 1253
f 1363 1253 1296
f 1296 1320 1375
f 1276 1298 1391
f 1222 1292 1401
f 1309 1186 1301
f 1310 1355 1268
f 1377 1272 1403
f 1220 1466 1399
f 1288 1287 1505
f 1306 1261 1338
f 1222 1401 1254
f 1352 1290 1333
f 1299 1308 1376
f 1300 1470 1266
f 1340 1255 1266
f 1340 1267 1255
f 1311 1310 1322
f 1322 1310 1302
f 1341 1323 1294
f 1315 1314 1190
f 1304 1327 1257
f 1285 1330 1304
f 1285 1347 1330
f 1281 1413 1372
f 1282 1337 1348
f 1505 1287 1399
f 1288 1429 1252
f 1349 1275 1316
f 1261 1319 1350
f 1297 1432 1332
f 1432 1297 1391
f 1300 1299 1376
f 1376 1470 1300
f 1301 1293 1335
f 1321 1267 1340
f 1355 1310 1311
f 1312 1439 1336
f 1355 1402 1269
f 1313 1341 1294
f 1313 1378 1324
f 1248 1418 1303
f 1325 1344 1366
f 1344 1343 1366
f 1326 1344 1325
f 1329 1327 1304
f 1328 1257 1327
f 1304 1330 1329
f 1328 1295 1257
f 1347 1286 1373
f 1348 1373 1282
f 1317 1252 1430
f 1386 1275 1318
f 1319 1289 1415
f 1289 1317 1415
f 1253 1363 1374
f 1363 1296 1375
f 1307 1416 1351
f 1306 1416 1307
f 1351 1292 1307
f 1292 1351 1401
f 1263 1254 1435
f 1393 1308 1353
f 1470 1340 1266
f 1438 1335 1293
f 1302 1321 1354
f 1293 1336 1438
f 1354 1322 1302
f 1403 1216 1356
f 1442 1279 1493
f 1357 1325 1342
f 1325 1366 1342
f 1325 1357 1326
f 1344 1326 1360
f 1344 1367 1343
f 1328 1327 1361
f 1346 1328 1345
f 1295 1413 1281
f 1373 1488 1347
f 1331 1251 1349
f 1414 1318 1283
f 1374 1283 1260
f 1338 1261 1350
f 1416 1306 1338
f 1320 1332 1375
f 1340 1354 1321
f 1438 1336 1439
f 1379 1278 1314
f 1493 1279 1303
f 1326 1357 1380
f 1409 1367 1344
f 1345 1328 1361
f 1361 1329 1369
f 1327 1329 1361
f 1329 1330 1370
f 1328 1371 1295
f 1305 1372 1466
f 1505 1429 1288
f 1263 1435 1334
f 1309 1301 1436
f 1277 1269 1365
f 1278 1379 1378
f 1342 1404 1357
f 1366 1381 1342
f 1358 1326 1380
f 1359 1326 1358
f 1326 1359 1360
f 1343 1367 1394
f 1344 1360 1409
f 1368 1345 1361
f 1362 1345 1368
f 1383 1345 1362
f 1346 1345 1383
f 1329 1370 1369
f 1371 1413 1295
f 1275 1386 1316
f 1338 1350 1389
f 1363 1375 1431
f 1353 1334 1364
f 1353 1392 1393
f 1354 1340 1311
f 1354 1311 1322
f 1311 1492 1355
f 1355 1440 1402
f 1402 1365 1269
f 1341 1313 1324
f 1314 1419 1379
f 1314 1315 1476
f 1404 1342 1405
f 1404 1380 1357
f 1381 1366 1343
f 1394 1406 1343
f 1411 1362 1368
f 1368 1361 1395
f 1395 1361 1369
f 1449 1346 1383
f 1397 1369 1370
f 1346 1371 1328
f 1330 1347 1487
f 1349 1385 1331
f 1429 1430 1252
f 1318 1414 1386
f 1387 1319 1415
f 1283 1451 1414
f 1283 1374 1451
f 1388 1374 1363
f 1391 1454 1432
f 1432 1454 1452
f 1401 1507 1254
f 1333 1339 1352
f 1334 1435 1364
f 1392 1353 1364
f 1290 1309 1436
f 1436 1301 1335
f 1341 1519 1323
f 1277 1473 1356
f 1418 1637 1303
f 1442 1476 1315
f 1404 1456 1380
f 1381 1405 1342
f 1343 1406 1381
f 1358 1382 1359
f 1359 1408 1360
f 1411 1368 1412
f 1368 1395 1412
f 1395 1369 1396
f 1448 1362 1411
f 1448 1383 1362
f 1369 1426 1396
f 1426 1369 1397
f 1346 1449 1398
f 1346 1384 1371
f 1330 1487 1370
f 1503 1487 1347
f 1488 1503 1347
f 1372 1413 1428
f 1319 1387 1350
f 1338 1389 1416
f 1390 1375 1332
f 1433 1506 1351
f 1506 1401 1351
f 1435 1254 1489
f 1393 1376 1308
f 1340 1437 1311
f 1492 1311 1437
f 1492 1440 1355
f 1323 1519 1312
f 1314 1476 1419
f 1637 1493 1303
f 1477 1404 1405
f 1456 1479 1380
f 1405 1381 1420
f 1358 1380 1443
f 1407 1406 1423
f 1394 1423 1406
f 1444 1394 1367
f 1360 1408 1409
f 1408 1511 1409
f 1410 1367 1409
f 1412 1395 1425
f 1346 1398 1384
f 1370 1427 1397
f 1337 1565 1348
f 1385 1468 1331
f 1349 1316 1385
f 1317 1430 1415
f 1388 1363 1431
f 1375 1390 1431
f 1416 1400 1351
f 1351 1400 1433
f 1364 1435 1587
f 1417 1393 1392
f 1393 1417 1376
f 1312 1519 1439
f 1365 1473 1277
f 1378 1475 1324
f 1477 1405 1420
f 1421 1420 1381
f 1380 1479 1443
f 1381 1406 1421
f 1421 1406 1458
f 1382 1358 1443
f 1458 1407 1422
f 1406 1407 1458
f 1423 1459 1407
f 1444 1423 1394
f 1409 1482 1410
f 1424 1412 1425
f 1395 1396 1425
f 1397 1463 1426
f 1371 1504 1413
f 1428 1466 1372
f 1348 1488 1373
f 1337 1331 1468
f 1390 1332 1432
f 1454 1391 1532
f 1507 1401 1506
f 1532 1391 1298
f 1436 1335 1665
f 1519 1341 1668
f 1356 1474 1403
f 1475 1378 1379
f 1382 1408 1359
f 1422 1445 1483
f 1407 1445 1422
f 1407 1446 1445
f 1459 1446 1407
f 1367 1410 1444
f 1511 1482 1409
f 1524 1410 1482
f 1446 1424 1445
f 1445 1424 1425
f 1460 1411 1424
f 1411 1412 1424
f 1448 1411 1460
f 1425 1396 1447
f 1462 1447 1396
f 1449 1383 1448
f 1396 1426 1462
f 1426 1463 1462
f 1485 1398 1449
f 1384 1398 1464
f 1370 1487 1427
f 1384 1504 1371
f 1504 1428 1413
f 1399 1466 1467
f 1348 1565 1529
f 1565 1337 1468
f 1416 1389 1569
f 1489 1254 1507
f 1339 1333 1490
f 1517 1290 1533
f 1533 1290 1436
f 1470 1471 1340
f 1440 1441 1402
f 1473 1474 1356
f 1668 1341 1324
f 1455 1377 1403
f 1455 1418 1377
f 1476 1442 1494
f 1404 1477 1540
f 1458 1457 1421
f 1444 1459 1423
f 1446 1460 1424
f 1447 1483 1445
f 1425 1447 1445
f 1461 1449 1448
f 1486 1504 1384
f 1488 1348 1529
f 1430 1566 1415
f 1386 1414 1450
f 1451 1374 1388
f 1389 1350 1469
f 1530 1431 1390
f 1416 1569 1400
f 1432 1452 1570
f 1433 1400 1453
f 1434 1298 1339
f 1290 1517 1333
f 1470 1376 1491
f 1437 1340 1471
f 1438 1613 1335
f 1438 1439 1695
f 1441 1440 1472
f 1365 1441 1518
f 1441 1365 1402
f 1493 1494 1442
f 1404 1540 1456
f 1458 1422 1496
f 1443 1522 1382
f 1480 1496 1422
f 1483 1480 1422
f 1498 1480 1483
f 1444 1410 1481
f 1524 1481 1410
f 1447 1500 1483
f 1461 1448 1460
f 1447 1462 1500
f 1449 1461 1484
f 1463 1501 1462
f 1449 1484 1485
f 1398 1485 1464
f 1513 1463 1397
f 1427 1513 1397
f 1427 1487 1465
f 1467 1505 1399
f 1547 1430 1429
f 1566 1430 1547
f 1316 1386 1643
f 1450 1643 1386
f 1566 1387 1415
f 1451 1450 1414
f 1350 1387 1469
f 1388 1431 1568
f 1570 1390 1432
f 1571 1452 1454
f 1433 1453 1506
f 1434 1339 1490
f 1376 1417 1491
f 1665 1335 1613
f 1474 1455 1403
f 1494 1520 1476
f 1457 1478 1421
f 1421 1478 1420
f 1457 1458 1495
f 1479 1542 1443
f 1458 1496 1495
f 1408 1382 1522
f 1543 1408 1522
f 1543 1511 1408
f 1497 1444 1481
f 1459 1444 1497
f 1459 1499 1446
f 1459 1525 1499
f 1500 1498 1483
f 1446 1499 1460
f 1499 1461 1460
f 1502 1463 1513
f 1464 1486 1384
f 1513 1427 1465
f 1515 1389 1469
f 1389 1515 1569
f 1530 1568 1431
f 1454 1549 1571
f 1531 1506 1453
f 1454 1532 1516
f 1549 1454 1516
f 1506 1574 1507
f 1333 1517 1490
f 1364 1587 1610
f 1364 1610 1392
f 1436 1665 1533
f 1613 1438 1695
f 1535 1440 1492
f 1441 1472 1509
f 1555 1441 1509
f 1473 1649 1474
f 1455 1637 1418
f 1420 1478 1477
f 1456 1579 1479
f 1495 1541 1457
f 1443 1542 1522
f 1497 1525 1459
f 1526 1500 1462
f 1501 1526 1462
f 1501 1463 1502
f 1486 1629 1504
f 1487 1503 1465
f 1505 1741 1429
f 1385 1316 1643
f 1516 1532 1552
f 1532 1298 1434
f 1417 1392 1611
f 1440 1535 1472
f 1472 1553 1508
f 1472 1508 1509
f 1439 1519 1635
f 1555 1518 1441
f 1518 1510 1365
f 1473 1365 1510
f 1324 1475 1669
f 1419 1476 1536
f 1476 1520 1536
f 1493 1576 1494
f 1477 1478 1558
f 1477 1558 1540
f 1540 1579 1456
f 1478 1457 1578
f 1479 1579 1559
f 1480 1560 1496
f 1561 1560 1480
f 1480 1498 1561
f 1512 1482 1523
f 1511 1523 1482
f 1482 1544 1524
f 1482 1512 1544
f 1498 1500 1526
f 1499 1525 1596
f 1461 1499 1596
f 1461 1596 1484
f 1502 1527 1501
f 1428 1504 1583
f 1467 1466 1528
f 1565 1468 1564
f 1385 1546 1468
f 1385 1643 1546
f 1450 1451 1599
f 1451 1388 1599
f 1390 1570 1530
f 1506 1531 1551
f 1435 1489 1587
f 1392 1610 1611
f 1517 1533 1612
f 1417 1611 1491
f 1491 1611 1534
f 1534 1470 1491
f 1470 1534 1471
f 1588 1492 1437
f 1535 1492 1588
f 1535 1553 1472
f 1379 1773 1475
f 1455 1636 1637
f 1520 1494 1521
f 1537 1521 1494
f 1521 1539 1520
f 1457 1541 1578
f 1622 1496 1560
f 1525 1497 1581
f 1561 1498 1526
f 1526 1501 1527
f 1464 1562 1486
f 1486 1562 1629
f 1466 1428 1528
f 1467 1741 1505
f 1468 1514 1564
f 1546 1514 1468
f 1567 1387 1566
f 1387 1567 1469
f 1599 1388 1568
f 1548 1400 1569
f 1548 1453 1400
f 1452 1571 1570
f 1531 1453 1572
f 1574 1506 1551
f 1574 1489 1507
f 1471 1634 1437
f 1437 1634 1588
f 1553 1667 1508
f 1554 1555 1509
f 1668 1324 1669
f 1614 1455 1474
f 1379 1419 1773
f 1493 1590 1576
f 1537 1494 1576
f 1592 1537 1576
f 1537 1538 1521
f 1593 1538 1537
f 1521 1538 1539
f 1559 1542 1479
f 1511 1543 1523
f 1581 1497 1481
f 1561 1526 1625
f 1526 1527 1625
f 1625 1527 1545
f 1484 1685 1485
f 1464 1485 1626
f 1563 1502 1513
f 1563 1513 1582
f 1513 1465 1582
f 1465 1503 1582
f 1582 1503 1630
f 1629 1583 1504
f 1503 1631 1630
f 1503 1488 1631
f 1488 1529 1598
f 1529 1565 1564
f 1692 1429 1741
f 1692 1547 1429
f 1530 1632 1568
f 1586 1570 1571
f 1603 1572 1453
f 1571 1549 1605
f 1531 1572 1550
f 1573 1549 1516
f 1607 1532 1434
f 1517 1608 1490
f 1508 1667 1509
f 1589 1510 1518
f 1589 1649 1510
f 1649 1473 1510
f 1637 1590 1493
f 1536 1520 1539
f 1592 1593 1537
f 1539 1557 1556
f 1539 1538 1557
f 1577 1557 1538
f 1593 1577 1538
f 1676 1578 1541
f 1478 1578 1654
f 1558 1478 1654
f 1679 1579 1540
f 1541 1495 1620
f 1495 1496 1622
f 1542 1580 1522
f 1543 1623 1683
f 1623 1543 1522
f 1624 1560 1561
f 1484 1596 1685
f 1685 1626 1485
f 1502 1597 1527
f 1488 1598 1631
f 1547 1725 1566
f 1663 1450 1599
f 1469 1567 1693
f 1569 1515 1600
f 1530 1570 1586
f 1453 1548 1603
f 1604 1605 1549
f 1549 1573 1604
f 1550 1604 1573
f 1572 1604 1550
f 1531 1550 1551
f 1532 1607 1552
f 1766 1534 1611
f 1509 1667 1554
f 1518 1555 1696
f 1589 1518 1696
f 1773 1669 1475
f 1592 1576 1615
f 1536 1539 1591
f 1539 1556 1591
f 1591 1556 1617
f 1557 1618 1556
f 1639 1618 1557
f 1577 1639 1557
f 1578 1676 1809
f 1558 1679 1540
f 1579 1679 1655
f 1681 1559 1579
f 1620 1495 1595
f 1495 1622 1595
f 1580 1623 1522
f 1481 1544 1581
f 1524 1544 1481
f 1624 1561 1625
f 1527 1597 1545
f 1685 1720 1626
f 1597 1502 1563
f 1626 1641 1464
f 1464 1641 1562
f 1562 1628 1629
f 1658 1582 1630
f 1428 1583 1528
f 1529 1564 1691
f 1467 1528 1708
f 1643 1450 1662
f 1469 1693 1515
f 1568 1584 1599
f 1569 1585 1548
f 1530 1586 1632
f 1586 1571 1645
f 1604 1572 1603
f 1516 1552 1633
f 1729 1434 1490
f 1490 1608 1729
f 1534 1826 1471
f 1826 1634 1471
f 1588 1553 1535
f 1695 1439 1635
f 1696 1555 1554
f 1747 1519 1668
f 1589 1648 1649
f 1651 1455 1614
f 1636 1455 1651
f 1419 1536 1749
f 1575 1749 1536
f 1638 1615 1576
f 1652 1536 1591
f 1618 1617 1556
f 1577 1593 1594
f 1679 1558 1678
f 1580 1542 1559
f 1781 1560 1624
f 1683 1523 1543
f 1544 1640 1581
f 1687 1563 1627
f 1563 1582 1627
f 1691 1598 1529
f 1547 1644 1725
f 1725 1567 1566
f 1568 1632 1584
f 1600 1585 1569
f 1548 1601 1603
f 1645 1571 1602
f 1605 1602 1571
f 1606 1605 1604
f 1609 1610 1587
f 1747 1635 1519
f 1696 1716 1589
f 1474 1650 1614
f 1637 1636 1699
f 1749 1575 1698
f 1638 1576 1590
f 1536 1652 1575
f 1592 1615 1593
f 1615 1616 1593
f 1594 1593 1616
f 1618 1619 1617
f 1619 1702 1617
f 1639 1619 1618
f 1579 1655 1681
f 1559 1681 1621
f 1580 1559 1621
f 1781 1622 1560
f 1523 1683 1656
f 1523 1656 1512
f 1581 1706 1525
f 1525 1706 1596
f 1685 1596 1706
f 1545 1597 1686
f 1641 1782 1562
f 1782 1628 1562
f 1627 1582 1658
f 1598 1642 1631
f 1662 1450 1663
f 1599 1584 1709
f 1693 1600 1515
f 1632 1743 1584
f 1603 1694 1604
f 1746 1602 1605
f 1516 1633 1573
f 1573 1646 1550
f 1646 1551 1550
f 1607 1714 1552
f 1587 1489 1715
f 1610 1609 1766
f 1517 1612 1608
f 1611 1610 1766
f 1613 1695 1798
f 1588 1666 1553
f 1553 1666 1667
f 1589 1716 1697
f 1589 1697 1648
f 1474 1649 1650
f 1638 1753 1615
f 1753 1653 1615
f 1615 1653 1616
f 1591 1617 1670
f 1671 1670 1617
f 1702 1671 1617
f 1558 1654 1677
f 1678 1558 1677
f 1541 1620 1676
f 1655 1679 1680
f 1621 1704 1580
f 1704 1682 1580
f 1580 1682 1623
f 1623 1736 1683
f 1512 1656 1737
f 1640 1706 1581
f 1624 1625 1684
f 1684 1625 1707
f 1625 1545 1707
f 1686 1597 1687
f 1687 1597 1563
f 1658 1760 1627
f 1628 1659 1629
f 1658 1630 1690
f 1629 1659 1583
f 1690 1630 1631
f 1528 1583 1660
f 1514 1691 1564
f 1514 1546 1661
f 1661 1788 1514
f 1546 1643 1661
f 1644 1547 1692
f 1643 1662 1661
f 1693 1567 1726
f 1744 1585 1600
f 1585 1712 1548
f 1548 1712 1601
f 1745 1645 1602
f 1603 1601 1694
f 1607 1434 1729
f 1587 1715 1609
f 1534 1766 1796
f 1613 1798 1665
f 1667 1647 1554
f 1773 1419 1749
f 1638 1590 1700
f 1652 1591 1670
f 1653 1701 1616
f 1616 1672 1594
f 1672 1616 1701
f 1594 1672 1673
f 1594 1675 1577
f 1675 1594 1673
f 1577 1675 1639
f 1675 1674 1639
f 1639 1674 1619
f 1654 1578 1809
f 1736 1623 1682
f 1657 1640 1544
f 1545 1686 1707
f 1720 1641 1626
f 1687 1627 1688
f 1631 1642 1761
f 1598 1691 1642
f 1514 1788 1691
f 1741 1467 1708
f 1710 1632 1586
f 1585 1727 1712
f 1601 1713 1694
f 1664 1604 1694
f 1606 1604 1664
f 1646 1573 1633
f 1769 1695 1635
f 1700 1590 1699
f 1637 1699 1590
f 1638 1731 1753
f 1702 1619 1703
f 1674 1703 1619
f 1654 1809 1677
f 1679 1678 1680
f 1655 1680 1757
f 1779 1621 1681
f 1621 1779 1704
f 1683 1705 1656
f 1624 1684 1781
f 1544 1512 1657
f 1782 1689 1628
f 1688 1627 1760
f 1628 1689 1659
f 1834 1659 1689
f 1583 1659 1723
f 1724 1690 1631
f 1631 1761 1724
f 1726 1567 1725
f 1709 1584 1742
f 1693 1744 1600
f 1632 1710 1743
f 1764 1585 1744
f 1585 1764 1727
f 1711 1586 1645
f 1645 1794 1711
f 1712 1713 1601
f 1602 1746 1745
f 1746 1605 1606
f 1552 1714 1633
f 1489 1574 1715
f 1665 1797 1533
f 1826 1534 1796
f 1798 1695 1769
f 1666 1588 1770
f 1666 1647 1667
f 1696 1554 1647
f 1648 1650 1649
f 1668 1669 1748
f 1575 1718 1698
f 1700 1731 1638
f 1575 1652 1718
f 1718 1652 1732
f 1652 1670 1732
f 1753 1775 1653
f 1653 1775 1701
f 1733 1670 1671
f 1676 1620 1808
f 1678 1735 1680
f 1757 1681 1655
f 1656 1705 1737
f 1512 1737 1657
f 1640 1657 1904
f 1719 1720 1685
f 1720 1721 1641
f 1721 1782 1641
f 1760 1658 1722
f 1658 1690 1722
f 1583 1723 1660
f 1660 1787 1528
f 1787 1708 1528
f 1642 1691 1817
f 1788 1817 1691
f 1644 1692 1860
f 1663 1599 1709
f 1584 1743 1742
f 1586 1711 1710
f 1795 1645 1745
f 1551 1646 1941
f 1633 1714 1863
f 1608 1612 1867
f 1533 1797 1612
f 1647 1666 1770
f 1730 1648 1697
f 1650 1802 1614
f 1670 1733 1732
f 1777 1671 1702
f 1673 1672 1755
f 1703 1777 1702
f 1674 1675 1734
f 1675 1673 1734
f 1757 1680 1735
f 1757 1779 1681
f 1622 1781 1812
f 1736 1705 1683
f 1706 1719 1685
f 1707 1686 1759
f 1686 1687 1759
f 1759 1687 1688
f 1722 1690 1724
f 1723 1740 1660
f 1741 1708 1762
f 1788 1661 1859
f 1661 1662 1836
f 1644 1763 1725
f 1663 1709 1662
f 1709 1789 1662
f 1790 1744 1693
f 1712 1727 1728
f 1793 1711 1794
f 1794 1645 1795
f 1824 1694 1713
f 1797 1665 1798
f 1768 1770 1588
f 1772 1716 1696
f 1772 1696 1647
f 1747 1668 1748
f 1650 1801 1802
f 1802 1897 1651
f 1614 1802 1651
f 1669 1773 1717
f 1651 1897 1636
f 1773 1749 1843
f 1827 1749 1698
f 1700 1751 1752
f 1698 1718 1750
f 1700 1752 1731
f 1718 1732 1845
f 1701 1848 1672
f 1671 1777 1754
f 1778 1777 1703
f 1674 1831 1703
f 1734 1831 1674
f 1903 1620 1595
f 1704 1779 1850
f 1595 1622 1812
f 1736 1682 1780
f 1705 1832 1737
f 1706 1640 1904
f 1706 1904 1719
f 1719 1721 1720
f 1659 1834 1784
f 1784 1723 1659
f 1723 1738 1740
f 1724 1739 1722
f 1857 1739 1724
f 1761 1857 1724
f 1660 1740 1835
f 1741 1762 1692
f 1762 1860 1692
f 1725 1763 1726
f 1726 1790 1693
f 1710 1819 1743
f 1791 1710 1711
f 1727 1764 1765
f 1793 1791 1711
f 1765 1728 1727
f 1728 1823 1712
f 1823 1713 1712
f 1746 1606 1840
f 1551 1882 1574
f 1574 1882 1715
f 1729 1608 1895
f 1797 1867 1612
f 1634 1768 1588
f 1769 1635 1747
f 1801 1650 1648
f 1699 1636 1897
f 1804 1700 1699
f 1698 1750 1803
f 1804 1751 1700
f 1805 1752 1751
f 1774 1731 1752
f 1753 1731 1774
f 1775 1776 1701
f 1869 1732 1733
f 1776 1848 1701
f 1733 1671 1754
f 1807 1754 1777
f 1778 1703 1831
f 1809 1676 1808
f 1704 1850 1682
f 1758 1705 1736
f 1888 1707 1759
f 1888 1759 1833
f 1759 1688 1833
f 1853 1689 1782
f 1783 1688 1760
f 1760 1722 1854
f 1784 1738 1723
f 1722 1739 1786
f 1660 1835 1787
f 1726 1763 1818
f 1742 1743 1819
f 1764 1744 1790
f 1764 1877 1765
f 1793 1792 1791
f 1881 1694 1824
f 1881 1664 1694
f 1664 1840 1606
f 1825 1840 1664
f 1633 1863 1646
f 1882 1551 1941
f 1714 1607 1865
f 1865 1607 1729
f 1798 1767 1797
f 1634 1826 1842
f 1799 1770 1768
f 1647 1770 1771
f 1772 1647 1771
f 1772 1800 1716
f 1716 1800 1697
f 1697 1970 1730
f 1730 1801 1648
f 1717 1773 1843
f 1843 1749 1827
f 1827 1698 1803
f 1750 1718 1829
f 1806 1752 1805
f 1829 1718 1845
f 1752 1806 1774
f 1775 1753 1774
f 1869 1845 1732
f 1777 1778 1807
f 1673 1849 1734
f 1757 1735 1811
f 1756 1779 1757
f 1682 1850 1957
f 1957 1780 1682
f 1737 1931 1657
f 1781 1684 1872
f 1684 1707 1888
f 1719 1904 1908
f 1719 1852 1721
f 1722 1786 1854
f 1856 1784 1785
f 1784 1856 1738
f 1740 1738 1816
f 1786 1739 1815
f 1816 1835 1740
f 1761 1858 1857
f 1642 1858 1761
f 1642 1817 1858
f 1708 1787 1762
f 1859 1817 1788
f 1859 1661 1836
f 1860 1763 1644
f 1789 1836 1662
f 1742 1789 1709
f 1837 1919 1791
f 1791 1919 1710
f 1822 1728 1765
f 1823 2044 1713
f 1881 1825 1664
f 1840 1839 1746
f 1729 1895 1865
f 1608 1867 1895
f 1767 1867 1797
f 1896 1798 1769
f 1770 1799 1771
f 1771 1800 1772
f 1669 1994 1748
f 1828 1751 1804
f 1751 1828 1805
f 1805 1844 1806
f 1774 1900 1775
f 1848 1755 1672
f 1755 1901 1673
f 1871 1734 1849
f 1871 1953 1734
f 1677 2019 1678
f 1735 1810 1811
f 1620 1903 1808
f 1595 1812 1956
f 1812 1781 1872
f 1705 1813 1832
f 1758 1813 1705
f 1721 1873 1782
f 1782 1873 1853
f 1688 1783 1833
f 1834 1689 1853
f 1834 1785 1784
f 1786 1855 1854
f 1856 1814 1738
f 1816 1814 1815
f 1738 1814 1816
f 1814 1786 1815
f 1815 1739 1857
f 1787 1892 1762
f 1726 1818 1917
f 1726 1917 1790
f 1876 1742 1819
f 1790 1894 1764
f 1710 1919 1819
f 1877 1820 1765
f 1791 1821 1837
f 1822 1765 1820
f 1791 1792 1821
f 1793 1920 1792
f 1646 1942 1941
f 1714 1864 1863
f 1798 1896 1767
f 1768 1634 1921
f 1768 1921 1799
f 1800 1970 1697
f 1669 1717 1994
f 1804 1883 1828
f 1868 1803 1750
f 1926 1868 1750
f 1829 1926 1750
f 1805 1828 1844
f 1829 1845 1884
f 1900 1774 1806
f 1830 1775 1900
f 1775 1830 1776
f 1869 1846 1845
f 1830 1870 1776
f 1869 1733 1847
f 1733 1754 1847
f 1848 1886 1755
f 1886 1901 1755
f 1673 1901 1849
f 1831 1953 1928
f 1831 1928 1778
f 1831 1734 1953
f 1809 1808 1929
f 1677 1809 1929
f 1735 1678 1810
f 1756 1757 1811
f 1779 1756 1887
f 1595 1956 1903
f 1851 1812 1872
f 1737 1832 1931
f 1684 1888 1905
f 1908 1852 1719
f 1852 1873 1721
f 1873 1889 1853
f 1854 1783 1760
f 1874 1785 1834
f 1785 1960 1856
f 1814 1855 1786
f 1857 1875 1815
f 1910 1815 1875
f 1815 1910 1816
f 1876 1789 1742
f 1764 1894 1877
f 1822 1820 1838
f 1880 1822 1838
f 1792 1920 1821
f 1920 1793 2072
f 1794 2072 1793
f 1795 1745 1839
f 1745 1746 1839
f 1863 1942 1646
f 1715 1882 1841
f 1766 1609 1944
f 1766 1944 1796
f 1990 1826 1796
f 1826 1990 1842
f 1842 1921 1634
f 1771 1799 1800
f 1802 1993 1897
f 1897 1923 1699
f 1923 1804 1699
f 1827 1803 1868
f 1828 2035 1844
f 1848 1776 1870
f 1847 1754 1951
f 1754 1807 2018
f 1778 1927 1807
f 1928 1927 1778
f 1887 1850 1779
f 1932 1833 1783
f 1834 1891 1874
f 1909 1855 1814
f 1960 1909 1856
f 1856 1909 1814
f 1910 1835 1816
f 1787 1835 1912
f 1817 1913 1858
f 1878 1938 1919
f 1878 1919 1837
f 1862 1878 1837
f 1861 1939 1820
f 1877 1861 1820
f 1862 1837 1879
f 1939 1838 1820
f 1837 1821 1879
f 1822 1880 1728
f 1713 2044 2064
f 1714 1865 1864
f 1715 1866 1609
f 1800 1799 1970
f 1801 1993 1802
f 1843 1827 1898
f 1844 2035 1899
f 1884 1845 1973
f 1973 1845 1846
f 1885 1846 1869
f 1870 1830 1949
f 1951 1754 2018
f 1927 2018 1807
f 1871 1849 1976
f 1678 2019 1810
f 1956 1812 1851
f 1780 1979 1758
f 1758 1736 1780
f 1872 1684 1905
f 1906 1905 1888
f 1888 1833 1932
f 1854 1890 1783
f 1853 1891 1834
f 1912 1835 1910
f 1857 1858 1911
f 1787 1912 1892
f 1911 1858 1913
f 1859 1913 1817
f 1892 1860 1762
f 1763 1860 1915
f 1763 1915 1818
f 1916 1836 1789
f 1917 1894 1790
f 1876 1819 1893
f 1877 1878 1861
f 1878 1862 1861
f 1861 1862 1879
f 1966 1861 1879
f 1861 1966 1939
f 1879 1821 1968
f 1713 2064 1824
f 1841 1882 2045
f 1866 1944 1609
f 1867 1969 1895
f 1921 1970 1799
f 1922 1801 1730
f 1804 1947 1883
f 1972 1827 1868
f 1869 1847 1885
f 1870 1949 1997
f 1848 1870 1886
f 1677 1929 1954
f 2019 1677 1954
f 1813 2002 1832
f 1832 2002 1931
f 1657 1980 1904
f 1890 1932 1783
f 1853 1889 1891
f 1854 1934 1890
f 1934 1854 1855
f 1960 1785 1874
f 1934 1855 1909
f 1857 1911 1875
f 1819 1919 1893
f 1964 1938 1878
f 1966 1879 1965
f 1968 1821 1920
f 1824 1988 1881
f 1839 1840 1989
f 2007 1863 1864
f 1882 1941 2045
f 1866 1715 1841
f 1895 1943 1865
f 1747 1992 1769
f 1970 1922 1730
f 2034 1843 1898
f 1827 1972 1898
f 1926 1925 1868
f 1900 2017 1830
f 1950 1885 1847
f 1902 1953 1871
f 1808 1955 1929
f 1999 1810 2019
f 1810 1999 1811
f 1756 1811 1998
f 1756 1998 1887
f 2057 1808 1903
f 1850 1978 1957
f 1851 1872 1958
f 1979 2041 1758
f 1813 1758 2041
f 1872 1905 1958
f 1904 1907 1908
f 1906 1888 1932
f 1873 1852 1981
f 1873 1981 1889
f 1891 1933 1874
f 1960 1874 1933
f 1909 1935 1934
f 1984 1910 1875
f 1984 1875 1911
f 1892 1912 1962
f 1913 1859 1914
f 1859 1836 1914
f 1914 1836 1916
f 1915 2006 1818
f 1916 1789 1985
f 2006 1917 1818
f 1789 1876 1985
f 1893 1985 1876
f 1917 1918 1894
f 1893 1919 1936
f 1894 1937 1877
f 1877 1964 1878
f 1965 1879 2086
f 2086 1879 1968
f 1823 1728 1880
f 1988 1824 2064
f 1969 1943 1895
f 1867 2046 1969
f 1796 1944 1990
f 1867 1767 2046
f 1992 1896 1769
f 1922 1970 2009
f 1747 1945 1992
f 1747 1748 1945
f 1898 1946 2034
f 1947 1971 1883
f 1971 1948 1883
f 1972 1868 1924
f 1883 1948 1828
f 1924 1868 1925
f 1884 1926 1829
f 2017 1949 1830
f 1951 1950 1847
f 1870 1952 1886
f 1901 1974 1849
f 1871 1976 1902
f 2000 1850 1887
f 2000 1978 1850
f 1957 2020 1780
f 1780 2020 1979
f 1931 2002 2003
f 1852 1908 1981
f 1981 1959 1889
f 2023 1932 1890
f 1959 1891 1889
f 1891 1959 1933
f 1982 1890 1934
f 1961 1934 1935
f 1960 1935 1909
f 1984 1962 1910
f 1910 1962 1912
f 2005 1913 1914
f 1892 1915 1860
f 1914 1916 1963
f 1917 2006 1918
f 1918 1937 1894
f 1938 1936 1919
f 1877 1937 1964
f 1987 1795 1839
f 1840 1825 1940
f 1942 1863 2007
f 1864 1865 1943
f 1896 1991 1767
f 1922 1993 1801
f 1748 1994 1945
f 2011 1717 2034
f 1923 1897 1993
f 1717 1843 2034
f 1971 1947 2048
f 1923 1947 1804
f 2048 1947 1923
f 1898 2013 1946
f 1972 2013 1898
f 1948 2035 1828
f 2016 1844 1899
f 1886 1952 1901
f 1952 1974 1901
f 2078 1927 1928
f 1977 1953 1902
f 1811 1999 1998
f 1808 2057 1955
f 1903 1930 2057
f 1903 1956 1930
f 1851 1958 2040
f 1813 2041 2002
f 1931 1980 1657
f 1907 1904 1980
f 1958 1905 1906
f 1932 2023 1906
f 2023 1890 1982
f 1933 1983 1960
f 1982 1934 1961
f 1984 1911 2005
f 1911 1913 2005
f 1892 1962 2026
f 1963 1916 1985
f 1965 2043 1966
f 1965 2086 2030
f 1966 2043 1939
f 1939 2043 1838
f 1920 2072 1968
f 2210 1795 1987
f 1940 1825 1881
f 1943 2007 1864
f 2008 2009 1921
f 1896 1992 1991
f 1717 2011 1994
f 1946 2013 1995
f 2012 1971 2048
f 1972 1924 2013
f 1949 2017 1997
f 1997 1952 1870
f 2018 1927 1975
f 1849 1974 1976
f 1928 2079 2078
f 1928 1953 2079
f 1902 1976 2056
f 1977 2079 1953
f 1929 1955 2080
f 1887 1998 2058
f 2001 1956 1851
f 2020 1957 1978
f 1931 2003 1980
f 1907 2021 1908
f 1908 2021 1981
f 2022 1906 2023
f 1983 1935 1960
f 1984 2004 1962
f 2005 2004 1984
f 1892 2026 1915
f 2027 2005 1914
f 2027 1914 1963
f 1915 2026 2006
f 2006 2028 1918
f 1936 1985 1893
f 1986 1938 1964
f 1937 1986 1964
f 1838 2043 1880
f 2150 1794 1795
f 2046 1767 1991
f 1842 2008 1921
f 1921 2009 1970
f 1994 2011 1945
f 1946 2049 2034
f 1996 1995 2013
f 1971 2012 2014
f 1926 2077 1925
f 2035 2015 1899
f 1844 2016 1806
f 2016 2053 1806
f 2036 1952 1997
f 1950 1951 2055
f 1951 2018 2055
f 2018 1975 2037
f 1927 2078 1975
f 1887 2058 2000
f 1907 1980 2069
f 1958 1906 2022
f 1981 2042 1959
f 2042 2024 1959
f 1959 2024 1933
f 1983 1961 1935
f 2026 1962 2004
f 2026 2025 2006
f 2029 1985 1936
f 1918 2028 1937
f 2028 1986 1937
f 2029 1936 1986
f 1986 1936 1938
f 2043 1965 2030
f 2043 2087 1880
f 1839 1989 1987
f 1940 1989 1840
f 1942 2045 1941
f 1841 2045 2073
f 2073 1866 1841
f 1866 2073 1944
f 1969 2046 2032
f 2047 1992 2010
f 1992 1945 2010
f 1922 2033 1993
f 2075 1923 1993
f 1995 2012 2050
f 2050 2012 2048
f 2012 1995 1996
f 2012 1996 2014
f 2013 1924 2051
f 1924 1925 2092
f 1926 2052 2077
f 1884 1973 2052
f 1884 2052 1926
f 1973 1846 2066
f 1900 2053 2017
f 2066 1846 1885
f 2094 1997 2017
f 2036 1997 2094
f 2055 2018 2037
f 1976 1974 2145
f 2056 1976 2145
f 1998 2038 2058
f 1930 1956 2001
f 2039 1978 2000
f 2040 2001 1851
f 2020 2059 1979
f 1979 2059 2041
f 2068 1958 2022
f 2021 2042 1981
f 1933 2024 1983
f 2026 2004 2025
f 2004 2005 2027
f 2025 2004 2027
f 2006 2025 2028
f 2029 2027 1963
f 2029 1963 1985
f 2028 2029 1986
f 1823 1880 1967
f 2150 1795 2210
f 2110 1940 1881
f 1988 2110 1881
f 1943 2065 2007
f 1969 2065 1943
f 2073 2031 1944
f 1969 2032 2138
f 2031 1990 1944
f 2046 1991 2074
f 1842 1990 2008
f 2047 1991 1992
f 1922 2009 2168
f 2168 2033 1922
f 1945 2011 2010
f 1993 2033 2075
f 2091 2011 2034
f 1923 2075 2048
f 1995 2049 1946
f 1996 2013 2051
f 2014 1996 2051
f 2115 1948 1971
f 2115 2100 1948
f 2100 2035 1948
f 2016 1899 2101
f 1806 2053 1900
f 1885 1950 2054
f 2055 2117 1950
f 1977 2131 2079
f 2038 1998 1999
f 2020 1978 2039
f 2002 2041 2060
f 1958 2068 2040
f 2061 1980 2003
f 1907 2069 2083
f 2084 2022 2023
f 2084 2023 1982
f 2042 2070 2024
f 1961 2071 1982
f 2071 1961 1983
f 2024 2071 1983
f 2025 2027 2029
f 2025 2029 2028
f 2030 2086 2148
f 2063 1880 2087
f 1880 2063 1967
f 2007 2111 1942
f 2045 1942 2088
f 2138 2065 1969
f 2089 1990 2031
f 2008 1990 2089
f 2049 2091 2034
f 2050 2049 1995
f 1924 2076 2051
f 2014 2115 1971
f 1924 2092 2076
f 1950 2117 2054
f 2037 1975 2160
f 2132 2131 1977
f 1902 2132 1977
f 2080 1954 1929
f 1999 2019 2133
f 2058 2038 2067
f 2060 2003 2002
f 2062 2021 1907
f 2021 2070 2042
f 2071 2084 1982
f 2219 1968 2072
f 2072 1794 2150
f 1989 2210 1987
f 2128 2045 2088
f 2128 2073 2045
f 2075 2098 2048
f 1925 2077 2092
f 2066 2052 1973
f 2101 2053 2016
f 2066 1885 2102
f 2055 2037 2118
f 1974 1952 2036
f 1975 2078 2160
f 1999 2133 2038
f 2067 2105 2058
f 2058 2105 2000
f 2000 2105 2039
f 2059 2020 2039
f 2059 2107 2082
f 2082 2060 2041
f 2059 2082 2041
f 2061 2003 2126
f 1980 2061 2069
f 2021 2062 2070
f 2070 2085 2071
f 2024 2070 2071
f 1989 1940 2220
f 2010 2112 2090
f 2010 2011 2112
f 2011 2091 2112
f 2099 2091 2049
f 2050 2099 2049
f 2048 2098 2050
f 2114 2014 2051
f 2100 2015 2035
f 1899 2015 2101
f 2053 2093 2017
f 2094 2103 2036
f 2095 1974 2036
f 2145 1974 2095
f 2080 2119 1954
f 2081 2080 1955
f 1955 2104 2081
f 2133 2121 2038
f 1955 2057 2104
f 2057 1930 2104
f 2001 2104 1930
f 2105 2106 2039
f 2040 2096 2001
f 2039 2107 2059
f 2068 2096 2040
f 2126 2003 2060
f 2083 2062 1907
f 2108 2022 2084
f 2125 2084 2085
f 2085 2084 2071
f 2087 2043 2097
f 1967 2044 1823
f 2127 2072 2150
f 2044 2109 2064
f 2064 2109 1988
f 2111 2088 1942
f 2065 2111 2007
f 2073 2152 2031
f 2031 2139 2089
f 2046 2074 2032
f 2008 2168 2009
f 2047 2010 2090
f 2168 2155 2033
f 2075 2033 2113
f 2098 2099 2050
f 2014 2114 2115
f 2076 2114 2051
f 2015 2159 2101
f 2101 2159 2142
f 2052 2066 2116
f 2093 2193 2017
f 1885 2054 2102
f 2036 2103 2095
f 2079 2161 2078
f 2079 2131 2161
f 2080 2081 2174
f 2038 2121 2067
f 2039 2106 2107
f 2123 2060 2082
f 2126 2060 2123
f 2108 2068 2022
f 2062 2125 2085
f 2125 2108 2084
f 2062 2085 2070
f 2030 2148 2183
f 2043 2030 2183
f 2086 1968 2219
f 2072 2127 2219
f 2257 2110 1988
f 2128 2152 2073
f 2065 2138 2151
f 2152 2139 2031
f 2032 2153 2138
f 2153 2032 2074
f 2008 2089 2129
f 2155 2113 2033
f 2115 2114 2140
f 2015 2100 2159
f 2077 2052 2141
f 2116 2141 2052
f 2116 2066 2102
f 2053 2101 2093
f 2017 2193 2094
f 2117 2055 2118
f 2145 2181 2056
f 2160 2078 2161
f 2056 2181 2173
f 2056 2173 1902
f 1902 2173 2132
f 2080 2174 2119
f 2133 2120 2121
f 2104 2122 2081
f 2067 2121 2105
f 2001 2096 2104
f 2107 2106 2123
f 2082 2107 2123
f 2124 2096 2068
f 2124 2068 2108
f 2062 2134 2125
f 2083 2134 2062
f 2097 2043 2183
f 2219 2148 2086
f 2136 1967 2063
f 1967 2149 2044
f 2210 1989 2232
f 1940 2110 2220
f 2111 2065 2151
f 2139 2129 2089
f 2129 2168 2008
f 2074 1991 2047
f 2098 2075 2113
f 2092 2077 2141
f 2094 2193 2103
f 2019 1954 2119
f 2019 2119 2133
f 2162 2105 2121
f 2096 2146 2104
f 2162 2106 2105
f 2195 2123 2106
f 2126 2123 2147
f 2163 2108 2125
f 2069 2061 2165
f 2087 2097 2135
f 2063 2087 2135
f 1989 2220 2232
f 2220 2110 2137
f 2177 2088 2111
f 2167 2074 2047
f 2090 2167 2047
f 2156 2112 2091
f 2099 2156 2091
f 2101 2171 2143
f 2101 2143 2093
f 2095 2103 2144
f 2037 2160 2118
f 2217 2131 2132
f 2182 2217 2132
f 2122 2104 2146
f 2162 2195 2106
f 2096 2124 2146
f 2124 2108 2209
f 2163 2209 2108
f 2134 2163 2125
f 2044 2149 2109
f 1988 2109 2257
f 2257 2137 2110
f 2151 2177 2111
f 2151 2138 2187
f 2188 2167 2090
f 2112 2188 2090
f 2169 2099 2098
f 2140 2233 2115
f 2115 2233 2100
f 2100 2233 2159
f 2092 2141 2158
f 2142 2171 2101
f 2212 2117 2118
f 2120 2162 2121
f 2175 2081 2122
f 2209 2146 2124
f 2123 2195 2147
f 2163 2134 2164
f 2083 2164 2134
f 2165 2083 2069
f 2231 2183 2148
f 2135 2242 2063
f 2128 2088 2177
f 2139 2152 2166
f 2153 2187 2138
f 2155 2168 2154
f 2156 2188 2112
f 2169 2156 2099
f 2170 2140 2114
f 2114 2076 2157
f 2092 2157 2076
f 2092 2158 2157
f 2141 2116 2211
f 2191 2211 2116
f 2171 2179 2143
f 2116 2102 2191
f 2193 2093 2143
f 2143 2180 2193
f 2054 2117 2212
f 2145 2095 2130
f 2145 2130 2172
f 2181 2216 2173
f 2131 2217 2161
f 2132 2173 2182
f 2133 2119 2194
f 2120 2133 2194
f 2208 2174 2081
f 2176 2122 2146
f 2176 2146 2209
f 2126 2196 2061
f 2135 2097 2184
f 2285 2148 2219
f 2150 2210 2197
f 2166 2152 2128
f 2166 2129 2139
f 2153 2074 2167
f 2154 2168 2129
f 2155 2178 2113
f 2113 2178 2098
f 2157 2170 2114
f 2233 2203 2159
f 2158 2141 2211
f 2193 2144 2103
f 2119 2174 2207
f 2081 2175 2208
f 2175 2122 2176
f 2209 2163 2164
f 2083 2229 2164
f 2229 2083 2165
f 2165 2061 2196
f 1967 2136 2149
f 2149 2185 2109
f 2128 2177 2186
f 2128 2186 2166
f 2177 2151 2187
f 2187 2153 2200
f 2166 2201 2129
f 2154 2129 2201
f 2178 2169 2098
f 2142 2159 2203
f 2142 2203 2171
f 2102 2192 2191
f 2143 2179 2180
f 2095 2144 2130
f 2145 2172 2181
f 2226 2160 2161
f 2207 2174 2208
f 2162 2120 2223
f 2175 2238 2208
f 2240 2147 2195
f 2097 2183 2184
f 2242 2136 2063
f 2109 2185 2198
f 2186 2177 2199
f 2199 2177 2187
f 2187 2200 2199
f 2186 2201 2166
f 2200 2153 2167
f 2200 2167 2189
f 2167 2188 2189
f 2189 2188 2156
f 2154 2178 2155
f 2189 2169 2178
f 2169 2189 2156
f 2170 2268 2140
f 2203 2190 2171
f 2171 2190 2179
f 2102 2054 2192
f 2054 2212 2225
f 2130 2144 2205
f 2212 2206 2213
f 2118 2206 2212
f 2118 2160 2206
f 2252 2173 2216
f 2182 2173 2252
f 2119 2207 2194
f 2195 2162 2223
f 2228 2175 2176
f 2228 2176 2209
f 2164 2229 2209
f 2147 2196 2126
f 2165 2196 2248
f 2230 2218 2183
f 2184 2183 2218
f 2127 2255 2219
f 2136 2185 2149
f 2109 2198 2257
f 2186 2199 2202
f 2202 2201 2186
f 2199 2200 2202
f 2202 2200 2189
f 2154 2201 2178
f 2178 2202 2189
f 2157 2158 2287
f 2233 2221 2203
f 2211 2191 2249
f 2204 2249 2191
f 2179 2190 2222
f 2192 2204 2191
f 2180 2224 2193
f 2224 2144 2193
f 2206 2214 2213
f 2160 2226 2236
f 2161 2217 2226
f 2223 2120 2194
f 2228 2238 2175
f 2239 2209 2229
f 2230 2183 2231
f 2285 2231 2148
f 2127 2150 2278
f 2197 2278 2150
f 2201 2202 2178
f 2190 2203 2221
f 2192 2054 2225
f 2180 2235 2224
f 2224 2205 2144
f 2205 2215 2130
f 2130 2215 2172
f 2209 2239 2228
f 2165 2248 2229
f 2197 2210 2232
f 2220 2344 2232
f 2268 2233 2140
f 2158 2211 2287
f 2179 2235 2180
f 2225 2243 2192
f 2225 2212 2213
f 2172 2216 2181
f 2182 2227 2217
f 2207 2208 2237
f 2194 2237 2223
f 2240 2195 2223
f 2247 2147 2240
f 2247 2196 2147
f 2241 2184 2218
f 2303 2127 2278
f 2344 2334 2232
f 2137 2344 2220
f 2294 2157 2287
f 2190 2221 2234
f 2235 2179 2222
f 2214 2244 2213
f 2205 2250 2215
f 2214 2206 2251
f 2160 2236 2206
f 2217 2227 2226
f 2182 2252 2227
f 2237 2194 2207
f 2237 2208 2238
f 2196 2247 2248
f 2157 2294 2170
f 2295 2287 2211
f 2211 2249 2295
f 2234 2269 2190
f 2190 2269 2222
f 2224 2250 2205
f 2225 2213 2244
f 2239 2229 2254
f 2248 2254 2229
f 2230 2266 2218
f 2284 2231 2285
f 2184 2241 2135
f 2242 2256 2136
f 2185 2136 2256
f 2268 2170 2294
f 2261 2204 2192
f 2261 2192 2243
f 2235 2250 2224
f 2243 2225 2244
f 2216 2281 2252
f 2238 2246 2237
f 2246 2253 2237
f 2237 2253 2223
f 2246 2238 2228
f 2223 2253 2240
f 2228 2239 2246
f 2239 2254 2246
f 2240 2253 2247
f 2247 2254 2248
f 2230 2308 2266
f 2230 2231 2308
f 2285 2219 2255
f 2343 2197 2232
f 2221 2233 2268
f 2234 2260 2269
f 2249 2204 2288
f 2214 2251 2244
f 2251 2206 2271
f 2206 2236 2271
f 2236 2226 2245
f 2226 2227 2245
f 2252 2273 2227
f 2254 2253 2246
f 2253 2254 2247
f 2276 2218 2266
f 2277 2241 2218
f 2277 2286 2135
f 2302 2185 2256
f 2267 2198 2309
f 2309 2198 2185
f 2267 2257 2198
f 2232 2334 2343
f 2267 2335 2137
f 2257 2267 2137
f 2335 2344 2137
f 2221 2260 2234
f 2269 2279 2222
f 2222 2279 2235
f 2279 2270 2235
f 2250 2235 2270
f 2243 2244 2261
f 2244 2251 2261
f 2250 2270 2215
f 2263 2258 2262
f 2258 2259 2262
f 2274 2259 2258
f 2308 2231 2284
f 2241 2277 2135
f 2286 2242 2135
f 2315 2255 2303
f 2255 2127 2303
f 2293 2256 2242
f 2304 2268 2294
f 2221 2268 2260
f 2288 2204 2261
f 2215 2326 2172
f 2172 2326 2216
f 2281 2272 2252
f 2263 2306 2258
f 2262 2259 2264
f 2265 2258 2306
f 2265 2274 2258
f 2274 2275 2259
f 2292 2264 2259
f 2275 2292 2259
f 2218 2276 2277
f 2285 2255 2315
f 2185 2302 2309
f 2197 2343 2351
f 2249 2288 2295
f 2261 2251 2271
f 2271 2236 2280
f 2326 2327 2216
f 2280 2236 2245
f 2273 2282 2227
f 2272 2273 2252
f 2290 2262 2264
f 2296 2290 2264
f 2291 2296 2264
f 2292 2291 2264
f 2283 2276 2266
f 2314 2242 2286
f 2268 2304 2260
f 2288 2261 2289
f 2270 2326 2215
f 2216 2327 2281
f 2245 2227 2282
f 2290 2318 2262
f 2318 2263 2262
f 2263 2311 2306
f 2306 2297 2265
f 2291 2292 2313
f 2276 2332 2277
f 2323 2308 2284
f 2242 2314 2293
f 2303 2278 2357
f 2357 2278 2351
f 2278 2197 2351
f 2287 2310 2294
f 2295 2288 2305
f 2260 2316 2269
f 2288 2289 2305
f 2279 2317 2270
f 2261 2271 2289
f 2270 2317 2326
f 2299 2274 2265
f 2300 2275 2274
f 2292 2275 2300
f 2294 2310 2324
f 2287 2295 2310
f 2260 2304 2325
f 2263 2318 2339
f 2339 2311 2263
f 2296 2291 2298
f 2297 2299 2265
f 2274 2299 2322
f 2300 2274 2322
f 2283 2266 2308
f 2284 2285 2301
f 2285 2315 2301
f 2293 2302 2256
f 2309 2381 2267
f 2304 2294 2324
f 2305 2310 2295
f 2325 2316 2260
f 2279 2269 2316
f 2271 2280 2289
f 2328 2280 2245
f 2296 2298 2312
f 2306 2320 2297
f 2331 2298 2291
f 2331 2291 2313
f 2313 2292 2307
f 2307 2292 2300
f 2276 2283 2307
f 2300 2276 2307
f 2284 2301 2323
f 2293 2362 2302
f 2381 2309 2302
f 2279 2316 2317
f 2327 2329 2281
f 2245 2282 2328
f 2281 2329 2272
f 2273 2272 2329
f 2273 2338 2282
f 2319 2318 2290
f 2296 2312 2319
f 2319 2290 2296
f 2340 2313 2283
f 2313 2307 2283
f 2276 2300 2332
f 2277 2342 2286
f 2381 2302 2333
f 2324 2325 2304
f 2305 2289 2348
f 2348 2289 2280
f 2329 2338 2273
f 2320 2306 2311
f 2297 2330 2299
f 2299 2330 2321
f 2299 2321 2322
f 2283 2308 2340
f 2332 2300 2322
f 2340 2308 2323
f 2332 2341 2277
f 2361 2301 2374
f 2374 2301 2315
f 2267 2377 2335
f 2324 2346 2325
f 2310 2305 2336
f 2336 2324 2310
f 2316 2325 2346
f 2317 2316 2347
f 2326 2317 2347
f 2348 2280 2328
f 2327 2354 2329
f 2328 2282 2338
f 2354 2338 2329
f 2318 2319 2360
f 2318 2360 2339
f 2298 2331 2350
f 2313 2340 2331
f 2341 2332 2322
f 2341 2342 2277
f 2375 2303 2357
f 2390 2357 2351
f 2334 2344 2369
f 2324 2336 2345
f 2345 2346 2324
f 2337 2327 2326
f 2354 2327 2337
f 2338 2349 2328
f 2312 2298 2366
f 2298 2350 2366
f 2320 2330 2297
f 2368 2331 2340
f 2341 2322 2321
f 2323 2368 2340
f 2361 2323 2301
f 2342 2314 2286
f 2381 2377 2267
f 2346 2347 2316
f 2305 2348 2336
f 2352 2336 2348
f 2347 2337 2326
f 2328 2349 2348
f 2371 2311 2339
f 2311 2371 2367
f 2311 2367 2320
f 2330 2355 2321
f 2356 2342 2341
f 2314 2362 2293
f 2375 2315 2303
f 2351 2343 2363
f 2343 2334 2363
f 2363 2334 2369
f 2335 2369 2344
f 2346 2345 2358
f 2336 2352 2345
f 2359 2346 2358
f 2347 2346 2359
f 2358 2345 2352
f 2352 2348 2349
f 2347 2359 2337
f 2353 2358 2349
f 2359 2354 2337
f 2353 2349 2338
f 2354 2353 2338
f 2320 2367 2330
f 2368 2323 2361
f 2342 2356 2314
f 2333 2362 2376
f 2362 2333 2302
f 2352 2349 2358
f 2358 2353 2359
f 2354 2359 2353
f 2360 2319 2365
f 2319 2312 2365
f 2330 2379 2355
f 2341 2321 2356
f 2361 2392 2368
f 2314 2356 2362
f 2364 2335 2377
f 2364 2369 2335
f 2371 2339 2360
f 2312 2366 2365
f 2374 2315 2375
f 2333 2400 2381
f 2351 2363 2390
f 2371 2360 2378
f 2365 2366 2370
f 2370 2366 2373
f 2366 2350 2373
f 2367 2372 2330
f 2330 2372 2379
f 2373 2350 2386
f 2350 2331 2386
f 2386 2331 2368
f 2355 2389 2321
f 2356 2321 2389
f 2390 2375 2357
f 2365 2383 2360
f 2378 2360 2383
f 2371 2378 2367
f 2380 2333 2376
f 2333 2380 2400
f 2382 2383 2365
f 2382 2365 2370
f 2367 2378 2372
f 2386 2391 2373
f 2392 2361 2374
f 2394 2362 2356
f 2369 2401 2363
f 2364 2401 2369
f 2378 2385 2372
f 2373 2391 2370
f 2372 2385 2379
f 2379 2429 2355
f 2392 2386 2368
f 2392 2374 2393
f 2394 2406 2362
f 2393 2374 2375
f 2362 2406 2376
f 2363 2401 2390
f 2418 2377 2402
f 2381 2402 2377
f 2378 2383 2384
f 2384 2385 2378
f 2389 2394 2356
f 2383 2382 2387
f 2383 2387 2384
f 2382 2370 2403
f 2384 2388 2385
f 2385 2388 2379
f 2391 2386 2398
f 2418 2364 2377
f 2396 2387 2382
f 2387 2397 2384
f 2396 2382 2403
f 2370 2391 2403
f 2388 2429 2379
f 2392 2404 2386
f 2389 2405 2394
f 2400 2402 2381
f 2397 2387 2396
f 2412 2384 2397
f 2391 2395 2403
f 2384 2412 2388
f 2398 2395 2391
f 2355 2399 2389
f 2399 2405 2389
f 2404 2392 2393
f 2390 2401 2408
f 2398 2386 2415
f 2394 2405 2406
f 2393 2375 2416
f 2390 2416 2375
f 2396 2409 2397
f 2411 2396 2403
f 2395 2398 2420
f 2415 2386 2404
f 2419 2412 2397
f 2420 2398 2415
f 2376 2406 2380
f 2408 2416 2390
f 2380 2407 2400
f 2407 2418 2402
f 2429 2399 2355
f 2426 2406 2405
f 2426 2380 2406
f 2407 2402 2400
f 2417 2408 2401
f 2410 2397 2409
f 2410 2419 2397
f 2411 2403 2414
f 2395 2420 2414
f 2395 2414 2403
f 2404 2393 2430
f 2399 2422 2405
f 2416 2408 2413
f 2427 2407 2380
f 2364 2417 2401
f 2418 2417 2364
f 2409 2396 2428
f 2419 2421 2412
f 2421 2388 2412
f 2421 2437 2388
f 2388 2437 2429
f 2399 2429 2424
f 2408 2417 2413
f 2411 2428 2396
f 2440 2399 2424
f 2399 2440 2422
f 2416 2430 2393
f 2426 2427 2380
f 2445 2418 2407
f 2419 2410 2423
f 2423 2431 2419
f 2433 2420 2434
f 2420 2415 2434
f 2415 2404 2425
f 2405 2422 2426
f 2407 2427 2445
f 2445 2417 2418
f 2432 2428 2411
f 2411 2414 2432
f 2429 2437 2424
f 2424 2439 2440
f 2416 2413 2430
f 2409 2428 2410
f 2419 2431 2421
f 2434 2415 2425
f 2449 2404 2430
f 2441 2413 2417
f 2441 2417 2445
f 2431 2423 2435
f 2442 2414 2420
f 2437 2447 2424
f 2439 2424 2447
f 2425 2404 2444
f 2404 2449 2444
f 2410 2428 2446
f 2410 2446 2435
f 2423 2410 2435
f 2414 2442 2432
f 2433 2434 2436
f 2438 2434 2425
f 2413 2457 2430
f 2426 2458 2427
f 2428 2432 2446
f 2431 2450 2421
f 2442 2420 2433
f 2421 2443 2437
f 2436 2434 2438
f 2425 2444 2453
f 2413 2441 2457
f 2440 2439 2456
f 2444 2449 2470
f 2440 2448 2422
f 2426 2422 2458
f 2479 2445 2427
f 2446 2432 2454
f 2443 2421 2450
f 2455 2433 2436
f 2437 2443 2447
f 2439 2447 2461
f 2456 2439 2461
f 2449 2430 2457
f 2427 2458 2479
f 2457 2441 2459
f 2459 2441 2445
f 2446 2462 2435
f 2431 2435 2463
f 2438 2452 2436
f 2452 2438 2453
f 2425 2453 2438
f 2446 2454 2462
f 2432 2442 2454
f 2431 2463 2450
f 2442 2433 2455
f 2450 2451 2443
f 2451 2447 2443
f 2452 2453 2460
f 2453 2444 2470
f 2448 2440 2456
f 2458 2422 2448
f 2445 2479 2459
f 2463 2435 2462
f 2455 2436 2452
f 2453 2477 2460
f 2453 2470 2477
f 2448 2484 2458
f 2442 2464 2454
f 2452 2472 2455
f 2447 2465 2461
f 2465 2469 2461
f 2476 2456 2461
f 2470 2449 2478
f 2478 2449 2457
f 2454 2464 2462
f 2450 2463 2451
f 2455 2464 2442
f 2451 2465 2447
f 2467 2472 2452
f 2473 2472 2467
f 2452 2460 2467
f 2469 2476 2461
f 2462 2464 2471
f 2471 2463 2462
f 2451 2463 2480
f 2472 2464 2455
f 2451 2480 2465
f 2480 2466 2465
f 2465 2466 2469
f 2467 2474 2473
f 2469 2466 2468
f 2476 2448 2456
f 2480 2463 2471
f 2471 2464 2472
f 2466 2472 2473
f 2480 2472 2466
f 2466 2473 2474
f 2475 2466 2474
f 2466 2475 2468
f 2481 2469 2468
f 2460 2486 2467
f 2460 2477 2486
f 2481 2476 2469
f 2477 2470 2482
f 2470 2478 2482
f 2478 2457 2489
f 2459 2489 2457
f 2472 2480 2471
f 2474 2483 2475
f 2468 2475 2491
f 2468 2491 2481
f 2448 2476 2484
f 2488 2458 2484
f 2488 2479 2458
f 2490 2459 2479
f 2467 2483 2474
f 2486 2483 2467
f 2488 2490 2479
f 2475 2483 2491
f 2489 2459 2490
f 2486 2477 2482
f 2487 2476 2481
f 2487 2484 2476
f 2482 2478 2492
f 2492 2478 2489
f 2493 2491 2483
f 2486 2485 2483
f 2487 2481 2491
f 2482 2492 2495
f 2488 2496 2490
f 2490 2492 2489
f 2485 2493 2483
f 2486 2482 2495
f 2487 2488 2484
f 2496 2492 2490
f 2485 2486 2495
f 2493 2494 2491
f 2491 2494 2487
f 2494 2488 2487
f 2494 2496 2488
f 2493 2485 2495
f 2494 2493 2496
f 2492 2496 2495
f 2493 2495 2496
f 2501 2498 2497
f 2498 2499 2497
f 2497 2502 2500
f 2497 2499 2502
f 2497 2500 2501
f 2504 2499 2498
f 2502 2503 2500
f 2506 2502 2499
f 2499 2505 2506
f 2501 2500 2510
f 2524 2503 2502
f 2524 2502 2506
f 2509 2501 2510
f 2501 2509 2498
f 2509 2513 2498
f 2498 2513 2514
f 2498 2514 2504
f 2508 2499 2504
f 2505 2499 2508
f 2512 2513 2509
f 2500 2507 2510
f 2514 2522 2504
f 2503 2507 2500
f 2504 2522 2508
f 2506 2525 2524
f 2510 2520 2511
f 2512 2509 2511
f 2509 2510 2511
f 2520 2510 2515
f 2513 2512 2516
f 2516 2514 2513
f 2508 2523 2505
f 2505 2518 2506
f 2505 2523 2518
f 2512 2511 2519
f 2510 2507 2515
f 2507 2503 2517
f 2524 2517 2503
f 2522 2523 2508
f 2525 2506 2518
f 2528 2519 2511
f 2520 2515 2526
f 2514 2516 2521
f 2539 2515 2507
f 2521 2522 2514
f 2519 2531 2512
f 2516 2512 2531
f 2516 2531 2538
f 2507 2517 2539
f 2523 2522 2545
f 2534 2524 2525
f 2550 2518 2523
f 2518 2550 2525
f 2511 2520 2530
f 2530 2520 2526
f 2519 2529 2531
f 2532 2526 2515
f 2521 2516 2585
f 2539 2584 2515
f 2522 2521 2545
f 2550 2523 2545
f 2541 2527 2536
f 2541 2528 2527
f 2511 2530 2527
f 2528 2511 2527
f 2529 2519 2528
f 2515 2584 2532
f 2533 2521 2585
f 2550 2534 2525
f 2567 2536 2535
f 2527 2535 2536
f 2527 2530 2535
f 2541 2529 2528
f 2547 2530 2542
f 2537 2529 2541
f 2526 2542 2530
f 2531 2529 2537
f 2526 2532 2542
f 2542 2532 2543
f 2531 2537 2538
f 2540 2524 2534
f 2541 2536 2553
f 2553 2583 2541
f 2583 2544 2541
f 2535 2530 2547
f 2547 2542 2543
f 2537 2541 2544
f 2537 2544 2538
f 2544 2555 2538
f 2585 2516 2538
f 2584 2620 2532
f 2545 2521 2569
f 2524 2540 2517
f 2534 2549 2540
f 2534 2550 2556
f 2553 2536 2567
f 2694 2547 2543
f 2543 2532 2554
f 2544 2568 2555
f 2569 2521 2533
f 2517 2540 2586
f 2569 2548 2545
f 2549 2534 2556
f 2572 2559 2546
f 2564 2601 2546
f 2557 2552 2562
f 2546 2559 2563
f 2546 2565 2564
f 2546 2563 2565
f 2532 2620 2554
f 2538 2555 2585
f 2545 2548 2570
f 2540 2549 2635
f 2550 2545 2570
f 2556 2550 2570
f 2588 2557 2562
f 2546 2601 2572
f 2562 2560 2573
f 2557 2588 2574
f 2558 2561 2575
f 2558 2571 2561
f 2591 2577 2551
f 2561 2578 2575
f 2594 2561 2571
f 2574 2604 2557
f 2593 2576 2551
f 2563 2559 2705
f 2566 2592 2562
f 2562 2552 2566
f 2580 2593 2551
f 2551 2577 2580
f 2561 2606 2578
f 2594 2607 2561
f 2607 2606 2561
f 2579 2552 2557
f 2705 2610 2563
f 2552 2582 2566
f 2582 2552 2579
f 2610 2565 2563
f 2567 2535 2685
f 2685 2535 2547
f 2544 2583 2568
f 2543 2554 2694
f 2539 2622 2584
f 2569 2533 2623
f 2586 2540 2587
f 2540 2635 2587
f 2549 2654 2635
f 2556 2570 2677
f 2570 2636 2677
f 2677 2637 2556
f 2687 2559 2572
f 2588 2562 2573
f 2551 2576 2639
f 2591 2551 2639
f 2575 2578 2602
f 2603 2601 2564
f 2604 2579 2557
f 2566 2605 2592
f 2564 2565 2581
f 2577 2608 2580
f 2608 2645 2580
f 2619 2555 2568
f 2671 2554 2620
f 2585 2555 2621
f 2585 2621 2672
f 2533 2585 2672
f 2622 2539 2586
f 2539 2517 2586
f 2548 2599 2570
f 2599 2636 2570
f 2549 2556 2637
f 2637 2654 2549
f 2588 2573 2732
f 2688 2574 2588
f 2589 2639 2576
f 2572 2601 2657
f 2640 2589 2576
f 2593 2640 2576
f 2560 2562 2592
f 2593 2590 2640
f 2660 2594 2571
f 2590 2604 2574
f 2690 2594 2660
f 2643 2593 2645
f 2593 2580 2645
f 2581 2662 2564
f 2691 2607 2594
f 2735 2608 2577
f 2582 2693 2566
f 2611 2582 2579
f 2610 2609 2581
f 2565 2610 2581
f 2611 2693 2582
f 2595 2647 2612
f 2612 2616 2595
f 2668 2616 2612
f 2617 2614 2595
f 2616 2617 2595
f 2553 2567 2670
f 2583 2553 2740
f 2547 2694 2685
f 2569 2627 2548
f 2674 2598 2628
f 2598 2652 2628
f 2629 2632 2597
f 2678 2571 2558
f 2639 2589 2679
f 2600 2559 2687
f 2573 2560 2703
f 2659 2660 2571
f 2574 2640 2590
f 2592 2661 2560
f 2577 2591 2641
f 2642 2578 2606
f 2603 2564 2644
f 2662 2644 2564
f 2735 2577 2641
f 2566 2693 2605
f 2721 2610 2705
f 2647 2595 2648
f 2665 2612 2647
f 2614 2613 2648
f 2595 2614 2648
f 2615 2668 2612
f 2617 2667 2614
f 2668 2618 2616
f 2616 2618 2617
f 2568 2583 2726
f 2694 2554 2671
f 2555 2695 2621
f 2696 2620 2584
f 2623 2686 2569
f 2586 2587 2625
f 2673 2629 2675
f 2596 2626 2569
f 2624 2626 2596
f 2625 2587 2630
f 2627 2569 2626
f 2628 2626 2624
f 2650 2628 2624
f 2674 2628 2650
f 2629 2597 2675
f 2630 2629 2625
f 2626 2628 2627
f 2628 2652 2627
f 2652 2651 2627
f 2630 2634 2629
f 2587 2635 2630
f 2630 2635 2634
f 2698 2598 2631
f 2632 2653 2597
f 2634 2632 2629
f 2599 2548 2651
f 2598 2633 2652
f 2698 2633 2598
f 2698 2676 2633
f 2702 2636 2599
f 2571 2678 2655
f 2572 2657 2687
f 2588 2732 2688
f 2589 2656 2679
f 2639 2658 2591
f 2688 2640 2574
f 2589 2640 2689
f 2600 2720 2559
f 2705 2559 2720
f 2578 2642 2602
f 2603 2644 2660
f 2590 2593 2643
f 2644 2690 2660
f 2661 2592 2605
f 2590 2643 2604
f 2705 2706 2721
f 2643 2579 2604
f 2607 2682 2606
f 2581 2609 2662
f 2691 2682 2607
f 2609 2610 2646
f 2665 2709 2612
f 2612 2709 2615
f 2667 2613 2614
f 2710 2668 2615
f 2618 2725 2617
f 2695 2555 2619
f 2696 2584 2622
f 2744 2623 2533
f 2586 2625 2673
f 2586 2673 2622
f 2569 2686 2650
f 2569 2650 2596
f 2674 2650 2686
f 2629 2673 2625
f 2650 2624 2596
f 2597 2697 2675
f 2597 2653 2697
f 2548 2627 2651
f 2700 2651 2652
f 2633 2700 2652
f 2654 2634 2635
f 2702 2716 2636
f 2636 2716 2677
f 2677 2638 2637
f 2638 2757 2637
f 2575 2748 2558
f 2748 2678 2558
f 2679 2658 2639
f 2601 2659 2657
f 2688 2689 2640
f 2658 2641 2591
f 2603 2660 2659
f 2601 2603 2659
f 2774 2602 2642
f 2680 2642 2606
f 2662 2690 2644
f 2594 2690 2691
f 2682 2680 2606
f 2610 2721 2646
f 2663 2693 2611
f 2608 2664 2645
f 2707 2647 2648
f 2613 2708 2648
f 2615 2709 2684
f 2666 2615 2684
f 2723 2613 2667
f 2666 2710 2615
f 2617 2669 2667
f 2711 2668 2710
f 2711 2618 2668
f 2617 2725 2669
f 2765 2618 2711
f 2618 2765 2649
f 2649 2725 2618
f 2567 2741 2670
f 2740 2553 2670
f 2567 2685 2766
f 2598 2674 2631
f 2698 2631 2730
f 2651 2700 2599
f 2654 2699 2634
f 2715 2699 2654
f 2654 2637 2715
f 2716 2638 2677
f 2807 2600 2687
f 2575 2733 2748
f 2571 2655 2659
f 2688 2717 2689
f 2656 2589 2689
f 2575 2602 2733
f 2643 2645 2692
f 2643 2692 2579
f 2645 2664 2692
f 2579 2681 2611
f 2681 2663 2611
f 2683 2647 2707
f 2665 2647 2683
f 2707 2648 2708
f 2750 2709 2665
f 2613 2722 2708
f 2726 2619 2568
f 2671 2620 2768
f 2743 2696 2622
f 2672 2744 2533
f 2673 2727 2622
f 2673 2675 2713
f 2729 2698 2730
f 2632 2634 2699
f 2599 2700 2702
f 2729 2676 2698
f 2754 2632 2699
f 2632 2701 2653
f 2754 2701 2632
f 2757 2715 2637
f 2573 2703 2732
f 2656 2704 2679
f 2600 2807 2886
f 2655 2760 2659
f 2717 2656 2689
f 2760 2657 2659
f 2600 2831 2720
f 2864 2735 2641
f 2579 2692 2681
f 2613 2795 2722
f 2613 2723 2795
f 2724 2669 2725
f 2765 2799 2649
f 2766 2685 2712
f 2740 2839 2583
f 2583 2839 2726
f 2685 2694 2712
f 2745 2674 2686
f 2674 2745 2631
f 2675 2697 2713
f 2728 2713 2697
f 2631 2714 2730
f 2805 2697 2653
f 2700 2633 2731
f 2700 2731 2702
f 2731 2633 2676
f 2747 2638 2716
f 2757 2638 2747
f 2830 2687 2657
f 2688 2759 2717
f 2658 2679 2718
f 2830 2657 2760
f 2886 2831 2600
f 2898 2641 2658
f 2720 2706 2705
f 2605 2785 2661
f 2817 2721 2706
f 2693 2734 2605
f 2609 2786 2662
f 2682 2736 2680
f 2735 2749 2608
f 2608 2749 2664
f 2761 2750 2665
f 2738 2707 2708
f 2709 2750 2762
f 2684 2709 2793
f 2667 2669 2723
f 2710 2752 2711
f 2765 2711 2752
f 2739 2725 2649
f 2649 2799 2739
f 2567 2766 2741
f 2767 2694 2671
f 2726 2811 2619
f 2768 2620 2696
f 2743 2622 2727
f 2623 2744 2686
f 2673 2713 2727
f 2631 2745 2714
f 2701 2805 2653
f 2676 2729 2746
f 2755 2699 2715
f 2703 2897 2732
f 2732 2759 2688
f 2679 2704 2718
f 2560 2719 2703
f 2774 2642 2775
f 2680 2775 2642
f 2690 2662 2786
f 2691 2690 2786
f 2663 2734 2693
f 2791 2683 2707
f 2761 2665 2683
f 2708 2722 2763
f 2723 2669 2780
f 2868 2724 2725
f 2726 2839 2840
f 2671 2800 2767
f 2800 2671 2768
f 2686 2744 2745
f 2713 2782 2727
f 2728 2782 2713
f 2697 2805 2728
f 2754 2699 2755
f 2731 2783 2702
f 2716 2702 2783
f 2755 2715 2756
f 2747 2758 2757
f 2687 2830 2807
f 2748 2923 2678
f 3073 2897 2703
f 2703 2719 3073
f 2898 2658 2718
f 2733 2602 2774
f 2734 2785 2605
f 2692 2776 2681
f 2692 2664 2776
f 2682 2788 2736
f 2682 2691 2788
f 2663 2681 2851
f 2777 2761 2683
f 2791 2707 2792
f 2792 2707 2738
f 2738 2708 2763
f 2709 2762 2793
f 2751 2763 2722
f 2795 2751 2722
f 2666 2764 2710
f 2669 2724 2780
f 2725 2739 2868
f 2712 2694 2767
f 2695 2742 2621
f 2621 2742 2672
f 2744 2672 2861
f 2727 2782 2743
f 2714 2803 2730
f 2731 2676 2770
f 2731 2770 2783
f 2715 2757 2756
f 2828 2758 2747
f 2993 2748 2733
f 2831 2832 2720
f 2774 2773 2733
f 2560 2661 2719
f 2720 2832 2706
f 2983 2661 2785
f 2735 2864 2808
f 2646 2721 2737
f 2646 2789 2609
f 2664 2749 2790
f 2762 2750 2761
f 2778 2763 2751
f 2764 2666 2684
f 2796 2710 2764
f 2752 2710 2796
f 2798 2765 2752
f 2740 2670 2857
f 2858 2767 2800
f 2619 2811 2859
f 2619 2859 2695
f 2672 2742 2861
f 2782 2753 2743
f 2745 2769 2714
f 2746 2770 2676
f 2771 2754 2755
f 2783 2873 2716
f 2757 2813 2756
f 2716 2873 2747
f 2758 2813 2757
f 2732 2897 2759
f 2718 2704 2829
f 2748 2993 2923
f 2678 2847 2655
f 2733 2773 2993
f 2760 2655 2784
f 2875 2656 2717
f 2898 2899 2641
f 2899 2864 2641
f 2736 2900 2680
f 2721 2817 2787
f 2788 2691 2786
f 2737 2721 2787
f 2735 2808 2749
f 2681 2818 2851
f 2777 2683 2791
f 2684 2793 2794
f 2794 2764 2684
f 2723 2779 2795
f 2723 2780 2779
f 2890 2798 2752
f 2741 2857 2670
f 2810 2741 2766
f 2882 2712 2767
f 2768 2870 2800
f 2860 2870 2768
f 2768 2696 2860
f 2781 2742 2695
f 2696 2743 2801
f 2743 2753 2801
f 2745 2744 2769
f 2769 2744 2822
f 2803 2804 2730
f 2729 2730 2804
f 2746 2729 2804
f 2771 2701 2754
f 2873 2828 2747
f 2704 2911 2829
f 2655 2847 2924
f 2655 2924 2784
f 2784 2830 2760
f 2719 2661 3026
f 2832 2816 2706
f 2913 2775 2680
f 2833 2749 2808
f 2736 2834 2900
f 2663 2850 2734
f 2609 2789 2786
f 2851 2850 2663
f 2646 2737 2789
f 2791 2792 2876
f 2761 2777 2809
f 2792 2738 2778
f 2762 2761 2877
f 2763 2778 2738
f 2778 2751 2852
f 2890 2752 2796
f 2780 2724 2797
f 2765 2821 2799
f 2821 2765 2798
f 2739 2799 2820
f 2893 2766 2712
f 2840 2811 2726
f 2782 2802 2753
f 2728 2802 2782
f 2769 2803 2714
f 2844 2746 2804
f 2701 2826 2805
f 2846 2813 2758
f 2656 2911 2704
f 2815 3073 2719
f 2815 2719 2772
f 2835 2819 2777
f 2795 2854 2751
f 2796 2764 2837
f 2905 2797 2724
f 2868 2905 2724
f 2893 2712 2882
f 2882 2767 2858
f 2800 2883 2858
f 2801 2753 2841
f 2744 2861 2822
f 2842 2753 2802
f 2769 2812 2803
f 2728 2805 2824
f 2803 2812 2804
f 2844 2804 2825
f 2701 2771 2826
f 2746 2844 2770
f 2678 2923 2847
f 2718 2848 2898
f 2773 2774 2994
f 3026 2661 2983
f 2706 2816 2817
f 2818 2681 2776
f 2736 2788 2834
f 2790 2967 2664
f 2749 2833 2790
f 2791 2835 2777
f 2777 2819 2809
f 2761 2809 2877
f 2792 2778 2902
f 2878 2778 2852
f 2793 2762 2853
f 2854 2852 2751
f 2856 2796 2837
f 2821 2820 2799
f 2820 2868 2739
f 2857 2741 3017
f 2931 2859 2811
f 2861 2742 2908
f 2842 2841 2753
f 2769 2822 2823
f 2812 2769 2823
f 2824 2802 2728
f 2755 2845 2771
f 2771 2845 2826
f 2755 2921 2845
f 2873 2783 2827
f 2921 2755 2756
f 2756 2813 2894
f 2813 2846 2922
f 2717 2759 2875
f 2814 2831 2886
f 2772 2719 3026
f 2832 2849 2816
f 2774 2775 2994
f 2680 2900 2913
f 2664 2967 2776
f 2876 2792 2902
f 2794 2793 2853
f 2888 2854 2795
f 2795 2779 2888
f 2927 2888 2779
f 2764 2794 2837
f 2779 2855 2927
f 2779 2780 2855
f 2780 2797 2867
f 2868 2820 2838
f 2741 2810 3017
f 2857 2869 2740
f 2893 2810 2766
f 2800 2870 2883
f 2963 2823 2822
f 2802 2824 2842
f 2806 2824 2805
f 2812 2825 2804
f 2805 2826 2806
f 2843 2826 2845
f 2844 2872 2770
f 2770 2872 2783
f 2756 2894 2921
f 2829 2848 2718
f 2786 2955 2788
f 2788 2937 2834
f 2788 2955 2937
f 2926 2902 2778
f 2926 2778 2878
f 2853 2762 2973
f 2794 2853 2836
f 2890 2796 2856
f 2892 2821 2798
f 2893 2947 2810
f 2740 2869 2839
f 2858 2883 3021
f 2859 2781 2695
f 2908 2742 2781
f 2696 2801 2932
f 2824 2862 2842
f 2825 2812 2823
f 2862 2824 2806
f 2843 2862 2806
f 2826 2843 2806
f 2845 2863 2843
f 2872 2844 2871
f 2783 2872 2827
f 2830 2874 2807
f 2886 2807 3074
f 2759 3045 2875
f 3094 2848 2829
f 2874 2830 2784
f 2831 2952 2849
f 2832 2831 2849
f 2772 3026 2954
f 2787 2915 2737
f 2789 2737 2865
f 2791 2876 2835
f 2878 2852 2879
f 2794 2836 2837
f 2780 2867 2855
f 2798 2890 2891
f 2797 2905 2960
f 2892 2798 2904
f 2868 2946 2905
f 2820 2821 2881
f 2839 2989 2840
f 2840 2979 2811
f 2931 3006 2859
f 2781 2859 2962
f 2919 2870 2860
f 2932 2860 2696
f 2861 2909 2822
f 2842 2862 2841
f 2862 2885 2841
f 2823 2871 2825
f 2963 2871 2823
f 2862 2843 2885
f 2825 2871 2844
f 2885 2843 2863
f 2845 2981 2863
f 2813 2922 2894
f 2807 2933 3074
f 2759 2897 2951
f 2656 2965 2911
f 2924 2874 2784
f 2952 2831 2814
f 2773 2994 3325
f 2849 2936 2816
f 2864 2887 2808
f 2835 2876 2916
f 2917 2877 2809
f 2762 2877 2973
f 2880 2879 2854
f 2879 2852 2854
f 2836 2853 2866
f 2880 2854 2888
f 2797 2903 2867
f 2798 2891 2904
f 2820 2881 2838
f 2869 2989 2839
f 2840 2989 2979
f 2931 2811 2979
f 2908 2781 2907
f 2801 2841 2948
f 2822 2990 2963
f 2885 2884 2841
f 2872 2871 2920
f 2981 2845 2921
f 2895 2894 2922
f 2828 2910 2758
f 2759 2951 3045
f 2875 2965 2656
f 2898 2935 2899
f 2994 2775 3255
f 2775 2913 3255
f 2785 2734 2983
f 2819 2835 2984
f 2819 2917 2809
f 2837 2836 2976
f 2856 2837 2889
f 2890 2856 3004
f 2892 2881 2821
f 2906 2946 2868
f 2838 2906 2868
f 2962 2907 2781
f 2919 2860 2932
f 2861 2908 2909
f 2758 2910 2846
f 2924 2847 3055
f 2807 2874 2933
f 3028 2913 2900
f 3095 2787 2817
f 2915 2787 3095
f 2851 2818 2996
f 2917 2918 2877
f 2944 2866 2853
f 2891 2890 3004
f 2797 2960 2903
f 2869 3052 2989
f 2909 2990 2822
f 2884 2948 2841
f 2872 2920 2949
f 2827 2872 2949
f 2922 2846 2896
f 2950 2910 2828
f 2897 3073 3270
f 2934 2923 2993
f 2899 2912 2864
f 2912 2887 2864
f 2789 2865 2786
f 2901 2790 2833
f 2916 2876 2902
f 2877 2918 2973
f 2837 2976 2889
f 2945 2891 3004
f 2977 2892 2904
f 2857 2928 2869
f 2929 2947 2893
f 2858 3021 2930
f 2870 3042 2883
f 2919 3042 2870
f 2932 2801 2948
f 2950 2828 2873
f 2910 2896 2846
f 2814 2886 3074
f 2848 2935 2898
f 2914 2734 2850
f 2833 2808 2901
f 2834 2937 2966
f 2818 2776 2956
f 2835 2916 2925
f 2925 2984 2835
f 2853 2973 2944
f 2856 2889 3004
f 2904 2891 2945
f 2961 2977 2904
f 2892 2977 2881
f 2857 3017 2928
f 2929 2893 2882
f 2929 2882 2930
f 2930 2882 2858
f 2859 3006 2962
f 2980 2885 2863
f 2963 2964 2871
f 2772 2953 2815
f 2954 3026 3025
f 2913 3166 3255
f 2983 2734 2914
f 2818 2956 2996
f 2902 2926 3031
f 2888 3101 2880
f 2866 2976 2836
f 2960 2905 3013
f 3013 2905 2946
f 2838 2978 2906
f 2928 3052 2869
f 2931 2979 3041
f 2909 2908 3022
f 3008 2932 2948
f 2980 2884 2885
f 2871 2964 2920
f 2863 2981 2980
f 2894 2895 2921
f 2874 3023 2933
f 3010 2934 2993
f 2815 3191 3073
f 2993 2773 3325
f 2816 2936 2817
f 2901 2967 2790
f 2865 2955 2786
f 2917 2997 2918
f 2926 2968 3031
f 2968 2926 2969
f 2941 2939 2970
f 2971 2941 2970
f 2942 2941 2971
f 2940 2943 2938
f 2941 2959 2939
f 2940 2958 2943
f 2943 2987 2938
f 2880 3037 2879
f 2866 3086 2976
f 3004 2889 3103
f 2945 2961 2904
f 2978 2838 2881
f 2928 3017 3018
f 2810 3040 3017
f 3040 2810 2947
f 2907 3022 2908
f 2990 2964 2963
f 2982 2873 2827
f 2950 3044 2910
f 2934 2847 2923
f 2924 3055 2874
f 2900 2834 3028
f 2850 2851 2996
f 2776 2967 2956
f 2878 2969 2926
f 2939 3033 2970
f 3050 3033 2939
f 2938 2987 2957
f 2942 2986 2941
f 3012 2958 2940
f 2986 2988 2941
f 2879 2972 2878
f 2959 2941 2988
f 2973 3036 2944
f 2974 2987 2943
f 2958 2974 2943
f 2988 3062 2959
f 2976 3064 2889
f 2977 3014 2881
f 2906 3105 2946
f 3014 3015 2881
f 3089 2989 3052
f 2989 3089 2979
f 3042 3091 2883
f 3007 2919 2932
f 3069 2907 2962
f 2990 2909 3022
f 3022 3130 2990
f 2873 2982 2950
f 2895 2922 2991
f 2991 2922 2896
f 2910 3044 2896
f 2772 2954 2953
f 3026 2983 3224
f 2865 2737 2915
f 3030 2819 2984
f 3030 2917 2819
f 2957 3056 2938
f 3056 2999 2938
f 2938 2999 2940
f 2971 2985 2942
f 2972 2969 2878
f 2957 2987 3001
f 3012 3035 2958
f 2939 2959 3050
f 2986 2942 3060
f 2975 2974 2958
f 3063 3101 2888
f 2888 2927 3063
f 3159 3102 2855
f 2945 3004 3005
f 2978 3051 2906
f 2978 2881 3015
f 2947 3019 3040
f 3020 2929 2930
f 3321 2962 3006
f 2884 3008 2948
f 2921 3093 2981
f 2921 2895 3093
f 3164 2991 2896
f 2965 3024 2911
f 2875 3045 2965
f 2829 2911 3072
f 2848 3094 2992
f 2834 2966 3028
f 3096 2956 2967
f 2902 3031 2916
f 2970 3049 2971
f 2918 3082 2973
f 3001 3034 2957
f 3060 2942 2985
f 2958 3035 3061
f 2988 2986 3126
f 2975 2958 3061
f 2944 3085 2866
f 3103 2889 3064
f 3159 2855 2867
f 2960 3013 2903
f 2945 3160 2961
f 3051 3105 2906
f 3015 3039 2978
f 3040 3016 3017
f 3006 2931 3041
f 2907 3069 3043
f 2884 2980 3009
f 2964 3092 2920
f 2827 2949 3269
f 2827 3269 2982
f 2911 3024 3072
f 2829 3072 3094
f 2953 3191 2815
f 3325 2994 3076
f 3390 2899 2935
f 3166 2913 3028
f 2808 2887 2901
f 3047 2914 2850
f 3095 3078 2915
f 2996 3047 2850
f 2967 2901 2995
f 2955 2865 2937
f 2970 2998 3049
f 2971 3049 3000
f 2970 3033 2998
f 3032 3056 2957
f 2971 3000 2985
f 2940 2999 3012
f 3050 2959 3062
f 3001 2987 3002
f 3126 2986 3060
f 3003 2988 3126
f 2879 3037 2972
f 2987 2974 3002
f 2866 3085 3086
f 2867 2903 3159
f 2945 3005 3160
f 2961 3065 2977
f 3014 2977 3065
f 2979 3089 3090
f 3041 2979 3090
f 3021 2883 3091
f 3008 3007 2932
f 2990 3054 2964
f 2896 3190 3164
f 2933 3546 3074
f 3270 2951 2897
f 2915 3078 2865
f 2967 2995 3096
f 3029 2996 2956
f 3096 3029 2956
f 2925 3011 2984
f 3011 3030 2984
f 2997 3082 2918
f 2973 3082 3153
f 3012 3122 3035
f 3060 3084 3126
f 3062 2988 3099
f 3036 3085 2944
f 3037 2880 3101
f 3086 3064 2976
f 3102 3063 2927
f 2927 2855 3102
f 3004 3103 3005
f 3065 2961 3160
f 3013 2946 3105
f 3039 3051 2978
f 3016 3018 3017
f 3019 2947 2929
f 2919 3007 3042
f 3022 2907 3043
f 3130 3054 2990
f 3070 2980 2981
f 3093 3070 2981
f 2895 3071 3093
f 2991 3071 2895
f 3044 3190 2896
f 3523 2849 3075
f 2899 3390 2912
f 3027 2817 2936
f 3095 2817 3027
f 3078 3108 2865
f 3080 2925 2916
f 2917 3030 3048
f 3080 2916 3116
f 3081 2917 3048
f 2997 2917 3081
f 3116 2916 3031
f 2957 3034 3032
f 2999 3057 3012
f 3122 3012 3059
f 2973 3153 3036
f 3099 3098 3062
f 2975 3158 2974
f 3064 3086 3317
f 2903 3038 3159
f 3038 2903 3013
f 3087 3015 3014
f 3018 3016 3039
f 3040 3067 3016
f 3021 3068 2930
f 2962 3321 3069
f 2964 3054 3092
f 2920 3092 3132
f 2920 3132 2949
f 2874 3055 3023
f 3094 3560 3498
f 2992 3094 3498
f 2952 3272 2849
f 3272 3075 2849
f 2849 3523 2936
f 2966 3135 3028
f 2865 3046 2937
f 3046 2865 3108
f 3182 3031 2968
f 2999 3056 3057
f 3058 2998 3033
f 3059 3012 3057
f 3185 3060 2985
f 3033 3050 3154
f 3001 3097 3034
f 3001 3002 3097
f 3061 3035 3083
f 3210 3097 3002
f 3061 3083 3156
f 2974 3158 3002
f 3099 2988 3003
f 3036 3245 3085
f 3063 3102 3248
f 3102 3159 3250
f 3162 3013 3105
f 3105 3051 3066
f 3015 3018 3039
f 3016 3051 3039
f 3018 3088 2928
f 2928 3088 3052
f 3040 3019 3067
f 3042 3053 3091
f 3130 3022 3129
f 2884 3009 3008
f 3132 3269 2949
f 3220 2982 3269
f 2950 3221 3044
f 3025 3026 3224
f 3077 3078 3095
f 2937 3275 2966
f 2937 3046 3275
f 3046 3108 3079
f 3109 3047 2996
f 3029 3109 2996
f 3185 3123 3060
f 3035 3122 3083
f 3209 3154 3050
f 3050 3062 3209
f 3209 3062 3098
f 2975 3212 3125
f 3061 3212 2975
f 3064 3317 3249
f 3249 3103 3064
f 3065 3160 3161
f 3013 3162 3038
f 3087 3014 3065
f 3066 3051 3016
f 3015 3087 3018
f 3068 3021 3106
f 3021 3091 3106
f 3006 3041 3386
f 3043 3129 3022
f 3008 3009 3322
f 2950 2982 3221
f 3582 2847 2934
f 2965 3045 3024
f 2952 2814 3272
f 2914 3224 2983
f 3275 3135 2966
f 3079 3110 3046
f 3029 3096 3111
f 3235 3011 2925
f 2925 3080 3235
f 3118 3116 3031
f 3118 3031 3182
f 3081 3152 2997
f 2968 2969 3331
f 3034 3121 3032
f 2969 2972 3288
f 3061 3156 3212
f 2975 3125 3158
f 3086 3085 3245
f 3250 3159 3375
f 3103 3251 3005
f 3066 3016 3067
f 3018 3087 3088
f 3020 3252 2929
f 2930 3068 3020
f 3053 3042 3299
f 3007 3299 3042
f 3093 3131 3070
f 3093 3133 3131
f 2991 3222 3071
f 2982 3220 3221
f 3221 3190 3044
f 3546 3223 3074
f 2848 2992 2935
f 2953 2954 3165
f 2954 3025 3165
f 3047 3109 3225
f 3137 3096 2995
f 3137 2995 3136
f 3111 3096 3137
f 3029 3111 3112
f 3030 3011 3307
f 3151 3081 3048
f 3115 3081 3151
f 3115 3117 3081
f 2997 3152 3082
f 3182 2968 3331
f 2998 3058 3262
f 2998 3262 3049
f 3057 3056 3119
f 3056 3032 3120
f 3185 2985 3000
f 3032 3121 3120
f 3033 3184 3058
f 3184 3033 3154
f 3153 3265 3036
f 3003 3126 3187
f 3100 3099 3003
f 3187 3100 3003
f 3297 3159 3038
f 3087 3065 3217
f 3105 3066 3162
f 3041 3090 3386
f 3163 3043 3069
f 3008 3107 3007
f 3129 3043 3163
f 3071 3133 3093
f 3222 2991 3164
f 3190 3302 3164
f 2847 3582 3055
f 2933 3023 3546
f 3073 3271 3270
f 3094 3072 3560
f 3074 3223 2814
f 3075 3816 3523
f 2936 3274 3027
f 3135 3166 3028
f 2914 3047 3256
f 3136 2901 2887
f 3136 2995 2901
f 3077 3193 3078
f 3193 3108 3078
f 3046 3110 3275
f 3079 3108 3227
f 3029 3112 3113
f 3079 3138 3110
f 3112 3111 3169
f 3079 3114 3138
f 3114 3170 3138
f 3112 3140 3113
f 3149 3116 3150
f 3080 3116 3149
f 3030 3180 3048
f 3049 3262 3000
f 3185 3155 3123
f 3122 3291 3083
f 3060 3123 3084
f 3123 3124 3084
f 3037 3188 2972
f 3126 3084 3211
f 3157 3002 3158
f 3188 3037 3101
f 3005 3104 3160
f 3067 3162 3066
f 3019 3127 3067
f 2929 3252 3019
f 3090 3089 3128
f 3352 3321 3006
f 3130 3129 3253
f 3387 3009 2980
f 3024 3045 3466
f 3076 2994 3522
f 2994 3255 3522
f 2887 2912 3134
f 2914 3256 3224
f 3166 3135 3257
f 3027 3226 3077
f 3095 3027 3077
f 3193 3227 3108
f 3029 3113 3109
f 3228 3169 3111
f 3114 3079 3139
f 3139 3079 3227
f 3170 3197 3138
f 3170 3114 3171
f 3139 3141 3114
f 3113 3140 3167
f 3169 3198 3112
f 3168 3141 3139
f 3112 3198 3140
f 3142 3171 3114
f 3114 3141 3142
f 3198 3173 3140
f 3173 3143 3140
f 3141 3144 3142
f 3143 3167 3140
f 3143 3172 3167
f 3144 3171 3142
f 3141 3146 3144
f 3146 3176 3144
f 3173 3145 3143
f 3143 3145 3148
f 3146 3177 3176
f 3117 3148 3145
f 3148 3115 3147
f 3149 3177 3146
f 3117 3115 3148
f 3151 3178 3147
f 3179 3080 3149
f 3115 3151 3147
f 3149 3150 3177
f 3178 3151 3180
f 3235 3080 3179
f 3150 3118 3232
f 3150 3116 3118
f 3151 3048 3180
f 3181 3152 3117
f 3081 3117 3152
f 3232 3118 3182
f 2969 3288 3331
f 3056 3120 3119
f 3057 3119 3205
f 3000 3262 3183
f 3204 3058 3184
f 3000 3183 3185
f 3057 3205 3242
f 3059 3057 3242
f 3121 3207 3120
f 3123 3155 3479
f 3097 3121 3034
f 3097 3210 3293
f 3157 3210 3002
f 3126 3211 3187
f 3212 3315 3125
f 3086 3245 3247
f 3101 3063 3214
f 3214 3063 3248
f 3065 3161 3217
f 3087 3217 3088
f 3106 3091 3053
f 3321 3163 3069
f 3054 3130 3253
f 3269 3132 3388
f 3071 3222 3301
f 3222 3254 3301
f 3164 3302 3222
f 3221 3355 3190
f 3045 2951 3466
f 3073 3191 3271
f 2936 3523 3274
f 3256 3047 3225
f 3110 3276 3275
f 3137 3136 3277
f 3192 3225 3109
f 3194 3276 3110
f 3110 3138 3194
f 3113 3192 3109
f 3228 3111 3137
f 3138 3197 3194
f 3167 3196 3113
f 3198 3169 3228
f 3168 3174 3141
f 3171 3200 3170
f 3174 3175 3141
f 3172 3143 3148
f 3171 3176 3200
f 3144 3176 3171
f 3141 3175 3146
f 3172 3148 3201
f 3148 3147 3201
f 3147 3202 3201
f 3232 3176 3177
f 3146 3179 3149
f 3175 3179 3146
f 3150 3232 3177
f 3202 3147 3178
f 3231 3179 3175
f 3235 3283 3011
f 3307 3011 3283
f 3236 3030 3307
f 3180 3030 3236
f 3082 3152 3203
f 3153 3082 3203
f 3058 3204 3262
f 3242 3243 3059
f 3059 3243 3122
f 2972 3401 3288
f 3208 3154 3209
f 3121 3097 3244
f 3209 3098 3292
f 3083 3186 3156
f 3340 3099 3100
f 3213 3157 3158
f 3187 3246 3100
f 3159 3297 3375
f 3104 3005 3251
f 3162 3216 3038
f 3216 3162 3067
f 3088 3217 3298
f 3052 3088 3298
f 3218 3252 3020
f 3020 3068 3218
f 3107 3008 3219
f 3387 2980 3070
f 3220 3354 3221
f 2993 3325 3010
f 3549 3255 3166
f 3027 3274 3226
f 3077 3226 3193
f 3192 3113 3196
f 3227 3168 3139
f 3194 3197 3195
f 3279 3174 3168
f 3167 3172 3196
f 3198 3228 3229
f 3170 3200 3197
f 3172 3280 3196
f 3229 3199 3198
f 3198 3199 3173
f 3172 3201 3280
f 3174 3279 3175
f 3173 3199 3145
f 3201 3230 3280
f 3199 3181 3145
f 3279 3231 3175
f 3145 3181 3117
f 3176 3232 3200
f 3181 3203 3152
f 3262 3204 3237
f 3153 3203 3260
f 3119 3206 3240
f 3205 3119 3240
f 3204 3184 3237
f 3206 3119 3120
f 3242 3205 3241
f 3120 3207 3206
f 3184 3154 3208
f 3122 3243 3291
f 2972 3188 3401
f 3244 3097 3293
f 3083 3291 3186
f 3212 3156 3366
f 3187 3211 3266
f 3188 3101 3214
f 3248 3102 3296
f 3250 3296 3102
f 3103 3249 3251
f 3377 3104 3251
f 3104 3215 3160
f 3351 3068 3106
f 3386 3352 3006
f 3007 3107 3299
f 3221 3354 3355
f 3355 3356 3190
f 2951 3270 3466
f 3273 3390 2935
f 2912 3390 3134
f 3428 3224 3256
f 3193 3327 3227
f 3228 3137 3277
f 3168 3227 3359
f 3279 3168 3359
f 3199 3234 3181
f 3234 3199 3281
f 3231 3279 3259
f 3232 3233 3200
f 3282 3179 3231
f 3234 3203 3181
f 3361 3203 3234
f 3182 3306 3232
f 3240 3310 3241
f 3286 3310 3240
f 3262 3237 3238
f 3237 3289 3333
f 3239 3262 3238
f 3241 3205 3240
f 3237 3184 3289
f 3240 3206 3285
f 3261 3242 3241
f 3289 3184 3208
f 3289 3208 3312
f 3183 3155 3185
f 3121 3290 3207
f 3265 3503 3036
f 3209 3292 3208
f 3036 3503 3245
f 3084 3124 3211
f 3340 3098 3099
f 3212 3535 3315
f 3212 3366 3535
f 3266 3246 3187
f 3213 3158 3125
f 3295 3100 3246
f 3317 3086 3247
f 3297 3038 3349
f 3319 3038 3189
f 3319 3349 3038
f 3127 3216 3067
f 3052 3268 3089
f 3300 3253 3129
f 3322 3219 3008
f 3009 3387 3322
f 3054 3543 3092
f 3131 3426 3070
f 3389 3222 3302
f 3190 3356 3302
f 3024 3466 3324
f 2934 3010 3548
f 3191 3661 3271
f 3357 3272 2814
f 3772 3816 3075
f 3025 3224 3428
f 3390 3615 3134
f 2887 3326 3136
f 3275 3257 3135
f 3226 3430 3193
f 3276 3194 3328
f 3195 3328 3194
f 3227 3327 3359
f 3278 3228 3277
f 3229 3228 3278
f 3199 3229 3358
f 3197 3200 3195
f 3281 3199 3358
f 3201 3202 3230
f 3233 3306 3258
f 3258 3200 3233
f 3281 3361 3234
f 3179 3282 3283
f 3235 3179 3283
f 3233 3232 3306
f 3331 3306 3182
f 3238 3237 3284
f 3286 3240 3285
f 3284 3237 3333
f 3310 3261 3241
f 3261 3310 3287
f 3285 3206 3264
f 3263 3265 3153
f 3206 3207 3264
f 3243 3242 3261
f 3313 3155 3183
f 3121 3244 3290
f 3155 3313 3479
f 3124 3123 3479
f 3156 3186 3366
f 3211 3367 3266
f 3210 3157 3365
f 3315 3267 3125
f 3295 3341 3100
f 3213 3125 3267
f 3266 3295 3246
f 3213 3316 3157
f 3215 3382 3160
f 3019 3425 3127
f 3558 3089 3268
f 3351 3218 3068
f 3299 3496 3053
f 3321 3465 3163
f 3054 3253 3543
f 3132 3092 3543
f 3222 3389 3254
f 2934 3612 3582
f 3055 3582 3023
f 3024 3547 3072
f 3072 3547 3560
f 3583 2935 2992
f 3226 3303 3430
f 3136 3326 3467
f 3136 3467 3277
f 3225 3192 3429
f 3329 3328 3195
f 3196 3433 3192
f 3358 3229 3278
f 3280 3433 3196
f 3259 3279 3359
f 3258 3329 3195
f 3195 3200 3258
f 3202 3305 3230
f 3178 3305 3202
f 3236 3178 3180
f 3307 3283 3330
f 3284 3308 3238
f 3310 3286 3332
f 3284 3333 3438
f 3239 3311 3334
f 3334 3262 3239
f 3183 3262 3334
f 3285 3264 3364
f 3289 3312 3333
f 3263 3153 3260
f 3399 3243 3261
f 3207 3290 3264
f 3098 3339 3337
f 3124 3367 3211
f 3365 3293 3210
f 3340 3339 3098
f 3340 3100 3341
f 3267 3315 3441
f 3295 3342 3341
f 3371 3342 3295
f 3266 3294 3295
f 3446 3251 3249
f 3251 3446 3414
f 3297 3378 3375
f 3297 3318 3378
f 3349 3318 3297
f 3382 3161 3160
f 3038 3216 3189
f 3217 3494 3298
f 3052 3298 3268
f 3252 3425 3019
f 3128 3386 3090
f 3070 3426 3353
f 3323 3220 3269
f 3071 3301 3133
f 3354 3220 3497
f 2953 3165 3642
f 3326 2887 3134
f 3467 3469 3277
f 3275 3276 3468
f 3193 3430 3327
f 3468 3276 3328
f 3281 3358 3304
f 3230 3392 3280
f 3259 3282 3231
f 3361 3260 3203
f 3285 3309 3286
f 3438 3474 3284
f 3239 3238 3311
f 3478 3261 3287
f 3312 3397 3333
f 3399 3261 3478
f 3335 3183 3334
f 3364 3264 3440
f 3183 3335 3313
f 3264 3290 3440
f 3314 3186 3291
f 3188 3531 3401
f 3292 3098 3337
f 3367 3368 3266
f 3157 3443 3365
f 3157 3316 3443
f 3294 3344 3295
f 3213 3267 3316
f 3267 3345 3316
f 3347 3346 3316
f 3344 3371 3295
f 3316 3345 3347
f 3161 3382 3350
f 3385 3319 3189
f 3161 3350 3320
f 3320 3463 3161
f 3161 3463 3217
f 3217 3463 3494
f 3558 3128 3089
f 3603 3352 3386
f 3106 3519 3351
f 3053 3496 3106
f 3163 3300 3129
f 3387 3070 3353
f 3132 3543 3520
f 3269 3388 3323
f 3220 3323 3497
f 3302 3356 3389
f 3357 2814 3223
f 3325 3076 3614
f 3255 3549 3522
f 3274 3303 3226
f 3225 3429 3256
f 3275 3468 3257
f 3327 3432 3359
f 3391 3359 3432
f 3433 3280 3392
f 3305 3392 3230
f 3304 3361 3281
f 3394 3305 3178
f 3282 3395 3283
f 3236 3394 3178
f 3283 3395 3330
f 3474 3308 3284
f 3310 3332 3287
f 3362 3309 3285
f 3285 3364 3362
f 3398 3334 3311
f 3331 3288 3396
f 3312 3208 3363
f 3290 3244 3440
f 3208 3402 3363
f 3292 3402 3208
f 3291 3243 3314
f 3479 3596 3124
f 3402 3292 3337
f 3503 3336 3245
f 3403 3293 3365
f 3245 3336 3247
f 3294 3266 3368
f 3247 3508 3317
f 3316 3346 3443
f 3294 3343 3344
f 3317 3444 3249
f 3345 3408 3347
f 3371 3344 3372
f 3347 3373 3346
f 3251 3414 3377
f 3104 3377 3215
f 3348 3318 3349
f 3349 3319 3348
f 3381 3350 3382
f 3348 3319 3383
f 3319 3424 3383
f 3381 3492 3350
f 3216 3464 3189
f 3517 3218 3652
f 3465 3321 3352
f 3219 3322 3540
f 3253 3300 3541
f 3388 3132 3520
f 3355 3545 3356
f 3024 3324 3547
f 2934 3548 3612
f 3277 3469 3278
f 3359 3360 3259
f 3360 3282 3259
f 3258 3306 3436
f 3436 3306 3393
f 3236 3307 3473
f 3331 3393 3306
f 3308 3475 3238
f 3311 3238 3475
f 3475 3477 3311
f 3477 3398 3311
f 3333 3397 3438
f 3363 3397 3312
f 3398 3335 3334
f 3335 3479 3313
f 3503 3265 3400
f 3399 3314 3243
f 3314 3338 3186
f 3186 3338 3366
f 3340 3341 3506
f 3341 3480 3506
f 3443 3404 3365
f 3341 3342 3480
f 3368 3369 3294
f 3441 3345 3267
f 3345 3441 3442
f 3369 3343 3294
f 3406 3343 3369
f 3370 3443 3346
f 3371 3407 3342
f 3248 3296 3481
f 3346 3373 3370
f 3343 3374 3344
f 3407 3371 3372
f 3449 3374 3343
f 3374 3372 3344
f 3347 3408 3373
f 3372 3374 3410
f 3454 3250 3375
f 3410 3374 3376
f 3376 3417 3410
f 3375 3378 3457
f 3380 3417 3376
f 3380 3376 3413
f 3318 3422 3378
f 3377 3419 3215
f 3417 3380 3379
f 3420 3422 3380
f 3381 3419 3416
f 3421 3381 3416
f 3383 3379 3380
f 3318 3348 3422
f 3381 3215 3419
f 3422 3348 3380
f 3348 3383 3380
f 3215 3381 3382
f 3421 3384 3381
f 3381 3384 3492
f 3423 3383 3424
f 3319 3385 3424
f 3189 3464 3385
f 3495 3216 3127
f 3495 3127 3425
f 3517 3252 3218
f 3218 3351 3652
f 3603 3634 3352
f 3301 3521 3133
f 3270 3613 3466
f 3328 3431 3468
f 3432 3327 3430
f 3192 3470 3429
f 3192 3433 3470
f 3431 3328 3329
f 3278 3434 3358
f 3358 3434 3304
f 3360 3359 3391
f 3258 3435 3329
f 3435 3258 3436
f 3304 3501 3361
f 3526 3392 3305
f 3473 3394 3236
f 3395 3437 3330
f 3307 3330 3473
f 3396 3393 3331
f 3476 3286 3309
f 3332 3286 3476
f 3263 3260 3528
f 3401 3699 3288
f 3364 3439 3362
f 3440 3439 3364
f 3265 3263 3400
f 3399 3571 3314
f 3124 3504 3367
f 3504 3505 3367
f 3366 3601 3535
f 3403 3365 3404
f 3506 3339 3340
f 3367 3505 3368
f 3535 3441 3315
f 3369 3368 3556
f 3405 3214 3248
f 3508 3444 3317
f 3481 3296 3448
f 3484 3370 3447
f 3373 3447 3370
f 3406 3449 3343
f 3446 3249 3483
f 3448 3296 3409
f 3372 3451 3407
f 3372 3410 3451
f 3409 3296 3250
f 3373 3450 3447
f 3454 3409 3250
f 3408 3411 3373
f 3450 3373 3411
f 3449 3376 3374
f 3410 3453 3451
f 3411 3415 3450
f 3449 3413 3376
f 3489 3413 3449
f 3415 3412 3450
f 3410 3417 3453
f 3454 3375 3457
f 3460 3416 3415
f 3412 3416 3459
f 3415 3416 3412
f 3459 3416 3418
f 3380 3413 3420
f 3460 3421 3416
f 3377 3418 3419
f 3418 3416 3419
f 3378 3422 3420
f 3379 3383 3423
f 3492 3384 3538
f 3385 3515 3424
f 3492 3320 3350
f 3579 3463 3320
f 3464 3216 3493
f 3216 3495 3493
f 3252 3517 3425
f 3518 3386 3128
f 3496 3519 3106
f 3465 3352 3634
f 3163 3605 3300
f 3540 3322 3542
f 3322 3387 3542
f 3353 3542 3387
f 3426 3131 3544
f 3544 3131 3133
f 3254 3427 3301
f 3610 3355 3354
f 3559 3546 3023
f 3166 3257 3549
f 3256 3429 3561
f 3431 3329 3435
f 3433 3392 3500
f 3500 3392 3526
f 3360 3472 3282
f 3501 3551 3361
f 3394 3526 3305
f 3551 3260 3361
f 3308 3527 3475
f 3308 3474 3527
f 3566 3309 3362
f 3478 3571 3399
f 3440 3244 3529
f 3244 3293 3529
f 3188 3214 3531
f 3405 3248 3507
f 3510 3404 3443
f 3511 3507 3248
f 3511 3406 3369
f 3248 3481 3511
f 3370 3510 3443
f 3342 3445 3480
f 3407 3445 3342
f 3509 3370 3482
f 3345 3442 3487
f 3444 3483 3249
f 3484 3482 3370
f 3345 3487 3408
f 3486 3449 3406
f 3451 3445 3407
f 3452 3447 3450
f 3455 3446 3452
f 3452 3450 3455
f 3450 3412 3455
f 3411 3408 3490
f 3455 3456 3414
f 3446 3455 3414
f 3457 3413 3454
f 3490 3460 3411
f 3457 3458 3413
f 3414 3459 3377
f 3456 3459 3414
f 3412 3459 3456
f 3411 3460 3415
f 3457 3378 3458
f 3377 3459 3418
f 3461 3453 3417
f 3378 3420 3458
f 3413 3458 3420
f 3379 3461 3417
f 3421 3460 3514
f 3379 3423 3461
f 3384 3421 3577
f 3577 3421 3514
f 3384 3577 3538
f 3423 3424 3462
f 3494 3268 3298
f 3558 3518 3128
f 3426 3606 3353
f 3771 3223 3546
f 3325 3614 3010
f 3357 3075 3272
f 3583 3273 2935
f 3025 3428 3730
f 3522 3549 3773
f 3134 3643 3326
f 3561 3429 3470
f 3469 3562 3278
f 3278 3562 3434
f 3434 3471 3304
f 3304 3471 3501
f 3360 3391 3525
f 3472 3360 3525
f 3395 3282 3472
f 3475 3567 3477
f 3621 3287 3332
f 3287 3621 3478
f 3363 3552 3397
f 3439 3529 3570
f 3439 3440 3529
f 3504 3124 3596
f 3337 3339 3623
f 3532 3506 3480
f 3369 3556 3533
f 3511 3369 3533
f 3441 3576 3442
f 3508 3509 3444
f 3481 3486 3406
f 3481 3448 3486
f 3484 3485 3483
f 3483 3485 3446
f 3484 3447 3485
f 3448 3488 3486
f 3448 3409 3488
f 3485 3452 3446
f 3488 3449 3486
f 3409 3489 3488
f 3447 3452 3485
f 3408 3487 3490
f 3489 3449 3488
f 3487 3491 3490
f 3409 3454 3489
f 3489 3454 3413
f 3455 3412 3456
f 3490 3513 3460
f 3462 3424 3515
f 3538 3539 3492
f 3320 3578 3579
f 3515 3385 3516
f 3320 3539 3578
f 3492 3539 3320
f 3494 3711 3268
f 3558 3268 3712
f 3386 3518 3603
f 3465 3605 3163
f 3299 3107 3604
f 3638 3323 3388
f 3639 3323 3638
f 3427 3609 3301
f 3254 3389 3427
f 3191 2953 3642
f 3273 3615 3390
f 3303 3274 3616
f 3617 3257 3468
f 3468 3431 3618
f 3303 3524 3430
f 3432 3430 3524
f 3524 3499 3432
f 3432 3499 3391
f 3470 3433 3500
f 3391 3499 3525
f 3436 3393 3565
f 3330 3437 3590
f 3309 3620 3476
f 3393 3396 3565
f 3566 3620 3309
f 3474 3438 3736
f 3260 3551 3528
f 3438 3397 3502
f 3553 3398 3477
f 3502 3397 3552
f 3478 3622 3571
f 3288 3699 3396
f 3398 3593 3335
f 3479 3335 3593
f 3571 3647 3314
f 3337 3363 3402
f 3314 3647 3338
f 3529 3293 3597
f 3293 3403 3597
f 3338 3647 3366
f 3366 3624 3601
f 3531 3214 3405
f 3598 3368 3505
f 3575 3404 3510
f 3507 3511 3533
f 3510 3508 3534
f 3576 3441 3535
f 3510 3509 3508
f 3510 3370 3509
f 3509 3482 3444
f 3406 3511 3481
f 3444 3482 3483
f 3512 3480 3445
f 3483 3482 3484
f 3451 3512 3445
f 3451 3628 3512
f 3453 3628 3451
f 3491 3513 3490
f 3453 3536 3628
f 3461 3536 3453
f 3537 3536 3461
f 3514 3460 3513
f 3464 3516 3385
f 3579 3711 3463
f 3463 3711 3494
f 3711 3712 3268
f 3425 3557 3495
f 3653 3605 3465
f 3496 3299 3604
f 3107 3219 3654
f 3541 3543 3253
f 3133 3656 3544
f 3355 3610 3545
f 3356 3545 3389
f 3466 3613 3324
f 3271 3613 3270
f 3191 3855 3661
f 3076 3522 3662
f 3523 3616 3274
f 3467 3326 3643
f 3470 3500 3584
f 3435 3618 3431
f 3562 3563 3434
f 3434 3563 3471
f 3587 3500 3526
f 3550 3436 3565
f 3526 3394 3589
f 3473 3589 3394
f 3473 3330 3590
f 3473 3590 3669
f 3475 3619 3567
f 3567 3553 3477
f 3622 3478 3621
f 3398 3553 3593
f 3554 3263 3528
f 3552 3363 3555
f 3337 3555 3363
f 3593 3596 3479
f 3530 3503 3400
f 3503 3530 3336
f 3647 3624 3366
f 3336 3572 3247
f 3598 3556 3368
f 3572 3573 3247
f 3247 3573 3508
f 3576 3627 3442
f 3512 3532 3480
f 3491 3487 3627
f 3491 3627 3629
f 3491 3629 3513
f 3513 3650 3514
f 3629 3650 3513
f 3514 3650 3577
f 3461 3423 3537
f 3493 3495 3557
f 3653 3465 3634
f 3519 3496 3924
f 3300 3635 3541
f 3133 3521 3656
f 3639 3497 3323
f 3521 3301 3608
f 3607 3610 3354
f 3389 3611 3427
f 3165 3025 3730
f 3257 3617 3549
f 3468 3618 3617
f 3561 3470 3663
f 3663 3470 3584
f 3524 3694 3499
f 3694 3564 3499
f 3500 3587 3584
f 3550 3668 3435
f 3435 3436 3550
f 3587 3526 3695
f 3501 3591 3551
f 3526 3589 3695
f 3475 3527 3619
f 3332 3476 3592
f 3474 3736 3527
f 3438 3502 3736
f 3554 3400 3263
f 3570 3529 3595
f 3337 3623 3594
f 3623 3339 3506
f 3597 3403 3599
f 3403 3404 3599
f 3404 3625 3599
f 3625 3404 3575
f 3573 3534 3508
f 3533 3556 3574
f 3405 3507 3574
f 3574 3507 3533
f 3575 3510 3534
f 3532 3512 3600
f 3442 3627 3487
f 3577 3650 3631
f 3423 3462 3537
f 3538 3602 3539
f 3464 3493 3516
f 3425 3580 3557
f 3753 3652 3351
f 3605 3581 3300
f 3389 3545 3611
f 3023 3582 3559
f 3076 3662 3614
f 3256 3561 3428
f 3467 3562 3469
f 3668 3618 3435
f 3564 3525 3499
f 3471 3585 3501
f 3585 3591 3501
f 3669 3589 3473
f 3567 3619 3670
f 3332 3592 3621
f 3566 3362 3673
f 3502 3552 3568
f 3362 3439 3673
f 3622 3569 3571
f 3594 3555 3337
f 3401 3531 3701
f 3504 3598 3505
f 3625 3575 3573
f 3600 3506 3532
f 3575 3534 3573
f 3601 3576 3535
f 3600 3512 3678
f 3512 3628 3678
f 3628 3536 3630
f 3632 3537 3462
f 3577 3631 3538
f 3539 3602 3578
f 3580 3425 3517
f 3713 3558 3712
f 3753 3351 3519
f 3924 3496 3604
f 3107 3654 3604
f 3654 3219 3964
f 3219 3540 3964
f 3581 3635 3300
f 3754 3543 3541
f 3426 3544 3637
f 3755 3497 3639
f 3354 3497 3607
f 3301 3609 3608
f 3609 3427 3640
f 3546 3559 3771
f 3271 3661 3613
f 3614 3548 3010
f 2992 3498 3583
f 3191 3642 3855
f 3816 3616 3523
f 3643 3134 3615
f 3664 3563 3562
f 3563 3733 3471
f 3733 3585 3471
f 3564 3586 3525
f 3586 3472 3525
f 3550 3565 3696
f 3395 3588 3437
f 3437 3644 3590
f 3696 3565 3646
f 3527 3645 3619
f 3551 3591 3528
f 3565 3396 3646
f 3566 3673 3698
f 3553 3672 3593
f 3738 3554 3528
f 3439 3570 3673
f 3595 3676 3570
f 3529 3597 3595
f 3574 3626 3405
f 3573 3572 3625
f 3831 3506 3600
f 3556 3598 3677
f 3677 3574 3556
f 3576 3649 3627
f 3629 3627 3679
f 3536 3537 3630
f 3651 3537 3632
f 3631 3788 3538
f 3515 3632 3462
f 3579 3633 3711
f 3517 3652 3792
f 3519 3924 3753
f 3353 3655 3542
f 3544 3656 3637
f 3521 3715 3656
f 3427 3611 3640
f 3612 3691 3582
f 3223 3771 3357
f 3075 3357 3772
f 3428 3561 3730
f 3467 3643 3562
f 3643 3664 3562
f 3472 3588 3395
f 3588 3644 3437
f 3645 3527 3736
f 3620 3566 3698
f 3591 3738 3528
f 3736 3502 3568
f 3646 3396 3699
f 3568 3552 3555
f 3401 3869 3699
f 3569 3830 3571
f 3400 3554 3530
f 3784 3596 3593
f 3571 3830 3647
f 3530 3870 3336
f 3742 3504 3596
f 3597 3599 3702
f 3702 3599 3703
f 3598 3504 3742
f 3405 3741 3531
f 3506 3831 3623
f 3704 3405 3626
f 3574 3677 3626
f 3601 3648 3576
f 3537 3651 3630
f 3680 3516 3493
f 3602 3709 3578
f 3353 3606 3655
f 3388 3520 3636
f 3607 3497 3755
f 3607 3658 3610
f 3657 3658 3607
f 3559 3582 3691
f 3560 3547 3903
f 3583 3498 3988
f 3165 3730 3642
f 3662 3522 3773
f 3615 3692 3731
f 3643 3615 3731
f 3549 3617 3774
f 3904 3561 3663
f 3303 3616 3732
f 3732 3524 3303
f 3617 3618 3666
f 3666 3618 3668
f 3584 3587 3667
f 3695 3589 3821
f 3476 3735 3592
f 3476 3620 3735
f 3671 3567 3670
f 3671 3553 3567
f 3825 3622 3621
f 3555 3674 3568
f 3673 3570 3675
f 3554 4004 3530
f 3594 3623 3913
f 3595 3597 3676
f 3624 3647 3785
f 3703 3599 3625
f 3786 3703 3625
f 3576 3648 3649
f 3748 3678 3628
f 3748 3628 3630
f 3629 3706 3650
f 3650 3749 3631
f 3538 3788 3602
f 3708 3516 3680
f 3578 3750 3579
f 3515 3516 3708
f 3633 3791 3711
f 3711 3791 3875
f 3518 3558 3713
f 3752 3652 3753
f 3540 3542 3876
f 3426 3637 3606
f 3636 3638 3388
f 3683 3637 3656
f 3639 3638 3684
f 3656 3715 3685
f 3521 3720 3715
f 3608 3720 3521
f 3608 3609 3660
f 3640 3611 3722
f 3610 3723 3545
f 3545 3839 3611
f 3660 3687 3608
f 3640 3689 3609
f 3657 3688 3658
f 3689 3660 3609
f 3657 3659 3688
f 3614 3853 3548
f 3692 3273 3583
f 3273 3692 3615
f 3730 3561 3693
f 3561 3904 3693
f 3774 3617 3666
f 3524 3732 3694
f 3663 3584 3665
f 3666 3668 3775
f 3665 3584 3667
f 3820 3585 3733
f 3775 3668 3550
f 3564 3776 3586
f 3667 3587 3695
f 3777 3472 3586
f 3472 3777 3588
f 3585 3778 3591
f 3949 3590 3644
f 3619 3645 3734
f 3670 3619 3734
f 3621 3592 3825
f 3736 3568 3737
f 3672 3553 3671
f 3568 3674 3737
f 3672 3700 3593
f 3594 3740 3555
f 3700 3784 3593
f 3676 3675 3570
f 3401 3701 3869
f 3701 3531 3741
f 3676 3597 3702
f 3742 3596 3784
f 3785 3601 3624
f 3742 3705 3598
f 3741 3405 3704
f 3744 3625 3572
f 3786 3625 3744
f 3746 3600 3678
f 3747 3627 3649
f 3679 3627 3747
f 3679 3706 3629
f 3706 3749 3650
f 3788 3631 3749
f 3515 3837 3632
f 3515 3708 3837
f 3579 3750 3633
f 3752 3792 3652
f 3634 3603 4246
f 3793 3605 3653
f 3754 3681 3543
f 3543 3681 3520
f 3638 3636 3682
f 3638 3682 3686
f 3714 3637 3683
f 3638 3686 3684
f 3684 3755 3639
f 3656 3717 3683
f 3685 3717 3656
f 3686 3718 3684
f 3718 3686 3716
f 3724 3657 3607
f 3722 3721 3640
f 3610 3658 3723
f 3688 3758 3658
f 3762 3758 3688
f 3689 3640 3721
f 3725 3659 3657
f 3660 3729 3687
f 3689 3690 3660
f 3725 3728 3659
f 3690 3729 3660
f 3659 3727 3688
f 3612 3548 3853
f 3357 3771 3641
f 3903 3498 3560
f 3662 3854 3614
f 3642 3730 3989
f 3731 3818 3643
f 3664 3643 3818
f 3665 3904 3663
f 3664 3733 3563
f 3734 3645 3779
f 3734 3671 3670
f 3779 3645 3736
f 3739 3672 3671
f 3698 3673 3782
f 3739 3700 3672
f 3740 3674 3555
f 3830 3785 3647
f 3598 3705 3677
f 3704 3626 3743
f 3677 3705 3626
f 3600 3746 3831
f 3678 3748 3917
f 3632 3707 3651
f 3602 3788 3710
f 3750 3578 3709
f 3602 3710 3709
f 3493 3557 3874
f 3580 3922 3557
f 3517 3792 3580
f 3634 4369 3653
f 3542 3655 3876
f 3637 3877 3606
f 3636 3794 3682
f 3714 3683 3719
f 3607 3755 3724
f 3714 3719 3841
f 3683 3717 3719
f 3717 3760 3719
f 3658 3758 3723
f 3760 3759 3719
f 3687 3720 3608
f 3726 3720 3687
f 3725 3657 3724
f 3763 3689 3721
f 3689 3763 3690
f 3727 3762 3688
f 3659 3728 3727
f 3687 3729 3809
f 3729 3690 3769
f 3690 3810 3769
f 3812 3849 3727
f 3728 3812 3727
f 3764 3728 3725
f 3764 3768 3728
f 3769 3767 3729
f 3728 3768 3812
f 4162 3612 3853
f 3853 3614 3854
f 3583 3988 3692
f 3989 3730 3990
f 3773 3549 3774
f 3732 3776 3694
f 3694 3776 3564
f 3776 3777 3586
f 3695 3858 3667
f 3858 3695 3821
f 3585 3857 3778
f 3669 3590 3949
f 3697 3589 3669
f 3735 3863 3592
f 3734 3824 3671
f 3735 3620 3780
f 3620 3698 3780
f 3737 3779 3736
f 3675 3782 3673
f 3828 3569 3622
f 3830 3569 3828
f 4171 4004 3554
f 3700 3783 3784
f 3594 3913 3740
f 3336 3870 3572
f 3870 3744 3572
f 3785 3648 3601
f 3832 3703 3786
f 3745 3626 3705
f 3786 3744 3833
f 3745 3743 3626
f 3787 3786 3833
f 3746 3678 3917
f 3679 3747 3706
f 3748 3630 3919
f 3630 3651 3919
f 3651 3707 3919
f 3790 3750 3709
f 3750 3751 3633
f 3790 3751 3750
f 3709 3710 3838
f 3838 3790 3709
f 3493 3874 3680
f 3923 3712 3711
f 4369 3634 4246
f 3635 3754 3541
f 4129 3655 3606
f 3520 3681 4130
f 4130 3636 3520
f 3716 3686 3682
f 3715 3756 3685
f 3715 3720 3756
f 3757 3799 3755
f 3799 3724 3755
f 3797 3757 3755
f 3684 3797 3755
f 3797 3684 3718
f 3717 3685 3798
f 3717 3798 3760
f 3611 3839 3722
f 3719 3802 3841
f 3719 3759 3802
f 3724 3761 3725
f 3718 3716 3801
f 3801 3846 3718
f 3847 3725 3761
f 3726 3687 3848
f 3687 3809 3848
f 3762 3727 3849
f 3764 3725 3847
f 3935 3690 3763
f 3809 3729 3765
f 3729 3767 3765
f 3766 3768 3764
f 3769 3770 3767
f 3811 3765 3767
f 3813 3767 3770
f 3613 3815 3324
f 3691 3612 4162
f 3988 3498 3903
f 3693 3990 3730
f 3818 3992 3664
f 3733 3664 3992
f 3820 3733 3992
f 3995 3667 3858
f 3820 3857 3585
f 3822 3775 3550
f 3550 3696 3822
f 3948 3821 3697
f 3821 3589 3697
f 3822 3696 3861
f 3697 3669 3907
f 3861 3696 3646
f 3778 3823 3591
f 3862 3734 3779
f 3735 3780 3863
f 3863 3825 3592
f 3860 3779 3781
f 3737 3781 3779
f 3671 3824 3739
f 3782 3780 3698
f 3674 3781 3737
f 4171 3554 3738
f 3825 3828 3622
f 3700 3739 3827
f 3676 3912 3675
f 3530 4004 3870
f 3913 3623 3915
f 3784 3914 3742
f 3742 3914 3705
f 3623 3831 3915
f 3745 3834 3743
f 3648 4006 4008
f 3835 3787 3833
f 3747 3649 3872
f 3706 3836 3749
f 3632 3837 3707
f 3789 3710 3788
f 3920 3680 4244
f 3920 3708 3680
f 3838 3710 3873
f 3557 3922 3874
f 3711 3875 3923
f 4246 3603 3518
f 3793 3581 3605
f 4129 3606 3877
f 3637 3714 3878
f 3716 3682 3796
f 3878 3714 3841
f 3685 3756 3798
f 3797 3795 3757
f 3756 3720 3803
f 3803 3798 3756
f 3795 3800 3757
f 3760 3798 3842
f 3720 3726 3803
f 3721 3722 3926
f 3721 3926 3927
f 3545 3967 3839
f 3757 3800 3799
f 3801 3716 3796
f 3803 3805 3798
f 3799 3761 3724
f 3758 3762 4022
f 3805 3844 3798
f 3803 3843 3805
f 3726 3843 3803
f 3800 3808 3799
f 3887 3808 3800
f 3718 3804 3797
f 3927 3763 3721
f 3760 3845 3759
f 3799 3808 3761
f 3795 3887 3800
f 3759 3806 3802
f 3795 3807 3887
f 3845 3806 3759
f 3808 3887 3894
f 3690 3935 3810
f 3809 3765 3895
f 3895 3765 3811
f 3769 3810 3770
f 3811 3767 3813
f 3768 3852 3812
f 3814 3768 3766
f 3814 3852 3768
f 3547 3324 3815
f 3987 3641 3771
f 3772 3357 3641
f 3854 3662 3817
f 3662 3773 3817
f 3816 3856 3616
f 3731 4049 3818
f 3616 3856 3732
f 3732 3905 3776
f 3819 3666 3775
f 3904 3665 3944
f 3905 3945 3776
f 3665 3667 3944
f 3944 3667 3995
f 3776 3945 3777
f 4054 3777 3945
f 3775 3822 3946
f 4054 3588 3777
f 3669 3949 4111
f 4111 3907 3669
f 3860 3862 3779
f 3824 3734 3862
f 3591 3823 3738
f 3739 3824 3866
f 3782 3868 3780
f 3826 3739 3866
f 4057 3861 3646
f 4057 3646 3699
f 3675 3868 3782
f 3740 3910 3674
f 3827 3739 3826
f 3700 3827 3783
f 3829 3830 3828
f 3676 3702 3955
f 3702 3703 3832
f 3914 4007 3705
f 4006 3648 3785
f 4007 3745 3705
f 3649 3648 4009
f 3836 3706 3747
f 3963 3837 3708
f 3708 3920 3963
f 3874 4244 3680
f 3751 3791 3633
f 3923 3713 3712
f 3924 4448 3753
f 4369 3925 3653
f 3653 3925 3793
f 3581 4073 3635
f 4073 3754 3635
f 3964 3540 3876
f 3877 3637 3878
f 3796 3682 3794
f 3841 3879 3878
f 3545 3723 3967
f 3797 3840 3795
f 3760 3842 3882
f 3795 3840 3807
f 3797 3804 3840
f 3760 3882 3845
f 3798 3844 3842
f 3892 3840 3880
f 3843 3885 3805
f 3718 3846 3804
f 3804 3846 3888
f 3886 3846 3801
f 3726 3848 3843
f 4022 3762 3891
f 3808 3847 3761
f 3884 3847 3808
f 3894 3884 3808
f 3840 3892 3807
f 3845 3883 3806
f 3892 3887 3807
f 3890 3888 3846
f 3843 3848 3885
f 3886 3890 3846
f 3805 3975 3844
f 3885 3975 3805
f 3847 3889 3764
f 3977 3844 3975
f 3887 3936 3894
f 3762 3849 3891
f 3848 3809 3893
f 3939 3891 3849
f 3895 3893 3809
f 3766 3764 3889
f 3812 3939 3849
f 3812 3852 4039
f 3814 3766 3850
f 3813 3851 3811
f 3850 3899 3814
f 3813 3981 3851
f 3813 3770 3981
f 3814 3896 3852
f 3899 3896 3814
f 3771 3559 3986
f 4332 3988 3903
f 3642 3989 3855
f 3732 3856 4106
f 4335 3666 3819
f 4106 3905 3732
f 3819 3775 3946
f 3857 3820 3994
f 3946 3822 3906
f 3858 3821 3948
f 4054 3998 3588
f 3644 3588 3998
f 4000 3948 3697
f 3644 3998 3949
f 4000 3697 3907
f 3780 3951 3863
f 3824 3862 3864
f 3866 3824 3864
f 3781 3865 3860
f 3862 3860 3865
f 3951 3780 3868
f 3781 3674 3910
f 4057 3699 3869
f 3825 3867 3828
f 3868 3675 3952
f 3952 3675 3912
f 3828 3953 3829
f 4277 3914 3784
f 4402 3913 3915
f 4278 4006 3785
f 3915 3831 3871
f 3741 3704 4058
f 3831 3746 3871
f 3871 3746 3959
f 4060 3834 3957
f 3787 3835 4011
f 3648 4008 4009
f 3746 3917 3959
f 3649 4009 3872
f 3917 3748 3962
f 3747 3872 3836
f 3962 3748 3919
f 3788 3749 4018
f 3788 4018 3789
f 3707 3837 3963
f 3873 3710 3789
f 3921 3751 3790
f 3790 3838 3921
f 3924 3604 4128
f 4128 3604 3654
f 3655 4074 3876
f 3839 4020 3722
f 3758 4021 3723
f 3796 4076 3801
f 3881 3879 3841
f 3880 3840 3804
f 3841 3802 3881
f 3968 3763 3927
f 3845 3882 4025
f 3804 3928 3880
f 3804 3888 3928
f 3802 3806 3881
f 4026 3845 4025
f 3842 3844 3882
f 3968 3935 3763
f 3844 4028 3882
f 3883 3881 3806
f 4026 3883 3845
f 3844 3977 4028
f 3847 3884 3889
f 3848 3893 3885
f 3892 3978 3887
f 3978 3936 3887
f 3889 3938 3766
f 3812 4039 3939
f 3979 3770 3810
f 3766 3938 3850
f 3811 3940 3895
f 3811 3851 3940
f 3898 3940 3851
f 3897 3899 3850
f 3898 3851 3900
f 3897 4097 3899
f 3900 3851 3981
f 3898 3900 3941
f 3899 3901 3896
f 3899 3984 3901
f 4097 3984 3899
f 3943 3941 3900
f 3559 3691 3986
f 3771 3986 3987
f 3547 3815 3902
f 3613 3661 4213
f 3547 3902 3903
f 3856 3816 4266
f 3817 3773 4216
f 3773 3774 4216
f 3666 4335 3774
f 3991 3693 3904
f 3820 3992 3994
f 3778 3857 3859
f 3861 3906 3822
f 3778 3859 3823
f 3864 3862 3865
f 3863 3951 3908
f 3863 3908 3825
f 3825 3908 3867
f 3865 3781 3911
f 3826 3866 3909
f 3781 3910 3911
f 3867 3953 3828
f 4003 3910 3740
f 3740 3913 4003
f 3785 3830 4172
f 4004 4005 3870
f 3704 3743 4176
f 3786 4059 3832
f 4007 3834 3745
f 3743 3834 4060
f 3787 4059 3786
f 3957 3834 4007
f 3835 3916 4011
f 4011 4059 3787
f 4060 3957 4010
f 3958 4011 3916
f 3872 3918 3836
f 3918 4126 3836
f 4068 3836 4126
f 3749 3836 4068
f 4068 4018 3749
f 3921 3838 3873
f 3580 3792 4541
f 3793 4072 3581
f 3654 3964 4371
f 3655 4129 4074
f 3636 4130 4019
f 3636 4019 3794
f 3794 4131 3796
f 3879 4077 3878
f 3722 4020 3926
f 3967 3723 3966
f 3723 4021 3966
f 3758 4022 4021
f 4021 4022 4078
f 3928 3892 3880
f 3801 4023 3886
f 3881 3883 3929
f 3882 4028 4025
f 3972 3883 4026
f 3888 3890 3931
f 4029 3890 3886
f 3883 3933 3929
f 3885 3893 3934
f 3971 3978 3892
f 4029 3932 3890
f 3937 3891 3939
f 3932 4029 3973
f 3885 3934 3975
f 3884 3930 3889
f 3894 3930 3884
f 3931 3890 3932
f 3883 3974 3933
f 3930 3938 3889
f 4033 3934 3893
f 3895 4033 3893
f 4036 4033 3895
f 3979 3810 4140
f 4198 3939 4039
f 4040 4036 3895
f 3980 3897 3850
f 3938 3980 3850
f 3940 4040 3895
f 3770 3979 3981
f 4206 3981 3979
f 3852 4091 4039
f 4091 3852 3896
f 4151 4091 3896
f 3981 4206 3982
f 3896 3901 4151
f 3900 3981 3982
f 3943 3900 3982
f 3941 3943 4043
f 3984 4046 3901
f 3943 3985 4043
f 3942 3943 3982
f 3942 3985 3943
f 4266 3816 3772
f 3774 4335 4216
f 3818 4049 3992
f 3944 3991 3904
f 4051 3819 3946
f 3858 4052 3995
f 3996 4052 3858
f 4054 3945 4164
f 3996 3858 3948
f 3859 4056 3823
f 3950 3864 3865
f 3864 3950 3866
f 4002 3908 3951
f 3950 3865 3911
f 4002 3867 3908
f 4224 3868 3952
f 3827 3826 4114
f 3783 3827 3954
f 4275 3952 3912
f 3912 3676 3955
f 3954 4277 3783
f 4277 3784 3783
f 3913 4402 4003
f 3701 4058 3869
f 3830 3829 4172
f 3701 3741 4058
f 3955 3702 4116
f 3702 3956 4116
f 3702 3832 3956
f 3870 4005 3744
f 3832 4059 3956
f 3871 3959 4174
f 3916 3835 4629
f 4177 3957 4007
f 3961 3957 4177
f 4010 3957 3961
f 3958 3960 4013
f 4017 3959 3917
f 3962 4017 3917
f 3962 3919 4069
f 4069 3919 3707
f 3920 4188 3963
f 3791 4191 3875
f 3875 4245 3923
f 3580 4404 3922
f 3580 4541 4404
f 4541 3792 3752
f 3654 4371 4128
f 3964 3876 4371
f 3754 3965 3681
f 4192 3877 4075
f 3877 3878 4075
f 3878 4077 4075
f 4076 3796 4131
f 4076 4250 3801
f 3927 4134 3968
f 4250 4023 3801
f 3879 3881 3969
f 3928 3888 4027
f 3969 3881 3929
f 3970 4022 3891
f 3928 4027 3892
f 4023 4029 3886
f 4027 3971 3892
f 3970 3891 3937
f 3929 3933 4084
f 3888 3931 4030
f 3883 3972 3974
f 4031 3973 4029
f 4084 4024 3929
f 4082 3974 3972
f 3973 3976 3932
f 3977 4032 4028
f 4081 4140 3935
f 3894 4035 3930
f 3933 4034 4084
f 3974 4034 3933
f 3975 3934 4033
f 4145 3978 3971
f 3810 3935 4140
f 3936 4035 3894
f 3977 4087 4032
f 3940 4142 4040
f 3898 4142 3940
f 4041 3898 3941
f 4206 4327 3982
f 4044 3982 4327
f 4097 4042 3984
f 4151 3901 3983
f 3942 3982 4044
f 4046 3983 3901
f 4043 3985 4104
f 4042 4046 3984
f 3985 4159 4104
f 4157 3983 4046
f 4160 4157 4046
f 3815 3613 4047
f 3855 3989 4422
f 4334 3854 3817
f 3988 4267 3692
f 4267 3731 3692
f 4048 4049 3731
f 3990 3693 4424
f 4424 3693 3991
f 4335 3819 3993
f 4107 3994 3992
f 4268 4163 3905
f 4051 3993 3819
f 3905 4163 3945
f 4163 4164 3945
f 3857 3994 4050
f 3946 3947 4051
f 3857 4050 3997
f 4164 4053 4054
f 3946 3906 3947
f 3859 3857 3997
f 3947 3906 3999
f 3906 3861 3999
f 3999 3861 4112
f 4350 3866 3950
f 3866 4350 3909
f 3951 3868 4169
f 3861 4057 4112
f 4224 4169 3868
f 3867 4400 3953
f 4276 3829 3953
f 3827 4115 3954
f 3910 4003 4274
f 3871 4173 3915
f 3914 4356 4007
f 4058 3704 4279
f 4279 3704 4176
f 4005 4225 3744
f 3744 4225 3833
f 4629 3835 4225
f 3835 3833 4225
f 4176 3743 4060
f 4060 4010 4287
f 3916 4573 3958
f 3958 4573 3960
f 4011 3958 4178
f 4010 3961 4014
f 4014 3961 4015
f 4178 3958 4013
f 4015 3961 4118
f 3960 4061 4013
f 4017 4012 3959
f 4016 4013 4061
f 4067 4017 3962
f 3707 3963 4307
f 3920 4244 4243
f 3921 3873 4189
f 4189 3873 3789
f 3751 4190 3791
f 4190 3751 3921
f 3874 3922 4070
f 3752 3753 4448
f 3581 4072 4073
f 4312 4130 3681
f 4129 3877 4482
f 4482 3877 4192
f 4019 4131 3794
f 4375 4132 3927
f 4375 3927 3926
f 3839 4133 4020
f 4134 3927 4132
f 3969 4077 3879
f 4023 4137 4029
f 3969 3929 4024
f 3968 4136 3935
f 4025 4028 4026
f 4136 4081 3935
f 3888 4030 4027
f 4031 4029 4137
f 4138 4024 4084
f 4028 4032 4083
f 3931 3976 4197
f 4200 4145 3971
f 3932 3976 3931
f 4035 3938 3930
f 4037 3976 3973
f 3974 4085 4034
f 4031 4037 3973
f 4033 4036 3975
f 3980 3938 4035
f 4036 4087 3975
f 3975 4087 3977
f 4087 4036 4086
f 4145 3936 3978
f 4088 4084 4034
f 4085 4088 4034
f 4037 4089 3976
f 4035 4143 3980
f 4088 4038 4084
f 4143 4093 3897
f 4143 3897 3980
f 3897 4093 4097
f 4041 3941 4043
f 4043 4104 4103
f 4102 4103 4101
f 4159 3985 4210
f 3985 3942 4210
f 4045 4046 4042
f 4103 4104 4101
f 4105 4046 4045
f 4105 4160 4046
f 4047 3613 4213
f 4422 3661 3855
f 4267 4048 3731
f 4049 4107 3992
f 4106 4268 3905
f 3944 3995 4052
f 4168 3859 3997
f 4350 3950 4113
f 4401 3823 4056
f 3951 4001 4002
f 4273 3911 3910
f 4401 3738 3823
f 3909 4114 3826
f 3738 4401 4171
f 4276 3953 4400
f 3955 4502 3912
f 3869 4058 4354
f 4277 4355 3914
f 4356 3914 4355
f 4173 3871 4174
f 4176 4060 4365
f 4118 3961 4177
f 4059 4011 4178
f 4010 4014 4287
f 4573 4536 3960
f 4226 4013 4016
f 4117 3872 4009
f 4012 4017 4119
f 4118 4063 4015
f 4062 4014 4015
f 4015 4063 4062
f 3872 4117 4180
f 4016 4061 4064
f 4120 4062 4063
f 4227 4016 4066
f 4066 4016 4064
f 4066 4064 4065
f 4063 4123 4120
f 3872 4180 3918
f 4119 4017 4067
f 3962 4181 4067
f 4069 4181 3962
f 3707 4307 4069
f 4018 4238 3789
f 3963 4188 4307
f 3921 4127 4190
f 4189 4127 3921
f 4188 3920 4243
f 4190 4191 3791
f 3875 4191 4245
f 3713 3923 4071
f 3713 4071 3518
f 4071 4246 3518
f 3965 3754 4073
f 3926 4512 4375
f 3926 4020 4512
f 4193 3966 4021
f 4078 4022 4135
f 4077 3969 4079
f 3969 4194 4079
f 4137 4023 4250
f 4030 3971 4027
f 4028 4080 4026
f 4026 4080 3972
f 4028 4083 4080
f 4195 3972 4080
f 3931 4197 4030
f 4196 4139 4083
f 3972 4195 4082
f 4030 4200 3971
f 4198 3937 3939
f 3974 4082 4085
f 4090 4037 4031
f 4038 4138 4084
f 4036 4040 4086
f 3936 4143 4035
f 4086 4141 4087
f 4086 4040 4142
f 3936 4147 4143
f 4145 4147 3936
f 4088 4092 4038
f 4037 4094 4089
f 4090 4095 4037
f 4092 4096 4038
f 4098 4149 4089
f 4094 4098 4089
f 4142 3898 4144
f 4095 4094 4037
f 3898 4204 4144
f 4041 4204 3898
f 4093 4148 4097
f 4095 4152 4094
f 4205 4096 4092
f 4101 4096 4205
f 4042 4097 4100
f 4094 4152 4098
f 4098 4152 4207
f 4096 4101 4099
f 4205 4102 4101
f 4100 4154 4042
f 4152 4045 4207
f 4045 4154 4207
f 4153 4043 4103
f 4156 4105 4152
f 4154 4045 4042
f 4152 4105 4045
f 3942 4044 4210
f 4101 4211 4099
f 4101 4104 4211
f 4158 4211 4104
f 4158 4104 4159
f 4105 4264 4160
f 3902 4332 3903
f 3854 4265 3853
f 4214 3772 3641
f 3772 4214 4266
f 4048 4107 4049
f 4107 4217 3994
f 3994 4217 4050
f 4165 4052 4108
f 4052 3996 4108
f 4166 4051 3947
f 4167 3996 3948
f 3947 3999 4109
f 4053 4110 4054
f 4054 4110 3998
f 3998 4055 3949
f 3859 4168 4056
f 3949 4055 4111
f 4273 4113 3950
f 4001 3951 4169
f 3950 3911 4273
f 4001 4170 4002
f 4002 4400 3867
f 4273 3910 4274
f 3952 4275 4224
f 4114 4115 3827
f 3912 4502 4275
f 4276 4172 3829
f 4003 4402 4274
f 4278 4442 4006
f 4281 4006 4442
f 4174 3959 4175
f 4281 4008 4006
f 3959 4012 4175
f 4117 4008 4281
f 4008 4117 4009
f 4013 4226 4178
f 4118 4229 4063
f 4063 4229 4123
f 4122 4227 4066
f 4065 4121 4122
f 4066 4065 4122
f 4122 4121 4124
f 4125 4231 4123
f 4242 4243 4244
f 3789 4238 4189
f 4246 4071 4632
f 4405 4369 4246
f 3925 4072 3793
f 4247 3876 4074
f 3681 3965 4312
f 4131 4019 4406
f 4077 4248 4075
f 3839 3967 4133
f 3970 4135 4022
f 3969 4024 4194
f 4080 4083 4139
f 4194 4024 4252
f 4080 4139 4195
f 4024 4138 4252
f 4196 4082 4195
f 4197 3976 4254
f 4083 4255 4196
f 4203 4082 4255
f 4199 4255 4083
f 4082 4203 4085
f 4032 4199 4083
f 4031 4256 4090
f 4039 4201 4198
f 4086 4142 4141
f 4087 4199 4032
f 4142 4144 4141
f 4258 4145 4200
f 4380 4095 4090
f 4199 4087 4202
f 4141 4202 4087
f 4147 4093 4143
f 4144 4204 4141
f 4039 4091 4201
f 4203 4146 4088
f 4085 4203 4088
f 4141 4204 4202
f 3979 4415 4206
f 4096 4322 4138
f 4138 4038 4096
f 4146 4092 4088
f 4091 4151 4417
f 4205 4092 4146
f 4041 4150 4204
f 4097 4148 4100
f 4099 4322 4096
f 4259 4149 4098
f 4155 4322 4099
f 4098 4207 4259
f 4329 4152 4095
f 4150 4041 4043
f 4102 4205 4153
f 4261 4152 4329
f 4103 4102 4153
f 4328 4151 3983
f 4152 4261 4156
f 4099 4208 4155
f 4099 4211 4208
f 4211 4209 4208
f 4156 4212 4105
f 4159 4210 4385
f 4212 4264 4105
f 4158 4161 4211
f 4159 4385 4158
f 4160 4331 4157
f 4331 4160 4264
f 3691 4162 3986
f 4265 4162 3853
f 4422 4213 3661
f 4214 3641 3987
f 4422 3989 3990
f 4334 3817 4423
f 3817 4216 4423
f 3856 4268 4106
f 3991 3944 4389
f 4165 4389 3944
f 3993 4051 4166
f 4337 4164 4163
f 3944 4052 4165
f 4337 4053 4164
f 4166 3947 4109
f 4219 4109 3999
f 4219 3999 4223
f 4000 4167 3948
f 3907 4433 4000
f 4001 4169 4349
f 4352 3909 4350
f 4351 4169 4224
f 4352 4114 3909
f 3785 4172 4278
f 4173 4402 3915
f 4058 4279 4354
f 4356 4282 4007
f 4177 4007 4282
f 3956 4059 4284
f 4629 4573 3916
f 4289 4284 4059
f 4365 4060 4287
f 4285 4117 4281
f 4118 4177 4179
f 4178 4289 4059
f 4536 4061 3960
f 4014 4062 4287
f 4064 4061 4292
f 4287 4062 4120
f 4227 4226 4016
f 4064 4292 4065
f 4121 4065 4292
f 4119 4067 4296
f 4180 4182 3918
f 4181 4296 4067
f 4230 4227 4122
f 4123 4229 4125
f 4123 4231 4120
f 4124 4230 4122
f 3918 4182 4126
f 4231 4125 4186
f 4183 4184 4124
f 4124 4184 4230
f 4185 4184 4183
f 4231 4186 4235
f 4234 4184 4185
f 4230 4184 4234
f 4235 4186 4187
f 4234 4185 4237
f 4126 4233 4236
f 4069 4299 4181
f 4234 4237 4239
f 4068 4126 4236
f 4236 4238 4068
f 4308 4069 4307
f 4018 4068 4238
f 4241 4127 4189
f 4189 4306 4241
f 4188 4308 4307
f 3874 4310 4479
f 4070 4310 3874
f 3924 4128 4448
f 4314 4076 4131
f 3967 3966 4580
f 4133 4512 4020
f 4580 4133 3967
f 4078 4193 4021
f 4077 4079 4411
f 4132 4249 4134
f 3968 4134 4136
f 4195 4139 4196
f 4137 4253 4031
f 4197 4200 4030
f 4082 4196 4255
f 4089 4254 3976
f 4140 4413 3979
f 4090 4256 4380
f 3979 4413 4415
f 4201 4091 4417
f 4204 4150 4202
f 4145 4148 4147
f 4147 4148 4093
f 4258 4148 4145
f 4153 4205 4325
f 4326 4150 4043
f 4260 4324 4207
f 4207 4154 4260
f 4043 4153 4326
f 4330 4155 4208
f 4382 3983 4157
f 4156 4261 4262
f 4161 4158 4385
f 4334 4265 3854
f 4214 4494 4266
f 4267 3988 4420
f 3990 4424 4422
f 4266 4215 3856
f 4336 4217 4107
f 4217 4269 4050
f 4340 4166 4109
f 4053 4337 4218
f 4218 4110 4053
f 4221 3997 4270
f 4270 3997 4050
f 3996 4167 4108
f 3997 4221 4168
f 4220 4110 4218
f 4219 4340 4109
f 4167 4271 4108
f 3998 4110 4220
f 3998 4220 4055
f 4167 4000 4433
f 4168 4222 4056
f 4056 4222 4272
f 4112 4223 3999
f 4169 4351 4349
f 4170 4400 4002
f 4531 4224 4275
f 4353 4274 4402
f 4057 3869 4354
f 4172 4276 4570
f 4570 4278 4172
f 4357 4116 3956
f 4174 4283 4173
f 4283 4174 4175
f 4176 4534 4279
f 4365 4534 4176
f 4179 4177 4282
f 4364 4175 4012
f 4285 4286 4117
f 4012 4119 4364
f 4178 4226 4289
f 4179 4229 4118
f 4286 4180 4117
f 4286 4290 4182
f 4180 4286 4182
f 4476 4120 4231
f 4296 4181 4228
f 4183 4124 4477
f 4124 4121 4477
f 4229 4232 4125
f 4182 4233 4126
f 4228 4181 4299
f 4125 4232 4186
f 4300 4187 4232
f 4186 4232 4187
f 4240 4239 4237
f 4308 4299 4069
f 4234 4239 4304
f 4303 4235 4187
f 4306 4304 4239
f 4309 4241 4240
f 4239 4240 4241
f 4239 4241 4306
f 4242 4303 4305
f 4241 4309 4127
f 4243 4305 4308
f 4127 4309 4190
f 4243 4308 4188
f 4238 4306 4189
f 4191 4190 4575
f 4244 3874 4479
f 4404 4070 3922
f 3923 4245 4311
f 4071 3923 4311
f 4247 4371 3876
f 4019 4130 4406
f 4192 4075 4248
f 4077 4411 4248
f 4193 4313 3966
f 4315 4076 4314
f 4315 4250 4076
f 4134 4251 4136
f 4249 4251 4134
f 3970 3937 4378
f 3937 4198 4378
f 4198 4201 4378
f 4197 4254 4320
f 4200 4197 4320
f 4031 4253 4256
f 4257 4252 4138
f 4199 4319 4255
f 4089 4318 4254
f 4203 4255 4319
f 4200 4320 4379
f 4149 4318 4089
f 4319 4321 4203
f 4258 4200 4379
f 4322 4257 4138
f 4203 4321 4146
f 4095 4380 4329
f 4323 4149 4259
f 4150 4325 4202
f 4326 4325 4150
f 4151 4328 4417
f 4258 4100 4148
f 4259 4207 4324
f 4153 4325 4326
f 4382 4328 3983
f 4208 4263 4330
f 4208 4209 4263
f 4210 4044 4384
f 4212 4156 4262
f 4385 4210 4384
f 4331 4488 4157
f 4211 4161 4209
f 4419 3987 3986
f 3815 4047 3902
f 4420 3988 4332
f 4267 4495 4048
f 4268 3856 4215
f 4424 3991 4389
f 4048 4336 4107
f 4335 4387 4216
f 4163 4464 4337
f 4269 4270 4050
f 4221 4393 4343
f 4221 4222 4168
f 4271 4167 4344
f 4346 4344 4167
f 4220 4345 4055
f 4346 4167 4433
f 4348 4055 4347
f 3907 4111 4433
f 4112 4398 4223
f 4001 4349 4170
f 4113 4273 4436
f 4438 4056 4272
f 4438 4401 4056
f 4057 4471 4112
f 4352 4115 4114
f 4277 3954 4470
f 4004 4171 4443
f 3955 4571 4502
f 4443 4005 4004
f 4116 4571 3955
f 4607 4354 4279
f 4357 3956 4360
f 4358 4357 4360
f 4280 4442 4444
f 4356 4441 4282
f 4360 3956 4284
f 4442 4280 4281
f 4280 4285 4281
f 4361 4283 4175
f 4280 4362 4285
f 4361 4175 4364
f 4282 4366 4179
f 4291 4179 4366
f 4285 4367 4286
f 4289 4368 4284
f 4368 4286 4367
f 4288 4364 4119
f 4119 4296 4288
f 4291 4288 4293
f 4292 4061 4536
f 4288 4296 4293
f 4179 4291 4229
f 4368 4289 4290
f 4286 4368 4290
f 4289 4226 4295
f 4290 4289 4295
f 4226 4227 4295
f 4229 4291 4293
f 4229 4293 4294
f 4290 4295 4297
f 4290 4297 4182
f 4294 4293 4228
f 4229 4294 4232
f 4293 4296 4228
f 4295 4227 4298
f 4297 4295 4298
f 4298 4227 4230
f 4182 4297 4233
f 4232 4294 4300
f 4294 4228 4299
f 4297 4298 4233
f 4233 4298 4301
f 4298 4230 4301
f 4230 4234 4301
f 4233 4301 4236
f 4300 4302 4187
f 4300 4299 4302
f 4304 4301 4234
f 4236 4301 4304
f 4302 4299 4308
f 4238 4236 4304
f 4187 4302 4305
f 4187 4305 4303
f 4305 4302 4308
f 4238 4304 4306
f 4305 4243 4242
f 4309 4575 4190
f 4242 4244 4479
f 4575 4446 4191
f 4310 4070 4538
f 4245 4191 4446
f 4692 4541 3752
f 4246 4632 4405
f 4670 4448 4128
f 4670 4128 4449
f 4449 4128 4371
f 4372 4073 4072
f 4482 4192 4373
f 4406 4484 4131
f 4192 4248 4407
f 4410 4375 4408
f 4132 4375 4410
f 4409 4313 4193
f 4410 4249 4132
f 4193 4078 4453
f 4135 4453 4078
f 4452 4079 4194
f 4377 4194 4252
f 4140 4081 4316
f 4413 4140 4316
f 4254 4318 4320
f 4256 4414 4380
f 4318 4379 4320
f 4318 4149 4323
f 4323 4379 4318
f 4456 4257 4322
f 4199 4321 4319
f 4146 4321 4205
f 4199 4202 4321
f 4205 4321 4325
f 4202 4325 4321
f 4324 4323 4259
f 4322 4155 4456
f 4260 4100 4258
f 4380 4458 4329
f 4260 4154 4100
f 4044 4327 4459
f 4330 4263 4383
f 4382 4157 4488
f 4418 4212 4262
f 4209 4161 4489
f 4521 4489 4161
f 4385 4521 4161
f 3986 4162 4493
f 4047 4213 4333
f 4265 4493 4162
f 4213 4422 4333
f 4334 4421 4265
f 4215 4266 4494
f 4423 4216 4387
f 4163 4268 4464
f 4335 3993 4465
f 4465 3993 4166
f 4337 4464 4467
f 4391 4166 4340
f 4337 4467 4218
f 4165 4108 4338
f 4392 4218 4467
f 4339 4338 4108
f 4339 4108 4271
f 4220 4218 4392
f 4270 4269 4393
f 4340 4432 4391
f 4393 4221 4270
f 4432 4340 4219
f 4395 4432 4219
f 4394 4341 4343
f 4393 4394 4343
f 4395 4219 4223
f 4342 4395 4345
f 4220 4342 4345
f 4341 4271 4344
f 4221 4343 4222
f 4343 4341 4344
f 4395 4223 4396
f 4345 4395 4396
f 4396 4347 4345
f 4345 4347 4055
f 4348 4111 4055
f 4396 4223 4398
f 4350 4113 4499
f 4273 4274 4399
f 4115 4470 3954
f 4533 4402 4173
f 4357 4503 4116
f 4278 4570 4442
f 4474 4503 4357
f 4283 4440 4173
f 4355 4441 4356
f 4358 4474 4357
f 4444 4358 4280
f 4441 4403 4359
f 4282 4441 4359
f 4358 4360 4362
f 4359 4366 4282
f 4358 4362 4280
f 4403 4283 4361
f 4359 4403 4361
f 4362 4360 4367
f 4359 4361 4363
f 4366 4359 4363
f 4363 4361 4364
f 4360 4284 4367
f 4362 4367 4285
f 4367 4284 4368
f 4363 4364 4288
f 4291 4366 4363
f 4291 4363 4288
f 4287 4120 4476
f 4121 4292 4477
f 4300 4294 4299
f 4235 4303 4610
f 4303 4242 4610
f 4309 4240 4478
f 4537 4310 4538
f 4446 4480 4245
f 4070 4447 4538
f 3925 4369 4370
f 4731 4074 4129
f 4731 4129 4482
f 4131 4484 4314
f 4408 4374 4410
f 4375 4512 4408
f 3966 4313 4580
f 4410 4376 4249
f 4451 4250 4315
f 4137 4250 4454
f 4135 3970 4550
f 4137 4454 4253
f 4194 4377 4452
f 3970 4378 4550
f 4136 4251 4081
f 4251 4316 4081
f 4252 4317 4377
f 4253 4455 4256
f 4252 4257 4317
f 4455 4414 4256
f 4456 4317 4257
f 4323 4324 4379
f 4258 4379 4260
f 4324 4260 4379
f 4206 4415 4457
f 4456 4155 4554
f 4457 4327 4206
f 4330 4554 4155
f 4458 4381 4329
f 4329 4381 4261
f 4261 4381 4262
f 4384 4044 4459
f 4212 4418 4264
f 4493 4419 3986
f 4386 4493 4265
f 4214 3987 4462
f 4265 4421 4386
f 4422 4424 4524
f 4336 4048 4495
f 4215 4464 4268
f 4335 4465 4387
f 4425 4389 4165
f 4269 4217 4426
f 4564 4465 4166
f 4564 4166 4391
f 4269 4426 4390
f 4425 4165 4338
f 4469 4338 4339
f 4390 4393 4269
f 4431 4391 4432
f 4220 4392 4342
f 4394 4339 4341
f 4339 4271 4341
f 4342 4432 4395
f 4344 4435 4343
f 4435 4344 4397
f 4347 4396 4434
f 4346 4397 4344
f 4348 4433 4111
f 4222 4343 4435
f 4396 4398 4434
f 4272 4222 4435
f 4112 4566 4398
f 4273 4399 4436
f 4350 4499 4530
f 4530 4352 4350
f 4399 4274 4353
f 4400 4532 4276
f 4473 4171 4401
f 4353 4402 4439
f 4057 4354 4472
f 4171 4569 4443
f 4571 4116 4503
f 4403 4440 4283
f 4688 4005 4443
f 4365 4287 4535
f 4185 4183 4478
f 4231 4235 4574
f 4240 4237 4478
f 4478 4575 4309
f 4310 4537 4479
f 4447 4070 4404
f 4481 4245 4480
f 4404 4541 4540
f 4692 3752 4448
f 4312 4542 4130
f 4406 4130 4542
f 4406 4543 4483
f 4192 4407 4373
f 4248 4515 4407
f 4546 4313 4409
f 4409 4450 4546
f 4411 4515 4248
f 4411 4547 4515
f 4409 4193 4549
f 4411 4079 4412
f 4376 4251 4249
f 4412 4079 4452
f 4550 4453 4135
f 4552 4253 4454
f 4417 4416 4201
f 4414 4487 4380
f 4380 4487 4458
f 4457 4459 4327
f 4262 4381 4592
f 4263 4209 4461
f 4385 4384 4460
f 4385 4460 4521
f 4209 4489 4461
f 4264 4556 4331
f 4418 4556 4264
f 3902 4047 4522
f 4332 3902 4522
f 4462 3987 4419
f 4214 4462 4494
f 4333 4422 4524
f 4421 4334 4423
f 4420 4495 4267
f 4389 4388 4424
f 4426 4217 4336
f 4529 4564 4429
f 4427 4428 4390
f 4429 4564 4391
f 4430 4429 4431
f 4429 4391 4431
f 4498 4429 4430
f 4498 4430 4392
f 4467 4498 4392
f 4390 4428 4393
f 4428 4469 4339
f 4393 4428 4394
f 4430 4431 4432
f 4428 4339 4394
f 4392 4430 4342
f 4342 4430 4432
f 4435 4438 4272
f 4170 4349 4437
f 4566 4112 4471
f 4501 4170 4437
f 4351 4224 4531
f 4501 4400 4170
f 4352 4470 4115
f 4473 4401 4438
f 4471 4057 4472
f 4275 4502 4531
f 4277 4470 4604
f 4533 4439 4402
f 4355 4277 4604
f 4533 4173 4440
f 4442 4475 4444
f 4445 4440 4403
f 4441 4445 4403
f 4444 4474 4358
f 4607 4279 4534
f 4688 4225 4005
f 4476 4231 4574
f 4478 4183 4477
f 4185 4478 4237
f 4574 4235 4610
f 4610 4242 4479
f 4504 4537 4538
f 4505 4480 4446
f 4245 4481 4311
f 4071 4311 4651
f 4370 4369 4405
f 4578 4073 4372
f 3965 4073 4578
f 3965 4507 4312
f 4406 4483 4484
f 4407 4513 4373
f 4510 4374 4408
f 4410 4548 4376
f 4412 4547 4411
f 4193 4453 4549
f 4454 4250 4451
f 4552 4455 4253
f 4317 4588 4377
f 4378 4201 4416
f 4317 4518 4588
f 4486 4414 4455
f 4316 4589 4413
f 4589 4517 4413
f 4413 4517 4415
f 4317 4456 4518
f 4328 4553 4417
f 4458 4590 4381
f 4330 4383 4554
f 4621 4262 4592
f 4621 4418 4262
f 4263 4461 4383
f 4047 4333 4490
f 4522 4047 4490
f 4332 4522 4420
f 4523 4494 4462
f 4420 4525 4495
f 4524 4424 4388
f 4496 4215 4494
f 4463 4336 4495
f 4464 4215 4496
f 4526 4389 4425
f 4464 4466 4467
f 4390 4426 4427
f 4466 4498 4467
f 4497 4425 4338
f 4468 4497 4469
f 4497 4338 4469
f 4498 4529 4429
f 4428 4468 4469
f 4348 4665 4433
f 4665 4397 4346
f 4434 4565 4347
f 4349 4351 4598
f 4349 4598 4437
f 4399 4500 4436
f 4530 4470 4352
f 4532 4400 4501
f 4399 4353 4603
f 4603 4353 4439
f 4171 4473 4569
f 4602 4276 4532
f 4276 4602 4570
f 4472 4354 4607
f 4503 4474 4572
f 4570 4475 4442
f 4628 4440 4445
f 4287 4476 4535
f 4478 4477 4630
f 4480 4539 4481
f 4447 4404 4540
f 4071 4651 4632
f 4448 4670 4692
f 3925 4730 4072
f 4716 4371 4247
f 4545 4483 4543
f 4510 4544 4508
f 4374 4510 4508
f 4407 4515 4513
f 4408 4696 4510
f 4313 4546 4634
f 4374 4508 4584
f 4514 4450 4409
f 4410 4374 4548
f 4485 4316 4251
f 4377 4588 4452
f 4486 4487 4414
f 4553 4416 4417
f 4517 4457 4415
f 4456 4554 4518
f 4458 4487 4590
f 4331 4520 4488
f 4331 4556 4520
f 4493 4491 4419
f 4419 4491 4462
f 4421 4492 4386
f 4492 4493 4386
f 4522 4525 4420
f 4421 4423 4596
f 4494 4523 4496
f 4596 4423 4527
f 4423 4387 4527
f 4465 4527 4387
f 4526 4388 4389
f 4463 4426 4336
f 4496 4466 4464
f 4497 4526 4425
f 4466 4529 4498
f 4468 4428 4427
f 4565 4348 4347
f 4397 4665 4666
f 4434 4398 4645
f 4434 4645 4565
f 4113 4436 4499
f 4499 4599 4530
f 4351 4531 4567
f 4355 4604 4605
f 4355 4605 4441
f 4444 4572 4474
f 4607 4534 4726
f 4629 4225 4688
f 4480 4505 4577
f 4480 4577 4539
f 4247 4074 4506
f 4731 4482 4694
f 4406 4542 4543
f 4545 4613 4509
f 4579 4373 4513
f 4544 4579 4508
f 4545 4509 4581
f 4511 4509 4613
f 4613 4546 4511
f 4546 4450 4511
f 4584 4508 4582
f 4483 4636 4484
f 4580 4313 4634
f 4509 4511 4514
f 4514 4581 4509
f 4696 4408 4512
f 4484 4636 4314
f 4314 4636 4637
f 4511 4450 4514
f 4584 4548 4374
f 4314 4637 4315
f 4453 4587 4549
f 4485 4251 4376
f 4378 4551 4550
f 4485 4589 4316
f 4552 4486 4455
f 4590 4592 4381
f 4384 4459 4519
f 4488 4591 4382
f 4460 4384 4519
f 4418 4621 4555
f 4489 4557 4461
f 4460 4664 4521
f 4418 4555 4556
f 4491 4523 4462
f 4493 4492 4491
f 4490 4333 4524
f 4421 4596 4492
f 4495 4525 4463
f 4463 4561 4426
f 4564 4527 4465
f 4426 4561 4427
f 4562 4466 4496
f 4528 4564 4529
f 4466 4528 4529
f 4346 4433 4665
f 4398 4566 4645
f 4598 4351 4567
f 4567 4531 4568
f 4473 4438 4686
f 4531 4502 4568
f 4502 4571 4568
f 4439 4533 4628
f 4572 4571 4503
f 4628 4533 4440
f 4441 4605 4445
f 4475 4572 4444
f 4443 4781 4688
f 4365 4535 4667
f 4608 4292 4536
f 4477 4292 4608
f 4576 4610 4479
f 4575 4505 4446
f 4537 4576 4479
f 4504 4611 4537
f 4612 4611 4504
f 4650 4577 4505
f 4757 4541 4692
f 4405 4729 4370
f 4670 4449 4652
f 4507 3965 4578
f 4694 4482 4373
f 4543 4695 4613
f 4543 4613 4545
f 4635 4579 4513
f 4582 4508 4579
f 4655 4483 4545
f 4133 4745 4512
f 4133 4580 4745
f 4514 4409 4516
f 4547 4412 4616
f 4409 4549 4516
f 4315 4585 4451
f 4585 4639 4451
f 4639 4454 4451
f 4453 4550 4587
f 4454 4639 4552
f 4452 4588 4657
f 4416 4551 4378
f 4660 4416 4553
f 4553 4328 4591
f 4382 4591 4328
f 4461 4594 4383
f 4557 4594 4461
f 4488 4520 4663
f 4489 4521 4557
f 4595 4490 4524
f 4490 4595 4522
f 4559 4522 4595
f 4523 4491 4558
f 4522 4559 4525
f 4496 4523 4560
f 4595 4524 4388
f 4595 4388 4526
f 4525 4559 4561
f 4496 4560 4562
f 4525 4561 4463
f 4528 4527 4564
f 4561 4563 4427
f 4497 4563 4526
f 4562 4528 4466
f 4468 4563 4497
f 4563 4468 4427
f 4435 4397 4666
f 4435 4666 4438
f 4436 4599 4499
f 4501 4437 4600
f 4601 4470 4530
f 4604 4470 4601
f 4472 4687 4471
f 4628 4626 4439
f 4571 4572 4625
f 4569 4781 4443
f 4573 4668 4536
f 4740 4535 4476
f 4476 4574 4609
f 4575 4669 4505
f 4611 4612 4631
f 4504 4690 4612
f 4612 4539 4577
f 4612 4690 4539
f 4539 4691 4481
f 4757 4540 4541
f 4370 4730 3925
f 4449 4371 4715
f 4542 4312 4507
f 4694 4373 4653
f 4579 4544 4653
f 4653 4544 4744
f 4579 4635 4582
f 4655 4636 4483
f 4581 4514 4614
f 4655 4545 4581
f 4515 4583 4513
f 4584 4582 4638
f 4547 4583 4515
f 4315 4637 4585
f 4548 4584 4638
f 4516 4549 4587
f 4412 4452 4586
f 4376 4548 4485
f 4485 4548 4678
f 4452 4657 4586
f 4587 4550 4551
f 4485 4617 4589
f 4618 4486 4552
f 4588 4518 4659
f 4551 4416 4660
f 4517 4589 4642
f 4486 4641 4487
f 4457 4517 4661
f 4590 4487 4619
f 4518 4554 4681
f 4457 4661 4662
f 4459 4457 4662
f 4592 4590 4643
f 4591 4488 4663
f 4555 4684 4556
f 4557 4521 4664
f 4491 4492 4558
f 4558 4560 4523
f 4560 4558 4562
f 4558 4596 4527
f 4492 4596 4558
f 4559 4595 4597
f 4597 4595 4526
f 4559 4597 4561
f 4558 4527 4528
f 4562 4558 4528
f 4597 4526 4563
f 4561 4597 4563
f 4436 4624 4599
f 4598 4646 4437
f 4603 4500 4399
f 4530 4599 4601
f 4437 4646 4600
f 4501 4600 4532
f 4600 4602 4532
f 4439 4626 4603
f 4571 4625 4568
f 4627 4605 4604
f 4570 4602 4606
f 4647 4628 4605
f 4570 4606 4475
f 4605 4628 4445
f 4475 4606 4572
f 4629 4668 4573
f 4574 4727 4609
f 4574 4610 4727
f 4478 4649 4575
f 4610 4576 4727
f 4576 4537 4689
f 4611 4689 4537
f 4505 4669 4650
f 4632 4802 4405
f 4507 4578 4693
f 4695 4543 4542
f 4373 4579 4653
f 4583 4635 4513
f 4635 4583 4656
f 4582 4615 4638
f 4583 4547 4616
f 4614 4514 4516
f 4616 4412 4586
f 4552 4639 4640
f 4485 4678 4617
f 4660 4658 4551
f 4617 4642 4589
f 4641 4486 4618
f 4641 4619 4487
f 4517 4642 4661
f 4660 4553 4703
f 4619 4643 4590
f 4459 4662 4519
f 4643 4620 4592
f 4593 4554 4383
f 4553 4591 4682
f 4621 4592 4620
f 4621 4620 4644
f 4644 4555 4621
f 4622 4460 4519
f 4664 4460 4622
f 4348 4565 4685
f 4686 4438 4666
f 4500 4624 4436
f 4567 4623 4598
f 4646 4598 4623
f 4599 4624 4601
f 4566 4471 4687
f 4566 4687 4645
f 4646 4606 4600
f 4567 4568 4625
f 4500 4603 4626
f 4600 4606 4602
f 4601 4627 4604
f 4647 4626 4628
f 4606 4625 4572
f 4605 4627 4647
f 4688 4774 4629
f 4365 4648 4534
f 4667 4535 4740
f 4742 4478 4630
f 4649 4478 4742
f 4612 4577 4631
f 4692 4784 4757
f 4692 4670 4759
f 4072 4730 4372
f 4761 4247 4506
f 4506 4074 4731
f 4744 4544 4696
f 4544 4510 4696
f 4633 4546 4613
f 4633 4634 4546
f 4580 4634 4778
f 4580 4654 4745
f 4615 4582 4635
f 4671 4581 4614
f 4698 4516 4587
f 4638 4677 4548
f 4674 4639 4585
f 4548 4677 4678
f 4639 4674 4640
f 4587 4551 4673
f 4673 4551 4658
f 4552 4640 4618
f 4703 4553 4682
f 4554 4593 4681
f 4662 4622 4519
f 4591 4663 4682
f 4383 4594 4593
f 4663 4520 4708
f 4556 4708 4520
f 4684 4708 4556
f 4665 4348 4710
f 4623 4567 4625
f 4624 4500 4647
f 4601 4624 4627
f 4646 4623 4606
f 4647 4500 4626
f 4627 4624 4647
f 4623 4625 4606
f 4473 4725 4569
f 4569 4725 4781
f 4726 4534 4648
f 4365 4667 4648
f 4774 4668 4629
f 4536 4668 4608
f 4476 4609 4740
f 4477 4608 4630
f 4576 4711 4727
f 4650 4631 4577
f 4631 4712 4611
f 4504 4538 4801
f 4504 4801 4690
f 4539 4690 4691
f 4447 4713 4538
f 4311 4481 4714
f 4311 4714 4651
f 4802 4729 4405
f 4449 4715 4652
f 4716 4247 4761
f 4613 4695 4633
f 4778 4654 4580
f 4581 4671 4655
f 4583 4616 4656
f 4636 4697 4637
f 4614 4516 4698
f 4587 4673 4698
f 4586 4657 4676
f 4657 4588 4701
f 4588 4659 4701
f 4617 4678 4679
f 4617 4679 4642
f 4659 4518 4681
f 4662 4706 4622
f 4682 4663 4722
f 4594 4705 4593
f 4622 4706 4707
f 4664 4622 4707
f 4663 4708 4722
f 4557 4709 4594
f 4557 4664 4709
f 4685 4710 4348
f 4645 4780 4565
f 4686 4725 4473
f 4631 4650 4728
f 4447 4540 4757
f 4632 4651 4758
f 4372 4730 4760
f 4372 4760 4578
f 4787 4696 4512
f 4616 4672 4656
f 4616 4586 4672
f 4637 4697 4585
f 4671 4614 4698
f 4638 4615 4675
f 4638 4675 4677
f 4701 4676 4657
f 4677 4679 4678
f 4700 4673 4658
f 4641 4618 4736
f 4679 4680 4642
f 4641 4736 4619
f 4702 4658 4660
f 4642 4680 4661
f 4702 4660 4703
f 4703 4682 4721
f 4661 4750 4662
f 4662 4750 4706
f 4620 4683 4644
f 4555 4644 4752
f 4684 4555 4752
f 4565 4780 4685
f 4666 4665 4754
f 4687 4472 4724
f 4649 4669 4575
f 4576 4689 4711
f 4669 4776 4650
f 4611 4712 4689
f 4481 4691 4783
f 4481 4783 4714
f 4632 4758 4802
f 4715 4371 4716
f 4507 4693 4732
f 4542 4507 4732
f 4745 4787 4512
f 4635 4656 4615
f 4697 4636 4655
f 4655 4671 4717
f 4671 4698 4733
f 4697 4655 4717
f 4676 4672 4586
f 4615 4718 4675
f 4697 4674 4585
f 4640 4674 4699
f 4640 4699 4719
f 4618 4640 4719
f 4593 4737 4681
f 4643 4704 4620
f 4722 4721 4682
f 4620 4704 4683
f 4683 4752 4644
f 4738 4722 4708
f 4709 4705 4594
f 4707 4709 4664
f 4665 4710 4754
f 4686 4666 4754
f 4472 4607 4773
f 4607 4726 4773
f 4774 4688 4781
f 4726 4648 4755
f 4668 4774 4798
f 4608 4668 4798
f 4608 4798 4741
f 4740 4609 4775
f 4741 4630 4608
f 4776 4728 4650
f 4631 4728 4712
f 4801 4691 4690
f 4713 4801 4538
f 4713 4447 4757
f 4692 4759 4784
f 4759 4670 4743
f 4670 4652 4743
f 4715 4716 4803
f 4615 4656 4746
f 4717 4671 4733
f 4656 4672 4746
f 4615 4746 4718
f 4734 4733 4698
f 4676 4701 4735
f 4677 4675 4679
f 4734 4698 4673
f 4768 4679 4675
f 4701 4659 4767
f 4700 4658 4702
f 4679 4768 4680
f 4736 4618 4719
f 4659 4681 4720
f 4704 4619 4736
f 4643 4619 4704
f 4681 4737 4720
f 4661 4680 4750
f 4721 4749 4702
f 4702 4703 4721
f 4593 4705 4737
f 4738 4749 4721
f 4738 4721 4722
f 4723 4738 4708
f 4707 4739 4709
f 4723 4708 4684
f 4752 4723 4684
f 4609 4727 4775
f 4649 4742 4756
f 4691 4777 4783
f 4651 4714 4812
f 4694 4653 4810
f 4696 4787 4744
f 4676 4763 4672
f 4746 4672 4763
f 4676 4735 4763
f 4697 4747 4674
f 4674 4747 4699
f 4701 4767 4735
f 4673 4700 4734
f 4659 4720 4767
f 4734 4700 4748
f 4702 4748 4700
f 4706 4772 4739
f 4706 4739 4707
f 4751 4738 4723
f 4753 4705 4709
f 4739 4753 4709
f 4645 4724 4780
f 4724 4645 4687
f 4472 4773 4724
f 4667 4818 4648
f 4667 4740 4818
f 4630 4741 4742
f 4689 4712 4711
f 4757 4784 4808
f 4651 4812 4758
f 4821 4730 4370
f 4715 4785 4652
f 4506 4731 4762
f 4731 4694 4762
f 4653 4744 4822
f 4695 4826 4633
f 4717 4747 4697
f 4746 4763 4764
f 4718 4746 4764
f 4765 4699 4747
f 4718 4766 4675
f 4765 4719 4699
f 4675 4766 4768
f 4736 4719 4769
f 4749 4770 4748
f 4680 4768 4750
f 4748 4702 4749
f 4720 4737 4796
f 4704 4771 4683
f 4705 4796 4737
f 4749 4738 4770
f 4750 4772 4706
f 4683 4771 4752
f 4751 4770 4738
f 4772 4753 4739
f 4686 4816 4725
f 4807 4775 4727
f 4712 4728 4833
f 4801 4713 4856
f 4729 4821 4370
f 4785 4715 4803
f 4848 4578 4760
f 4762 4694 4810
f 4810 4653 4822
f 4778 4634 4633
f 4745 4804 4787
f 4717 4733 4779
f 4764 4763 4789
f 4789 4763 4735
f 4779 4733 4734
f 4766 4718 4764
f 4789 4735 4767
f 4719 4765 4769
f 4720 4791 4767
f 4796 4791 4720
f 4736 4769 4704
f 4768 4772 4750
f 4705 4753 4796
f 4771 4723 4752
f 4754 4710 4814
f 4781 4817 4774
f 4726 4755 4773
f 4798 4774 4806
f 4740 4775 4818
f 4775 4807 4820
f 4741 4756 4742
f 4800 4807 4727
f 4727 4711 4800
f 4799 4649 4756
f 4649 4799 4669
f 4669 4799 4776
f 4712 4800 4711
f 4782 4854 4728
f 4833 4728 4854
f 4728 4776 4782
f 4714 4783 4812
f 4838 4743 4652
f 4838 4652 4785
f 4716 4761 4803
f 4786 4695 4542
f 4745 4654 4804
f 4792 4717 4779
f 4717 4792 4747
f 4747 4792 4765
f 4792 4779 4790
f 4789 4767 4791
f 4790 4779 4734
f 4769 4765 4792
f 4790 4734 4748
f 4768 4766 4793
f 4790 4748 4770
f 4769 4771 4704
f 4793 4772 4768
f 4797 4770 4751
f 4751 4723 4795
f 4794 4796 4753
f 4771 4795 4723
f 4794 4753 4772
f 4805 4710 4685
f 4780 4805 4685
f 4686 4754 4816
f 4816 4817 4725
f 4725 4817 4781
f 4776 4799 4782
f 4833 4800 4712
f 4801 4777 4691
f 4757 4808 4713
f 4758 4812 4813
f 4760 4730 4821
f 4578 4848 4693
f 4840 4732 4693
f 4786 4542 4732
f 4826 4849 4633
f 4849 4778 4633
f 4778 4788 4654
f 4764 4789 4793
f 4764 4793 4766
f 4789 4791 4793
f 4794 4793 4791
f 4797 4790 4770
f 4769 4792 4795
f 4792 4790 4795
f 4790 4797 4795
f 4794 4791 4796
f 4772 4793 4794
f 4771 4769 4795
f 4797 4751 4795
f 4724 4815 4780
f 4806 4774 4817
f 4756 4741 4832
f 4777 4801 4824
f 4713 4808 4856
f 4758 4813 4802
f 4759 4743 4847
f 4848 4760 4821
f 4803 4761 4858
f 4506 4858 4761
f 4744 4787 4827
f 4827 4787 4804
f 4805 4814 4710
f 4815 4805 4780
f 4754 4814 4816
f 4817 4816 4823
f 4724 4773 4829
f 4806 4817 4830
f 4755 4648 4811
f 4811 4648 4818
f 4820 4818 4775
f 4756 4832 4799
f 4845 4807 4800
f 4799 4846 4782
f 4824 4801 4856
f 4812 4783 4777
f 4836 4784 4759
f 4729 4802 4809
f 4729 4809 4821
f 4743 4838 4847
f 4506 4762 4858
f 4732 4840 4786
f 4654 4850 4804
f 4724 4842 4815
f 4829 4842 4724
f 4798 4806 4819
f 4798 4819 4741
f 4820 4807 4875
f 4875 4807 4845
f 4832 4846 4799
f 4836 4835 4784
f 4759 4847 4836
f 4821 4809 4837
f 4838 4785 4825
f 4785 4803 4825
f 4786 4878 4695
f 4695 4878 4826
f 4827 4822 4744
f 4654 4788 4850
f 4819 4832 4741
f 4833 4845 4800
f 4808 4784 4835
f 4825 4803 4858
f 4827 4804 4850
f 4788 4778 4849
f 4805 4815 4828
f 4829 4773 4755
f 4823 4844 4817
f 4817 4844 4830
f 4830 4831 4806
f 4811 4818 4820
f 4831 4819 4806
f 4819 4867 4832
f 4820 4875 4853
f 4835 4856 4808
f 4848 4840 4693
f 4762 4859 4858
f 4810 4859 4762
f 4828 4841 4805
f 4805 4841 4814
f 4815 4851 4828
f 4814 4841 4852
f 4815 4842 4851
f 4814 4852 4816
f 4816 4852 4823
f 4829 4755 4811
f 4867 4846 4832
f 4854 4845 4833
f 4846 4854 4782
f 4777 4834 4812
f 4813 4812 4834
f 4802 4813 4809
f 4839 4821 4837
f 4848 4821 4839
f 4822 4888 4810
f 4826 4860 4849
f 4861 4841 4828
f 4823 4852 4843
f 4865 4842 4829
f 4843 4844 4823
f 4873 4819 4831
f 4820 4853 4811
f 4819 4873 4867
f 4855 4834 4777
f 4813 4869 4809
f 4857 4840 4848
f 4878 4860 4826
f 4861 4828 4862
f 4841 4861 4863
f 4862 4828 4851
f 4863 4852 4841
f 4871 4842 4865
f 4844 4843 4882
f 4829 4811 4866
f 4865 4829 4866
f 4874 4846 4867
f 4846 4868 4854
f 4854 4868 4845
f 4891 4835 4836
f 4809 4876 4837
f 4847 4838 4920
f 4838 4825 4896
f 4870 4786 4840
f 4870 4878 4786
f 4810 4888 4859
f 4822 4827 4879
f 4879 4827 4850
f 4852 4863 4864
f 4851 4842 4871
f 4864 4843 4852
f 4872 4844 4882
f 4844 4872 4830
f 4872 4831 4830
f 4867 4873 4874
f 4874 4868 4846
f 4868 4875 4845
f 4856 4887 4824
f 4777 4824 4855
f 4887 4856 4835
f 4839 4857 4848
f 4858 4877 4825
f 4858 4892 4877
f 4857 4870 4840
f 4858 4859 4892
f 4822 4879 4888
f 4788 4849 4893
f 4788 4880 4850
f 4861 4862 4881
f 4861 4912 4863
f 4906 4862 4851
f 4864 4882 4843
f 4871 4865 4883
f 4865 4866 4883
f 4866 4811 4894
f 4872 4885 4831
f 4853 4894 4811
f 4890 4875 4868
f 4813 4834 4869
f 4891 4836 4909
f 4847 4909 4836
f 4809 4869 4876
f 4920 4838 4896
f 4839 4837 4876
f 4905 4857 4839
f 4880 4879 4850
f 4893 4880 4788
f 4864 4863 4898
f 4871 4913 4851
f 4956 4882 4864
f 4872 4882 4884
f 4883 4866 4900
f 4900 4866 4894
f 4872 4884 4899
f 4872 4899 4885
f 4885 4873 4831
f 4885 4889 4873
f 4889 4886 4873
f 4873 4886 4874
f 4890 4894 4853
f 4853 4875 4890
f 4886 4890 4868
f 4874 4886 4868
f 4847 4920 4909
f 4869 4904 4876
f 4870 4857 4910
f 4849 4860 4893
f 4882 4944 4884
f 4901 4885 4899
f 4885 4901 4889
f 4886 4895 4890
f 4890 4895 4894
f 4888 4911 4859
f 4878 4897 4860
f 4879 4923 4888
f 4862 4906 4881
f 4884 4944 4914
f 4900 4894 4902
f 4894 4895 4902
f 4924 4889 4901
f 4895 4886 4924
f 4924 4886 4889
f 4887 4918 4824
f 4918 4855 4824
f 4887 4835 4903
f 4876 4905 4839
f 4825 4877 4896
f 4857 4905 4910
f 4892 4926 4877
f 4859 4911 4892
f 4870 4897 4878
f 4861 4881 4912
f 4863 4912 4948
f 4863 4948 4898
f 4906 4851 4913
f 4956 4864 4898
f 4871 4883 4917
f 4902 4907 4900
f 4899 4915 4901
f 4895 4916 4902
f 4895 4924 4916
f 4855 4919 4834
f 4835 4891 4903
f 4834 4908 4869
f 4876 4904 4925
f 4925 4905 4876
f 4870 4910 4897
f 4897 4921 4860
f 4923 4879 4880
f 4871 4917 4913
f 4956 4944 4882
f 4883 4900 4907
f 4884 4914 4899
f 4902 4916 4941
f 4901 4958 4924
f 4951 4958 4901
f 4931 4891 4909
f 4908 4904 4869
f 4925 4904 4943
f 4927 4910 4905
f 4888 4922 4911
f 4888 4923 4922
f 4860 4921 4893
f 4883 4907 4935
f 4899 4914 4915
f 4903 4918 4887
f 4834 4919 4908
f 4931 4909 4920
f 4920 4896 4932
f 4932 4896 4926
f 4926 4896 4877
f 4928 4897 4910
f 4930 4923 4880
f 4893 4930 4880
f 4906 4949 4881
f 4883 4935 4917
f 4902 4941 4907
f 4918 4919 4855
f 4908 4945 4904
f 4945 4943 4904
f 4926 4892 4911
f 4897 4928 4921
f 4964 4944 4956
f 4915 4951 4901
f 4903 4936 4918
f 4891 4937 4903
f 4919 4945 4908
f 4920 4932 4931
f 4925 4927 4905
f 4927 4928 4910
f 4911 4933 4926
f 4922 4933 4911
f 4930 4947 4923
f 4881 4938 4912
f 4938 4948 4912
f 4939 4898 4948
f 4898 4939 4956
f 4917 4940 4913
f 4941 4916 4942
f 4937 4936 4903
f 4953 4919 4918
f 4919 4953 4945
f 4891 4931 4937
f 4943 4927 4925
f 4921 4929 4893
f 4947 4922 4923
f 4929 4934 4893
f 4893 4934 4930
f 4906 4913 4949
f 4935 4963 4917
f 4918 4936 4953
f 4943 4955 4927
f 4955 4928 4927
f 4932 4926 4933
f 4928 4929 4921
f 4917 4963 4940
f 4968 4958 4951
f 4924 4958 4916
f 4937 4931 4946
f 4943 4945 4954
f 4932 4946 4931
f 4954 4955 4943
f 4946 4932 4933
f 4928 4955 4929
f 4960 4933 4922
f 4907 4967 4935
f 4967 4907 4941
f 4916 4958 4942
f 4936 4952 4953
f 4937 4952 4936
f 4952 4937 4946
f 4955 4959 4929
f 4959 4934 4929
f 4947 4960 4922
f 4934 4947 4930
f 4881 4949 4938
f 4948 4969 4939
f 4974 4944 4964
f 4944 4974 4914
f 4957 4915 4914
f 4942 4950 4941
f 4953 4954 4945
f 4933 4960 4946
f 4913 4940 4949
f 4963 4935 4976
f 4935 4967 4976
f 4941 4950 4967
f 4957 4951 4915
f 4953 4952 4966
f 4954 4953 4966
f 4966 4952 4946
f 4966 4946 4960
f 4954 4966 4959
f 4955 4954 4959
f 4959 4966 4960
f 4959 4960 4947
f 4934 4959 4947
f 4961 4938 4949
f 4938 4970 4948
f 4961 4949 4940
f 4962 4956 4939
f 4956 4962 4964
f 4973 4914 4974
f 4965 4968 4951
f 4938 4961 4970
f 4948 4970 4969
f 4939 4969 4962
f 4958 4968 4942
f 4971 4961 4940
f 4963 4972 4940
f 4957 4914 4973
f 4965 4951 4957
f 4940 4972 4978
f 4962 4975 4964
f 4974 4964 4975
f 4972 4963 4976
f 4987 4965 4957
f 4950 4977 4967
f 4971 4940 4978
f 4980 4976 4967
f 4957 4973 4987
f 4942 4984 4950
f 4980 4967 4977
f 4968 4984 4942
f 4969 4970 4981
f 4975 4979 4974
f 4979 4973 4974
f 4950 4984 4977
f 4985 4961 4971
f 4969 4982 4962
f 4982 4975 4962
f 4979 4975 4982
f 4978 4972 4996
f 4972 4976 4996
f 4983 4976 4980
f 4987 4994 4965
f 4984 4968 4990
f 4968 4965 4990
f 4970 4961 4985
f 4996 4976 4983
f 4979 4986 4973
f 4977 4984 4988
f 4985 4981 4970
f 4969 4981 4982
f 4973 4986 4987
f 4980 4977 4992
f 4990 4965 4994
f 4981 4993 4982
f 4989 4986 4979
f 4992 4977 4988
f 4988 4984 4990
f 4971 4997 4985
f 4978 4997 4971
f 4985 4995 4981
f 4997 4995 4985
f 4995 4993 4981
f 4993 4989 4982
f 4982 4989 4979
f 4996 4983 4991
f 4989 4999 4986
f 4980 4992 4983
f 4988 5003 4992
f 5002 4988 4990
f 4994 5002 4990
f 4978 4998 4997
f 4978 4996 4998
f 4983 4992 4991
f 4986 4999 4994
f 4987 4986 4994
f 5002 5003 4988
f 4999 5002 4994
f 4995 4997 4998
f 5000 4993 4995
f 4996 4991 4998
f 5000 4989 4993
f 4989 5000 4999
f 4991 4992 5001
f 4992 5003 5001
f 5004 4995 4998
f 5000 5002 4999
f 5002 5001 5003
f 5000 4995 5004
f 4998 4991 5004
f 4991 5001 5004
f 5000 5004 5001
f 5000 5001 5002

