# https://github.com/mikedh/trimesh
v -0.75798091 -0.34402677 -0.05650184
v -0.75968302 -0.32067897 -0.05907240
v -0.75942718 -0.34148723 -0.03709557
v -0.76010176 -0.29663650 -0.05958265
v -0.76073243 -0.28380074 -0.05230063
v -0.75732922 -0.29140414 -0.03090818
v -0.75702665 -0.28352946 -0.01704333
v -0.75952930 -0.24283579 -0.07456770
v -0.76094412 -0.23746485 -0.05297465
v -0.75714839 -0.21303244 -0.05136849
v -0.75341067 -0.37451372 -0.03914294
v -0.74951219 -0.31862333 -0.02430673
v -0.75361204 -0.24971470 -0.09002902
v -0.75601515 -0.18349442 -0.08752362
v -0.75937884 -0.20480012 -0.07118724
v -0.75540920 -0.16174314 -0.07187517
v -0.75411592 -0.96499104 0.16494588
v -0.75371578 -0.40495158 -0.02670270
v -0.75259454 -0.37649998 -0.02952620
v -0.75550494 -0.30566182 -0.07724661
v -0.75001650 -0.31471915 -0.00313877
v -0.74767133 -0.30209653 -0.10332088
v -0.75110910 -0.28823666 -0.00231559
v -0.74572582 -0.24130548 -0.10118606
v -0.75457254 -0.25080959 -0.02903282
v -0.74714657 -0.24060085 -0.02739826
v -0.74295654 -0.20931484 -0.03457582
v -0.75145520 -0.12485633 -0.09599027
v -0.74841126 -0.98208554 0.15549000
v -0.74788438 -0.94430043 0.16573845
v -0.74265779 -0.40701273 -0.03091122
v -0.74377324 -0.37894183 -0.02545003
v -0.74656439 -0.38950025 -0.04199489
v -0.74960700 -0.35775156 -0.07128182
v -0.74778231 -0.33914939 -0.07828526
v -0.74723813 -0.33921390 -0.09344035
v -0.74929396 -0.32681798 -0.09612812
v -0.75199242 -0.30691939 -0.09467621
v -0.75044378 -0.15869599 -0.05910395
v -0.74818989 -0.09519844 -0.08416266
v -0.74758687 -0.97351945 0.17579091
v -0.75099079 -0.95858387 0.14653817
v -0.74327310 -0.41188063 -0.07044397
v -0.74465821 -0.37742021 -0.05632256
v -0.74497620 -0.39256165 -0.07251952
v -0.73626905 -0.36146251 -0.10415460
v -0.74339946 -0.33219975 -0.10751400
v -0.74111499 -0.30350002 0.00961694
v -0.73815709 -0.24360168 -0.02195261
v -0.74602665 -0.18710224 -0.10577120
v -0.74362720 -0.09889926 -0.07081256
v -0.74657385 -0.08006434 -0.09974909
v -0.73808036 -0.98911294 0.13556654
v -0.74201680 -0.38966590 -0.06279061
v -0.74074653 -0.36303175 -0.08749107
v -0.74267822 -0.31941205 -0.11025116
v -0.74236287 -0.27490723 -0.00120333
v -0.73488310 -0.24429245 -0.10768576
v -0.74012812 -0.15039076 -0.04996380
v -0.74084829 -0.11300011 -0.06168970
v -0.74063397 -0.11316497 -0.11552357
v -0.74366765 -0.97619953 0.13181154
v -0.74166554 -0.93889463 0.13858347
v -0.73839276 -0.41485436 -0.07530449
v -0.73339079 -0.38959696 -0.06145559
v -0.73819337 -0.38308946 -0.03421527
v -0.73140143 -0.34253293 -0.11378937
v -0.73159631 -0.34199519 -0.00790854
v -0.74074016 -0.33375138 -0.00083060
v -0.73724992 -0.33347073 -0.02278274
v -0.72890660 -0.30971645 0.01416118
v -0.73774128 -0.31255232 -0.11314925
v -0.73792169 -0.29165397 0.00826863
v -0.72825015 -0.28208276 0.00348135
v -0.73558965 -0.98473967 0.17828204
v -0.73568830 -0.37431292 -0.08440111
v -0.73096370 -0.41370571 -0.06958271
v -0.73650755 -0.41343169 -0.06221754
v -0.73662052 -0.38145226 -0.04660498
v -0.73398297 -0.34838599 -0.03127029
v -0.73229575 -0.32587305 -0.03162548
v -0.72791315 -0.26683465 -0.00919011
v -0.72649594 -0.19567963 -0.03319206
v -0.73150527 -0.15509674 -0.04350256
v -0.73524480 -0.16617824 -0.11693722
v -0.73798550 -0.08533368 -0.12109433
v -0.73662101 -0.96080918 0.18634165
v -0.71869925 -0.94757557 0.18467608
v -0.73879844 -0.94648431 0.18082747
v -0.72860947 -0.92753707 0.15804840
v -0.72740967 -0.38775212 -0.06556141
v -0.72796805 -0.38114478 -0.05247681
v -0.71979505 -0.37430781 -0.09965934
v -0.72250984 -0.36509718 -0.10782877
v -0.73037959 -0.32931491 -0.05919341
v -0.73330951 -0.32764813 0.01173082
v -0.72710395 -0.29652182 -0.03634349
v -0.72960094 -0.26297296 -0.10778556
v -0.72737362 -0.22427846 -0.11136310
v -0.72520739 -0.14483915 -0.12454690
v -0.72882169 -0.05642036 -0.06682631
v -0.72906189 -0.03211260 -0.10491221
v -0.72933563 -0.99521783 0.15655952
v -0.72088303 -0.92855709 0.16459947
v -0.72657874 -0.38047066 -0.07903485
v -0.72105683 -0.37250132 -0.06625198
v -0.72503938 -0.34343144 0.00067563
v -0.71428795 -0.32992606 0.00889157
v -0.72309150 -0.31976484 -0.11451205
v -0.71951939 -0.29214564 -0.10482867
v -0.72641928 -0.24415151 -0.02409354
v -0.71893954 -0.08851346 -0.05301769
v -0.72891053 -0.07215105 -0.12771186
v -0.72792757 -0.07563041 -0.06119887
v -0.73254672 -0.04243580 -0.07747031
v -0.73269821 -0.05945485 -0.11793769
v -0.72923452 -0.02174995 -0.08782899
v -0.70708862 -0.98633959 0.17532400
v -0.71473294 -0.97414844 0.18595724
v -0.71559215 -0.31733296 -0.08690897
v -0.72139124 -0.27228705 -0.01864716
v -0.71888412 -0.25386937 -0.10393986
v -0.71995418 -0.25783065 -0.02975664
v -0.71952459 -0.16953973 -0.03764505
v -0.72148551 -0.08595976 -0.13342496
v -0.71057603 -0.99782239 0.14751771
v -0.72880581 -0.97789945 0.10638928
v -0.71724144 -0.96031903 0.18918143
v -0.72419440 -0.95304532 0.09600374
v -0.71284001 -0.94299600 0.18456284
v -0.73340217 -0.93047534 0.13618032
v -0.70965598 -0.37160661 -0.08562713
v -0.71418762 -0.34637821 -0.11035692
v -0.70646868 -0.35926232 -0.08492326
v -0.71600796 -0.34322216 -0.00571681
v -0.71851597 -0.33520671 -0.02157842
v -0.71502340 -0.30880553 0.00891059
v -0.71902887 -0.29314470 -0.01930394
v -0.71159172 -0.32000937 -0.09959238
v -0.71802987 -0.29546919 -0.08224411
v -0.71567387 -0.27710663 -0.09171256
v -0.71569285 -0.25879667 -0.09931632
v -0.71846443 -0.26991700 -0.05712201
v -0.71148632 -0.21195583 -0.11043466
v -0.70517345 -0.13366454 -0.12852627
v -0.71348373 -0.00025471 -0.06042395
v -0.71173451 0.03402441 -0.08123287
v -0.72011568 -0.99507413 0.11939273
v -0.70850972 -0.93901947 0.20212062
v -0.70816847 -0.93555972 0.17309936
v -0.70923544 -0.91981440 0.13120536
v -0.70901308 -0.36206566 -0.10106455
v -0.70749165 -0.32812126 -0.01176517
v -0.70949164 -0.31060485 -0.00168631
v -0.71271058 -0.22809691 -0.03675043
v -0.71702375 -0.19992693 -0.03418405
v -0.71396785 -0.17502549 -0.12016566
v -0.70902059 -0.07828721 -0.13837008
v -0.71747747 -0.04694457 -0.05756520
v -0.71353494 0.02340937 -0.07065795
v -0.70050099 -0.97434009 0.04946342
v -0.70285122 -0.95328365 0.05274562
v -0.71146019 -0.96160045 0.21263733
v -0.70514290 -0.21477489 -0.10373782
v -0.70658576 -0.99666630 0.10303361
v -0.71004187 -0.99002270 0.08591241
v -0.69655631 -0.99410964 0.19225641
v -0.70016681 -0.94410018 0.21980835
v -0.70572158 -0.93489294 0.07475637
v -0.70625045 -0.92495030 0.09236270
v -0.69953014 -0.16090728 -0.11878537
v -0.70826167 -0.15233456 -0.04123209
v -0.70187505 -0.08528420 -0.05020565
v -0.71505351 -0.04267008 -0.12807385
v -0.69935729 0.05835796 -0.09281335
v -0.68986475 -0.97720091 0.22362865
v -0.70925774 -0.24657952 -0.08506324
v -0.70948073 -0.20578216 -0.03830648
v -0.70994725 0.00377067 -0.11133245
v -0.69056095 -0.99783926 0.07996660
v -0.68246276 -0.99454108 0.03501724
v -0.68282944 -0.99756394 0.05451281
v -0.69359852 -0.99391096 0.15451029
v -0.69316015 -0.95714282 0.22768972
v -0.70206208 -0.21258841 -0.05219932
v -0.69671255 -0.15568251 -0.04628346
v -0.70537275 -0.13043898 -0.04470649
v -0.70405075 -0.05945373 -0.05092462
v -0.69858745 -0.03812484 -0.13291929
v -0.68951516 -0.01526788 -0.12843580
v -0.69713213 0.04261424 -0.04862274
v -0.67066445 0.09721835 -0.02759056
v -0.68826018 0.09052984 -0.04766656
v -0.70025708 -0.98668991 0.20834355
v -0.69654175 -0.92621047 0.15724118
v -0.69078728 -0.18964129 -0.08233629
v -0.69180776 -0.16868689 -0.05263897
v -0.68694052 -0.09932400 -0.05206737
v -0.68972927 -0.07892753 -0.05098926
v -0.68932555 0.02347942 -0.11800193
v -0.69848214 -0.99861484 0.13392670
v -0.67970865 -0.99891701 0.17030047
v -0.68982699 -0.98629749 0.03361626
v -0.68092470 -0.93845123 0.00046993
v -0.69304973 -0.93051587 0.20873783
v -0.68625123 -0.92492264 0.04573881
v -0.69406008 -0.92364938 0.19187966
v -0.68877581 -0.92158033 0.14366656
v -0.68071621 -0.15203402 -0.09911208
v -0.67316996 -0.07761106 -0.13066955
v -0.69077340 -0.07302505 -0.13835281
v -0.67587631 0.00616359 -0.12489102
v -0.68151524 0.12235606 -0.05196782
v -0.67057906 -0.99924759 0.15030486
v -0.67677883 -0.99438888 0.20242835
v -0.67645433 -0.98751296 0.21519208
v -0.68691486 -0.15193349 -0.11104664
v -0.68140307 -0.12355411 -0.05647529
v -0.67893011 -0.02554470 -0.12997242
v -0.69813358 -0.00300597 -0.04676958
v -0.67726032 0.04878643 -0.03317728
v -0.68747614 0.10624204 -0.06747574
v -0.66664394 -0.99801387 0.17915538
v -0.67639108 -0.97122055 0.22563121
v -0.67489051 -0.95091872 -0.02128515
v -0.68420367 -0.93054810 0.02035951
v -0.68724061 -0.92006624 0.06613216
v -0.68111062 -0.99960957 0.10148839
v -0.67326678 -0.91660897 0.03644969
v -0.69444502 -0.91697946 0.11449248
v -0.67612047 -0.91761460 0.17264515
v -0.67801998 -0.91416480 0.01436410
v -0.67310364 -0.13513001 -0.08071592
v -0.67028684 -0.04897787 -0.12949391
v -0.68100586 0.00045775 -0.04051579
v -0.67293598 -0.97902220 -0.02211828
v -0.67697951 -0.94117435 0.22252750
v -0.67567315 -0.89195837 -0.00409843
v -0.67242637 -0.08378543 -0.05760351
v -0.68247664 -0.04723184 -0.04769551
v -0.68734460 0.06375902 -0.10338103
v -0.66191750 0.14269249 -0.02241099
v -0.67181537 -0.92492576 0.19900858
v -0.66311250 -0.91649253 0.14255851
v -0.67157638 -0.85333423 0.02036683
v -0.66881585 -0.82121661 0.00896184
v -0.66917239 -0.30969303 0.03952297
v -0.66773770 -0.31746193 0.07008479
v -0.67087950 -0.28613345 0.04808697
v -0.66926602 -0.28554623 0.08447924
v -0.66940332 -0.24095631 0.08890702
v -0.67083184 -0.23250749 0.05543999
v -0.66694247 -0.20872936 0.02860863
v -0.66539893 -0.17621402 0.04526887
v -0.66754787 -0.09914741 -0.11654401
v -0.66153779 -0.04324138 -0.05240549
v -0.67404207 -0.99797358 0.12663877
v -0.66120378 -0.99581350 -0.01023136
v -0.66189878 -0.97185050 -0.03903683
v -0.67205552 -0.95765434 0.22576522
v -0.67014070 -0.87954642 -0.01741439
v -0.66694443 -0.78947023 0.01500133
v -0.66027441 -0.30848675 -0.00141521
v -0.66887135 -0.28581045 0.02714469
v -0.66162264 -0.27049146 -0.00177443
v -0.66039102 -0.20441737 0.00387827
v -0.66867139 -0.11087876 -0.07049135
v -0.66642913 0.04896583 -0.11551579
v -0.67451773 0.12725264 -0.07762667
v -0.65863693 0.13295935 -0.08986715
v -0.66751706 0.15281593 -0.06456915
v -0.65519128 -0.98872562 -0.03405398
v -0.66184374 -0.91283010 0.05814980
v -0.66891458 -0.90596288 0.03534011
v -0.66265497 -0.84828253 0.04090752
v -0.66365070 -0.81029631 -0.00642735
v -0.66162469 -0.33667971 0.09277247
v -0.66439834 -0.29411877 0.10494454
v -0.66450293 -0.19001915 0.09969926
v -0.66727064 -0.18505715 0.07526099
v -0.65995436 -0.07346923 -0.11926726
v -0.66082047 -0.06512768 -0.06068819
v -0.65927681 0.17404256 -0.04149065
v -0.66423429 0.94486281 0.01648025
v -0.66089696 0.95985432 0.01262392
v -0.66666857 -0.99982121 0.04388819
v -0.65333075 -0.98822857 0.19758700
v -0.65682299 -0.97884499 0.21249536
v -0.65720158 -0.96196557 0.22090635
v -0.65767092 -0.94695045 0.21633093
v -0.65185596 -0.93214261 0.19324616
v -0.66143590 -0.92065005 0.17284752
v -0.65980935 -0.89102587 -0.03417845
v -0.65728346 -0.79917587 -0.01480717
v -0.66307517 -0.78394888 0.03983935
v -0.65839666 -0.71682139 0.04546412
v -0.66110895 -0.72050438 0.01302654
v -0.66104838 -0.70994412 0.03237674
v -0.65810921 -0.37825982 0.04493382
v -0.66032398 -0.26466596 0.12340290
v -0.65055876 -0.23281196 -0.02650729
v -0.64687142 -0.09699190 0.01389776
v -0.65689751 -0.11675655 0.06954173
v -0.65404106 -0.07009486 -0.10987491
v -0.65206134 -0.02752912 -0.11618238
v -0.66598276 -0.02962572 -0.04647958
v -0.66115350 0.01019276 -0.12185131
v -0.65388191 0.08896073 -0.02014744
v -0.65561402 0.16772276 -0.06890838
v -0.65561402 0.17128655 -0.06511069
v -0.65565756 0.17135156 -0.06497076
v -0.65561042 0.90690664 0.02903301
v -0.64860365 0.96501669 0.02128204
v -0.65510030 -0.99833855 0.13380099
v -0.65589764 -0.90539070 0.04878161
v -0.64874027 -0.85083873 0.05397539
v -0.65109179 -0.77265727 0.05789313
v -0.65494674 -0.66853794 0.02487345
v -0.64676103 -0.41120601 0.08997702
v -0.65354212 -0.39910297 0.06560438
v -0.64803218 -0.18444889 -0.02031747
v -0.65003488 -0.10749692 0.10466487
v -0.65460193 -0.08530465 -0.09540458
v -0.64814774 -0.05135176 -0.07160201
v -0.65315872 0.17128655 -0.06890838
v -0.64668881 0.89435059 0.03643354
v -0.65624910 0.95203085 0.02836827
v -0.64367378 -0.97673436 -0.05041222
v -0.64654357 -0.95859967 -0.04950469
v -0.64654626 -0.80638239 -0.02731326
v -0.64927124 -0.70724512 -0.00808314
v -0.64782686 -0.26237558 0.15066415
v -0.65100091 -0.23139205 0.16435371
v -0.64775102 -0.17958576 0.16382633
v -0.65718924 -0.19091892 0.12462456
v -0.65060322 0.01073441 -0.11706309
v -0.65962894 0.02046901 -0.03530571
v -0.64731134 0.06583553 -0.11003019
v -0.66568931 0.08622316 -0.10471338
v -0.64235649 0.82064768 0.03165174
v -0.64558261 0.89031456 -0.01228086
v -0.64857353 0.93561063 0.03193827
v -0.65159042 0.95656390 -0.00084333
v -0.64768090 -0.92536166 0.17190997
v -0.63541062 -0.91603979 0.12146343
v -0.64732054 -0.89537069 -0.04301285
v -0.65320981 -0.72035677 0.05606059
v -0.63449877 -0.64545302 0.07467925
v -0.63504137 -0.61005957 0.07195374
v -0.64397195 -0.61143752 0.02789946
v -0.65204211 -0.38450526 0.01355577
v -0.64696026 -0.36456356 0.12396685
v -0.64799626 -0.34295818 -0.02046814
v -0.64992976 -0.26242336 0.16671854
v -0.63991285 -0.23957895 -0.04536862
v -0.64562459 -0.18761610 0.14933755
v -0.64347489 -0.04274633 0.03870376
v -0.63824650 0.02035781 -0.10750156
v -0.64487452 0.02383478 -0.03747754
v -0.64052507 0.07142702 -0.02352823
v -0.64517476 0.14100623 -0.00903457
v -0.64933705 0.85609495 0.00964262
v -0.64972576 0.86381987 0.03003851
v -0.65092227 0.88243908 -0.00149706
v -0.64098534 0.85044074 0.04024107
v -0.66042030 0.94689041 0.00310224
v -0.64908292 -0.99258305 0.17717241
v -0.62119875 -0.98843499 -0.04620766
v -0.63042245 -0.95691963 -0.05418572
v -0.64299614 -0.94529480 0.23093536
v -0.64065739 -0.93144349 0.21461982
v -0.63864788 -0.90826920 0.06089583
v -0.63424763 -0.83256114 -0.03769184
v -0.64172235 -0.73054979 0.06802531
v -0.64410281 -0.61585582 0.05445937
v -0.64242605 -0.31082804 0.15147384
v -0.63018307 -0.30135137 0.19403396
v -0.62712189 -0.08604904 -0.02681129
v -0.63740761 -0.12549249 0.14335470
v -0.63871544 -0.11149464 0.15381744
v -0.63733460 -0.05099163 0.10514587
v -0.64095410 -0.02991611 0.06993428
v -0.64480020 -0.01643823 -0.05353959
v -0.65227997 0.17221472 -0.01804658
v -0.65481178 0.18090618 -0.05392839
v -0.63718516 0.87409587 0.03855302
v -0.64370307 0.92850450 -0.01144326
v -0.63361130 -0.99610254 0.20427496
v -0.64342000 -0.97182135 0.23318475
v -0.62652432 -0.96073600 0.23634917
v -0.63291971 -0.89487701 -0.04703658
v -0.62979928 -0.75246015 0.07244085
v -0.64252678 -0.69574863 -0.01339080
v -0.65018854 -0.67923491 0.00237038
v -0.64027865 -0.43993215 0.05379650
v -0.63845852 -0.33514615 0.16774537
v -0.63857957 -0.23022681 0.18876688
v -0.63544481 -0.19941528 -0.04667513
v -0.63996069 -0.03475762 -0.08500300
v -0.63372305 0.06636963 -0.10470067
v -0.63665916 0.10311191 -0.10165506
v -0.64579861 0.16507090 -0.08094128
v -0.63106737 0.17833251 0.00137344
v -0.64132860 0.20709712 -0.03333556
v -0.63947587 0.81934641 0.03921728
v -0.63343767 0.91102776 0.01610965
v -0.64073586 0.91636843 0.03158878
v -0.62951158 -0.99923667 0.13091268
v -0.64202044 -0.98626940 0.22197409
v -0.63108822 -0.89834452 0.05774255
v -0.64195080 -0.83521382 0.05956244
v -0.62536047 -0.69866665 -0.02396603
v -0.62351644 -0.67794073 0.08054349
v -0.63053449 -0.55096932 0.05793599
v -0.64232909 -0.43234124 0.03779950
v -0.63361186 -0.43848120 0.10033157
v -0.63935853 -0.41165645 -0.00375024
v -0.62723024 -0.39261151 -0.03938595
v -0.63135860 -0.08232614 0.13431373
v -0.62654785 -0.04587079 0.14411323
v -0.63320689 -0.05967098 -0.00748877
v -0.62765545 0.04230785 0.04930530
v -0.63316031 0.02012388 -0.10109593
v -0.62959600 0.15405084 -0.08962611
v -0.63647166 0.82173697 -0.01228071
v -0.62979754 0.81478067 0.04538948
v -0.63001625 0.86078193 0.03520143
v -0.63118031 0.88808077 -0.02541927
v -0.63416150 0.92390032 0.02600082
v -0.63604447 0.92541889 0.03020290
v -0.64557513 0.96315601 0.00795962
v -0.62659563 -0.99967306 -0.01299814
v -0.63269156 -1.00020175 0.09078171
v -0.61911909 -0.99333989 0.21273092
v -0.61466675 -0.93884279 0.22471326
v -0.62563155 -0.92199678 0.19263947
v -0.62976352 -0.63135933 -0.00449557
v -0.63113141 -0.55191178 0.03689716
v -0.62790588 -0.46795179 0.05371050
v -0.63136679 -0.35587624 0.15536002
v -0.64130108 -0.29577225 -0.04188066
v -0.62999548 -0.17256197 0.19132847
v -0.62427263 -0.17352801 -0.05548932
v -0.63894781 -0.15311164 0.17337001
v -0.62939371 -0.07721614 0.13827680
v -0.62943948 0.03074893 -0.04660113
v -0.63198280 0.77588179 0.03136588
v -0.62886130 0.77158668 0.00496972
v -0.62559778 0.91676605 0.01791967
v -0.62757879 0.92958382 0.03711617
v -0.61889814 0.94254260 0.01744618
v -0.63058761 -0.79853034 -0.03466700
v -0.61677833 -0.71443203 -0.02810801
v -0.63001738 -0.67674015 -0.01719226
v -0.62604278 -0.56929596 0.01345326
v -0.62062577 -0.55525103 0.08064690
v -0.62724851 -0.55224714 0.02349310
v -0.62767297 -0.46636772 0.04274914
v -0.62151832 -0.47240934 0.01906929
v -0.62803483 -0.35068441 -0.05182576
v -0.61393232 -0.28600955 -0.07648792
v -0.62658096 0.01025708 0.00190362
v -0.63232948 0.00256034 -0.09202193
v -0.62471183 0.02820523 -0.05810547
v -0.62669516 0.03563633 0.06934985
v -0.63028570 0.11000252 -0.01174172
v -0.63430780 0.20631209 -0.00931454
v -0.63405419 0.19841873 -0.06696564
v -0.62549974 0.53110976 0.07108276
v -0.62659947 0.57444372 0.08830207
v -0.62506638 0.74129064 0.02102954
v -0.62264579 0.76657465 -0.01518967
v -0.62887714 0.78222259 0.04343745
v -0.61818353 0.79654129 0.04320797
v -0.62487471 0.93980534 0.03220273
v -0.61348940 -0.99835531 0.13155772
v -0.62447685 -0.97908920 -0.05386553
v -0.62940597 -0.93082873 0.21887278
v -0.60862254 -0.92941398 0.20337435
v -0.63169118 -0.91897071 0.17282240
v -0.61975495 -0.81854779 0.06671159
v -0.61695148 -0.56958530 0.00357392
v -0.62521787 -0.51313990 0.06831576
v -0.61667084 -0.52718526 0.08362908
v -0.62415922 -0.51007544 0.02531064
v -0.62358799 -0.47086721 0.07606284
v -0.63381230 -0.39689272 0.13200313
v -0.61945326 -0.35134727 0.19328619
v -0.62596206 -0.25591926 -0.06400325
v -0.62139368 -0.03429245 0.13230409
v -0.62363710 0.05023562 0.02072577
v -0.62609627 0.06360750 -0.03154403
v -0.61618260 0.18050930 0.00820709
v -0.61534289 0.24491172 -0.03256765
v -0.61886225 0.44917882 0.13808131
v -0.62133997 0.47459077 0.10946822
v -0.61988420 0.49090989 0.14442101
v -0.61779172 0.53111011 0.03207479
v -0.62486221 0.62984742 0.04031149
v -0.62115947 0.63263404 0.10831899
v -0.62449082 0.65525491 0.06852934
v -0.61439397 0.72890928 0.05196950
v -0.61873160 0.72034422 0.04406338
v -0.62067416 0.76667381 0.04774144
v -0.61574864 0.78553274 -0.03397179
v -0.62494374 0.85236923 0.02080077
v -0.60991937 -0.92235920 0.16454932
v -0.63365518 -0.91159909 0.06839149
v -0.60663053 -0.90923516 0.05626008
v -0.61839137 -0.85062961 -0.04184036
v -0.61002217 -0.61509182 0.09011009
v -0.62349351 -0.43425650 -0.02019653
v -0.61947172 -0.02375844 0.12763172
v -0.61257493 0.01818611 0.13910484
v -0.61699952 0.02410579 -0.01498389
v -0.61917907 0.07733315 0.04938867
v -0.61603808 0.14495440 -0.08947817
v -0.62595275 0.14672456 -0.00126527
v -0.62723123 0.22084446 -0.05252146
v -0.61390600 0.52924892 0.15952235
v -0.61961010 0.57112596 0.01789059
v -0.62087225 0.56083912 0.12641832
v -0.61519785 0.58616161 0.14017876
v -0.61872059 0.61112331 0.00642319
v -0.61029743 0.66505452 -0.01744517
v -0.62100463 0.66402215 0.02824240
v -0.61594475 0.69946139 0.02028297
v -0.61434245 0.71324327 0.07142604
v -0.61610433 0.81732897 0.02146735
v -0.60711385 0.81839429 0.01781182
v -0.62651844 0.84567078 -0.03111750
v -0.62806030 0.90940671 0.01306372
v -0.60970982 0.91199302 0.04159366
v -0.59633067 0.92353522 0.02717729
v -0.60602965 -0.97557656 -0.05183703
v -0.61280697 -0.72696163 0.07769659
v -0.61332044 -0.61510583 -0.01007717
v -0.61745344 -0.52337590 0.01279871
v -0.61204429 -0.33015483 -0.07460223
v -0.62087650 -0.20562587 0.20705732
v -0.59784139 -0.23582352 -0.08966986
v -0.62933333 -0.10624445 0.17270722
v -0.61730840 -0.02089824 0.15210515
v -0.61131994 0.01428456 0.12266543
v -0.59705416 0.07929208 0.11304320
v -0.60882833 0.10523010 0.00775853
v -0.61798546 0.04519095 -0.07320645
v -0.61001263 0.10440603 -0.02141796
v -0.61853881 0.09912312 -0.09430242
v -0.60568049 0.12869258 -0.01114202
v -0.61477009 0.20505849 -0.07316292
v -0.60882642 0.20771094 0.01518578
v -0.61172990 0.40114067 0.19968227
v -0.61541879 0.42361940 0.17060271
v -0.61287332 0.44712418 0.11705624
v -0.61446117 0.46269498 0.09963679
v -0.61758958 0.49606180 0.06667461
v -0.61546268 0.62954961 0.13169490
v -0.60936581 0.68922945 -0.01056575
v -0.61962229 0.74158015 -0.01084810
v -0.61629195 0.70970020 0.04885817
v -0.60608641 0.76405423 0.04630867
v -0.61277469 0.78501045 0.03822614
v -0.61781422 -0.97983206 0.22831105
v -0.60638787 -0.91917170 0.09284218
v -0.60932611 -0.74173793 -0.03133482
v -0.60346975 -0.68479020 0.08233776
v -0.61085965 -0.48117850 0.09394860
v -0.60364338 -0.41066780 0.16547144
v -0.61427210 -0.39081285 -0.05665144
v -0.59948578 -0.39363430 0.19520966
v -0.61570343 -0.31936005 0.20707595
v -0.61449993 0.01342068 0.13349451
v -0.61531341 0.24414562 -0.01524473
v -0.60625170 0.37488618 0.23312041
v -0.60604007 0.38574560 0.24237995
v -0.61134240 0.41453962 0.13643425
v -0.61074485 0.42028590 0.15375372
v -0.61111240 0.46098485 0.19381150
v -0.61458280 0.43985854 0.18424334
v -0.60999853 0.46913343 0.05882415
v -0.60296486 0.55855422 -0.02049653
v -0.60905271 0.61150786 0.15049111
v -0.61046633 0.59791872 0.17636071
v -0.60627261 0.62585628 -0.02894196
v -0.61217246 0.61382662 0.16474433
v -0.61067087 0.61886774 0.18795397
v -0.60548098 0.64209477 0.15310643
v -0.60195847 0.72374314 -0.04185338
v -0.60671215 0.74798510 0.05607236
v -0.62351333 0.87822785 0.01488986
v -0.61090259 0.91015395 -0.02004877
v -0.60734930 -0.99916100 0.01731292
v -0.61101818 -0.99686105 0.17555137
v -0.60948412 -0.95987207 0.22884187
v -0.59907607 -0.91737831 -0.04261888
v -0.61131017 -0.89006377 -0.04476270
v -0.60766439 -0.86231311 0.05863467
v -0.61543696 -0.39088307 0.17441593
v -0.60710819 -0.27135833 0.22069471
v -0.61300109 -0.18600658 -0.07035325
v -0.60999651 -0.03559182 0.16995338
v -0.61020133 -0.00977925 -0.03446727
v -0.61801655 0.03805381 0.09466477
v -0.61553320 0.07860361 -0.08911125
v -0.60745302 0.09324758 -0.03194374
v -0.60847950 0.09294034 0.07944943
v -0.60453957 0.23783950 -0.05672656
v -0.60712917 0.38149822 0.18653864
v -0.60673553 0.39395966 0.14641784
v -0.60678644 0.39539911 0.18716182
v -0.60772606 0.41955815 0.10943722
v -0.61300986 0.45318830 0.08781694
v -0.61000695 0.57195337 0.15631838
v -0.60682172 0.58815129 0.15936535
v -0.59648517 0.66137175 0.16429030
v -0.61341762 0.68072408 0.11699619
v -0.59422357 0.74025325 0.11883565
v -0.60610428 0.77302402 0.02609514
v -0.60008916 0.88153420 0.01591273
v -0.61240853 0.93183613 -0.00344623
v -0.59958028 -0.99487899 0.11359580
v -0.60132917 -0.98869568 0.19111094
v -0.60105078 -0.97959109 0.20867480
v -0.59683647 -0.90639903 0.05088424
v -0.59501215 -0.82026289 -0.03235086
v -0.59891299 -0.77231112 0.06884354
v -0.61225862 -0.57556199 0.08938412
v -0.60394442 -0.56674109 -0.00440666
v -0.60447589 -0.53953914 0.09399016
v -0.60218703 -0.48898620 0.10093459
v -0.60858103 -0.48173689 0.00112600
v -0.60517744 -0.46193541 -0.02562408
v -0.61270421 -0.44064981 0.13662936
v -0.59818156 -0.44179387 -0.04911676
v -0.60698513 -0.08143911 -0.05205141
v -0.61139758 -0.11750575 0.19768773
v -0.60540516 0.05610648 0.12861270
v -0.59828532 0.09987524 -0.02123462
v -0.60191979 0.08730192 -0.05515366
v -0.61354364 0.06894643 -0.08187156
v -0.60021535 0.11178580 -0.02122855
v -0.59965861 0.14684851 -0.08146914
v -0.60254013 0.35561198 0.22170150
v -0.60120302 0.35217314 0.26658514
v -0.60005043 0.34830125 0.28312389
v -0.60389581 0.38053305 0.20798286
v -0.60190231 0.57621431 0.17192012
v -0.60214646 0.58687376 0.19561262
v -0.60229788 0.60960576 0.20583737
v -0.58904984 0.70440460 -0.05340918
v -0.59920449 0.75812729 0.08004185
v -0.60107906 0.76257023 0.05405376
v -0.59847149 0.76902149 0.02971339
v -0.59625735 0.83574215 -0.04818504
v -0.59823852 0.88934130 0.01814298
v -0.60629152 0.88038097 -0.03366425
v -0.60072721 0.89728016 0.02380873
v -0.61069503 0.90590254 0.03431137
v -0.59531761 0.89377210 0.04358475
v -0.59615717 -0.98949745 0.15310380
v -0.59820909 -0.99343416 -0.02717936
v -0.59569361 -0.97917839 0.18933309
v -0.59911097 -0.95457524 0.20980889
v -0.59909721 -0.77564155 -0.03179670
v -0.58863448 -0.69034686 0.07797953
v -0.60561088 -0.63607313 -0.01622572
v -0.60028546 0.04175198 -0.03502757
v -0.59710736 0.11984358 0.08731764
v -0.59793931 0.11153433 -0.02762875
v -0.59907079 0.12346784 -0.01106618
v -0.59492070 0.15596655 0.00773983
v -0.59451877 0.17977629 0.01420301
v -0.59644711 0.33328863 0.29540193
v -0.59666649 0.34732381 0.25713900
v -0.60025566 0.36296502 0.23196879
v -0.60166243 0.39635790 0.25729297
v -0.59683849 0.43099110 0.25415151
v -0.59340346 0.46664595 0.01823342
v -0.60075696 0.48019559 0.21583066
v -0.60345525 0.52094251 0.18956694
v -0.59709397 0.57155611 0.18389914
v -0.60356529 0.64932892 0.18266641
v -0.58787352 0.67975422 -0.06332696
v -0.60247033 0.68251574 0.14588626
v -0.58677712 -0.98968938 0.08003150
v -0.58728225 -0.97981140 -0.03711921
v -0.59286759 -0.96920937 -0.04521464
v -0.59418030 -0.96926446 0.18949292
v -0.59634369 -0.94423960 0.18967476
v -0.58787305 -0.93786686 0.11421230
v -0.59731947 -0.93094237 0.15244020
v -0.59885433 -0.91942102 0.06579099
v -0.59288268 -0.92752569 0.08864883
v -0.58997444 -0.86757691 0.04803279
v -0.59403373 -0.63517893 -0.01627079
v -0.59020488 -0.57659499 -0.00974563
v -0.58576142 -0.55415988 0.09914584
v -0.60932589 -0.46944663 0.11529958
v -0.58299612 -0.46194436 0.15426805
v -0.58972413 -0.32083382 0.22989393
v -0.59079600 -0.15301479 -0.08223220
v -0.58077099 -0.10207809 0.21877073
v -0.58739167 0.13099327 -0.05299852
v -0.59913348 0.15331883 0.00031383
v -0.59096141 0.18095080 0.05057214
v -0.59562866 0.16973492 0.03086860
v -0.59094056 0.21106321 0.02717277
v -0.57950897 0.27735290 0.00924764
v -0.59295606 0.32054180 0.27656533
v -0.58965268 0.31682635 0.24628139
v -0.60080305 0.35017343 0.21037095
v -0.59779618 0.33698326 0.25141455
v -0.59230898 0.33044002 0.28311568
v -0.59172075 0.36812349 0.31041081
v -0.59149659 0.56359133 0.19320816
v -0.60116947 0.63697630 0.20313366
v -0.60054755 0.77736278 0.02079979
v -0.58783325 0.80306176 0.01861781
v -0.59275438 0.88924216 0.02344738
v -0.58464457 0.90125926 0.04554218
v -0.59159602 -0.99504957 0.03911895
v -0.58277866 -0.95795353 0.11251284
v -0.59032033 -0.91802956 0.04835160
v -0.59548648 -0.84732937 0.05463366
v -0.58572678 -0.83572160 -0.02648163
v -0.59431706 -0.70206323 -0.02490925
v -0.58851951 -0.64630661 0.08579213
v -0.59819023 -0.53031621 -0.00369845
v -0.59291471 -0.49912293 0.10550173
v -0.58474322 -0.49880010 0.11146262
v -0.59678132 -0.22090535 0.22909020
v -0.58534213 -0.02168704 0.18872292
v -0.58915717 0.06129223 0.15287671
v -0.58443720 0.11808129 -0.03284257
v -0.58910351 0.12511244 -0.03317765
v -0.60749045 0.24110183 0.00608022
v -0.59102811 0.31607008 0.32303916
v -0.59483585 0.33122885 0.31611594
v -0.58404597 0.32381316 0.36284290
v -0.59333698 0.43277418 0.05058044
v -0.58807346 0.47018521 0.24825458
v -0.60064974 0.50702834 0.00234938
v -0.58899479 0.53401491 0.21100215
v -0.58174387 0.56643843 0.20470911
v -0.58979584 0.60258167 0.21913157
v -0.58743291 0.63585121 -0.06609018
v -0.58335195 0.74669799 -0.06328718
v -0.59068567 0.84311987 0.01752259
v -0.56178026 0.83798321 -0.05095632
v -0.58389060 0.87884475 0.04279150
v -0.59229708 0.92096559 0.00894575
v -0.58507565 -0.93405140 -0.03182556
v -0.58066905 -0.90460423 -0.02186000
v -0.58502034 -0.89766561 0.03933774
v -0.58303852 -0.82602997 0.04773521
v -0.58577267 -0.76348476 -0.02436742
v -0.57769027 -0.63997814 -0.01301357
v -0.58795212 -0.59295845 0.09430196
v -0.57399040 -0.45619723 -0.06037506
v -0.58727785 -0.42641476 0.18486982
v -0.58412084 -0.05959363 -0.06915169
v -0.59252096 0.09639507 0.13025416
v -0.59403683 0.10213852 0.12095355
v -0.59083858 0.13921876 -0.06969241
v -0.58753548 0.17411180 -0.07486015
v -0.60106895 0.19813737 -0.07687638
v -0.59236558 0.26174035 -0.03911454
v -0.58901439 0.27234101 -0.01424602
v -0.58774894 0.30504217 0.34990579
v -0.58320714 0.29357347 0.31637532
v -0.58643087 0.31302386 0.31133628
v -0.59118100 0.35147011 0.15410855
v -0.58504560 0.51320230 -0.02911802
v -0.60084352 0.80527537 -0.04914168
v -0.59217995 0.77800132 0.06962383
v -0.58318595 -0.98485529 0.08376175
v -0.58206917 -0.92783233 0.04305016
v -0.57673872 -0.91297952 0.02207268
v -0.58380036 -0.72593203 0.06902221
v -0.58747784 -0.49501181 -0.01292768
v -0.57916005 -0.43767268 0.17402398
v -0.57449027 -0.42012591 0.20154038
v -0.58497466 -0.37494680 0.21805934
v -0.57730346 -0.30305835 -0.10377016
v -0.58464959 0.17366777 0.07501417
v -0.58727441 0.23699042 -0.06305060
v -0.58235804 0.29415094 0.36882327
v -0.58079229 0.29883487 0.33625035
v -0.57486624 0.29585768 0.40390377
v -0.59129684 0.37697130 0.11385090
v -0.58455772 0.37697050 0.32276373
v -0.57548670 0.60007939 -0.07552504
v -0.58426615 0.79355093 0.02312271
v -0.58895545 -0.99392912 -0.01698902
v -0.57562571 -0.97503405 -0.02122073
v -0.58201346 -0.97645669 0.09980753
v -0.57441550 -0.93770379 0.02325017
v -0.57760126 -0.83209148 0.03902430
v -0.57610744 -0.77705760 0.05016160
v -0.58123873 -0.71013344 -0.01909174
v -0.57665881 -0.57191301 -0.00912918
v -0.57190206 -0.53865528 -0.00990508
v -0.57421455 -0.51653028 0.10744322
v -0.59565015 -0.36066494 -0.08317035
v -0.56013868 -0.35251227 0.24175707
v -0.58303996 0.03571959 -0.05374542
v -0.57708055 0.14008189 -0.03380818
v -0.58090124 0.14050939 0.10356067
v -0.57794547 0.15540581 0.11498350
v -0.58114966 0.20708606 0.05698244
v -0.58478452 0.23697188 0.03485336
v -0.56775096 0.22243486 0.07040060
v -0.58151592 0.32098501 0.18319442
v -0.58688942 0.58179010 0.21269205
v -0.58545995 0.62942764 0.22268938
v -0.58255662 0.67084420 0.18047338
v -0.57353306 0.72838279 0.16113211
v -0.57372368 0.77772642 -0.06657315
v -0.57498213 0.80885213 0.02095075
v -0.57725403 0.86739629 0.02202500
v -0.57674596 -0.98697701 0.00571667
v -0.57214505 -0.97597561 0.02262010
v -0.57688880 -0.94382010 0.05615407
v -0.57341212 -0.95846078 -0.01235465
v -0.57439543 -0.91838800 0.00130622
v -0.57914492 -0.89869261 0.02935270
v -0.57201233 -0.80716414 0.03379502
v -0.57516868 -0.81944392 -0.01293019
v -0.57429314 -0.72608918 -0.01284066
v -0.55681176 -0.48801809 -0.04691275
v -0.56066929 -0.39046677 0.22783839
v -0.58434987 -0.39801532 -0.08090440
v -0.55698521 0.08623722 -0.06308461
v -0.57855569 0.14658710 -0.03555515
v -0.55560545 0.28689875 -0.03269740
v -0.56567282 0.27437690 0.38886985
v -0.57283960 0.28037236 0.40732672
v -0.57318061 0.28487474 0.36398726
v -0.57267686 0.38541362 0.34092216
v -0.57273395 0.59013953 0.22674708
v -0.57874678 0.77838658 0.10703870
v -0.57513889 0.82099415 0.01979773
v -0.55227019 0.84618158 -0.04376898
v -0.56266087 0.85578537 0.04880871
v -0.57582854 0.89000442 -0.01958380
v -0.57129530 -0.96445670 0.03185853
v -0.56999042 -0.96429292 0.00758275
v -0.57144572 -0.84697580 0.01539247
v -0.56699758 -0.79347782 0.01858640
v -0.57229673 -0.84805012 0.00061017
v -0.56605043 -0.72489342 -0.00023061
v -0.57525895 -0.69221273 0.06949496
v -0.56654077 -0.51007334 -0.01355049
v -0.57493712 0.16257293 -0.05456081
v -0.56547346 0.16942556 -0.04289221
v -0.57179707 0.21809460 -0.06689169
v -0.57595895 0.29812886 0.23029807
v -0.55574797 0.28149193 0.20880688
v -0.57898547 0.34582105 0.12651358
v -0.57641852 0.39579994 0.05505538
v -0.57702704 0.45519746 -0.00088233
v -0.57423830 0.47377878 0.26929964
v -0.57121998 0.51382647 -0.04818369
v -0.58182396 0.65964681 0.20670570
v -0.56293186 0.73827092 -0.07655211
v -0.56585197 0.81268794 0.05496540
v -0.56846620 0.80970661 0.02715907
v -0.57058991 0.87339676 0.05289556
v -0.57333358 0.90463433 0.02717568
v -0.56159725 -0.72465576 0.01470797
v -0.55816305 -0.63291539 0.00162921
v -0.57256167 -0.57224877 0.09567687
v -0.56408860 -0.20784267 0.24956459
v -0.56300993 -0.06644540 -0.08404572
v -0.56527821 0.07744970 0.16689972
v -0.57028290 0.15743902 -0.03732898
v -0.56874210 0.18115167 0.10874500
v -0.56771715 0.18093196 0.09772784
v -0.57010585 0.27110070 0.36073517
v -0.56611896 0.26351011 0.44838297
v -0.55841254 0.26749002 0.42128681
v -0.56710910 0.27971505 0.43239374
v -0.56259425 0.28865246 0.03047243
v -0.57086695 0.28790691 0.45861227
v -0.56312245 0.31984859 0.13620842
v -0.58108835 0.57961509 -0.06400025
v -0.56488194 0.57262117 0.22120944
v -0.56439696 0.64455604 0.22712808
v -0.55902616 0.70798706 0.18662774
v -0.56413643 0.81046710 0.07094319
v -0.55880868 0.87339104 0.05382010
v -0.55999089 -0.71356914 0.02975766
v -0.56331894 -0.72531938 0.04078835
v -0.56419128 -0.59076207 0.08797634
v -0.56482783 -0.57050556 -0.00606383
v -0.55784845 -0.44848933 0.19098799
v -0.55279395 -0.31315731 0.25335012
v -0.58811678 -0.15936780 0.22734866
v -0.55650964 0.00573851 -0.07689736
v -0.57227863 0.13778271 0.13405340
v -0.56097861 0.16672481 -0.04290839
v -0.55260333 0.25269594 0.36919056
v -0.56945980 0.26851653 0.03896968
v -0.57007326 0.27077384 0.32667153
v -0.55088607 0.27825823 -0.04395353
v -0.55898044 0.29858847 0.00620413
v -0.55193773 0.29151766 0.17326341
v -0.56474876 0.52875586 0.24694342
v -0.55771350 0.67264663 0.20155011
v -0.55479129 0.82386726 0.02482039
v -0.53294449 0.78605214 -0.07048116
v -0.56580364 0.89141600 -0.00718724
v -0.56129662 -0.70013939 0.04671157
v -0.56753831 -0.70247365 0.05795875
v -0.55682655 -0.45331315 0.18112236
v -0.56664589 -0.24966842 -0.10983794
v -0.56062398 -0.15344757 0.24326389
v -0.54848546 0.21925580 0.09487455
v -0.55217363 0.24620166 0.45257056
v -0.54830235 0.30205798 0.04908661
v -0.56179651 0.29182064 -0.01687430
v -0.56007447 0.30295839 0.47488620
v -0.56056241 0.30909914 0.43946969
v -0.56313048 0.30765808 0.45668499
v -0.56160870 0.37431112 0.05698199
v -0.55533980 0.41578159 0.00449890
v -0.56346900 0.61129645 0.23512799
v -0.55156010 0.63367703 0.23300317
v -0.56089679 0.77691766 0.13405009
v -0.55533002 0.83230864 0.02301491
v -0.54353883 -0.61446184 0.04643569
v -0.55016746 -0.60890577 0.06761504
v -0.55407203 -0.60246591 0.07606702
v -0.55637526 -0.59727679 0.00073671
v -0.55490339 -0.52932996 0.10162562
v -0.55666476 -0.51637531 -0.01097081
v -0.56357788 -0.33638667 -0.10711826
v -0.56278003 0.01306899 0.19284548
v -0.54886175 0.08175145 0.17594608
v -0.55435469 0.13603423 -0.05420137
v -0.55321858 0.18742098 -0.05018532
v -0.56264207 0.19181702 -0.05728584
v -0.55375622 0.26204957 0.27533075
v -0.56320872 0.26772994 0.47389205
v -0.56803078 0.32520785 0.40380990
v -0.55053680 0.35376442 0.40506353
v -0.55483712 0.37545530 0.37798812
v -0.55996936 0.45238176 0.30595355
v -0.55057991 0.48737857 -0.05434617
v -0.56309272 0.66715724 -0.09695623
v -0.55678010 0.72180583 -0.09044117
v -0.56151736 0.80148740 -0.06478371
v -0.56388909 0.85846752 0.02754094
v -0.55758572 0.88899748 0.00503506
v -0.54982702 -0.64638136 0.02268642
v -0.53494444 -0.51236127 -0.03141534
v -0.54363093 -0.29285438 -0.11936132
v -0.57262174 -0.26411589 0.24669014
v -0.56517266 -0.19540972 -0.10488359
v -0.56490237 -0.12634626 -0.09342110
v -0.55605880 0.19678403 0.11577438
v -0.55498324 0.20877383 0.10535865
v -0.55451006 0.26001335 0.06547196
v -0.55279021 0.24914073 0.43684461
v -0.54928470 0.25039266 0.47534550
v -0.54542074 0.26286555 0.49072297
v -0.55204382 0.49476048 0.28407238
v -0.54597471 0.82787616 0.03099908
v -0.54533537 0.83519484 0.03122655
v -0.54819549 0.84338308 0.06004587
v -0.55063047 -0.62079673 0.01152405
v -0.53513235 -0.55640799 0.07392637
v -0.56626859 -0.51350683 0.11087718
v -0.56426582 -0.49715064 0.13877468
v -0.54505030 -0.43237840 0.21216047
v -0.55206268 -0.40135615 -0.09813837
v -0.52901994 -0.02415225 -0.09301311
v -0.55190029 -0.05260621 0.22131324
v -0.55818624 0.24778260 -0.05880661
v -0.55572827 0.25808263 0.39290830
v -0.52978332 0.26683255 -0.05601974
v -0.54565539 0.31389458 0.48019731
v -0.55075134 0.31279259 0.03042107
v -0.53806882 0.38639540 0.38571842
v -0.54741651 0.58555586 0.23052626
v -0.55455186 0.63612058 -0.10430374
v -0.54909533 0.64817122 0.22651325
v -0.54767390 0.82850735 0.02757672
v -0.54509188 0.82993843 0.05143403
v -0.53416784 0.85227115 0.05680239
v -0.52803319 -0.54323065 0.02462068
v -0.54121577 -0.53007151 0.09901332
v -0.52503711 -0.23777765 -0.12349797
v -0.54578082 0.21779563 -0.05800156
v -0.54800472 0.25061015 0.31316261
v -0.53518235 0.26805239 0.20819958
v -0.55266765 0.28586914 0.49083164
v -0.54414283 0.31103280 -0.01211757
v -0.54520558 0.32901870 0.44382643
v -0.54203780 0.33618724 0.03924078
v -0.53895597 0.35439084 0.05910111
v -0.54985779 0.55726654 -0.09004863
v -0.53237101 0.60635628 0.23277952
v -0.55163577 0.80771676 0.10240859
v -0.54076164 0.82874968 0.06567585
v -0.53352151 0.84303595 -0.03630225
v -0.55145905 0.87374179 0.04911465
v -0.54309937 -0.52527565 -0.00375224
v -0.52697519 -0.46453217 0.18808305
v -0.54359125 -0.45414286 -0.07842505
v -0.53165941 -0.19629273 -0.11761936
v -0.55196403 0.16134382 0.13958400
v -0.52644178 0.23768189 0.46180099
v -0.53316617 0.25149698 -0.05883310
v -0.53777547 0.25123681 0.27475321
v -0.54271068 0.32670490 0.46503279
v -0.53544622 0.35291647 0.04978407
v -0.54041669 0.36082254 0.02094071
v -0.54003224 0.36809437 0.03819768
v -0.54080710 0.38646458 0.01659255
v -0.53418414 0.39801229 -0.00101789
v -0.54260762 0.44309288 0.33298138
v -0.54310685 0.76613470 -0.07741087
v -0.52898772 0.83780262 0.06380358
v -0.54337920 -0.55887068 0.00611828
v -0.53762225 -0.53859680 0.08693172
v -0.53446550 -0.34478882 -0.11659527
v -0.53596133 -0.25305930 0.26404616
v -0.52910907 0.06598112 0.19132903
v -0.52967227 0.24800193 0.41934526
v -0.52138429 0.28837028 0.14718363
v -0.54658091 0.31243626 0.12553613
v -0.52258222 0.33502018 0.07607934
v -0.53325895 0.37365719 -0.00266917
v -0.53714351 0.36220822 0.41055908
v -0.54553278 0.32439435 0.00536123
v -0.52621772 0.49210780 0.30557042
v -0.52253589 0.62853681 -0.12529407
v -0.54023485 -0.59622892 0.02785154
v -0.54035980 -0.59551738 0.05439757
v -0.52660315 -0.43714737 -0.09387499
v -0.53102498 -0.39864152 -0.10620973
v -0.53802487 -0.37840783 0.24365439
v -0.53382972 -0.32240995 0.25961699
v -0.53808600 -0.10105334 0.24121427
v -0.53202856 0.14803987 -0.06522821
v -0.53319557 0.19231923 -0.06020686
v -0.52410486 0.23862125 0.11335723
v -0.53837689 0.22884121 0.11049155
v -0.53440773 0.24140822 0.35131993
v -0.53407678 0.23611799 0.09733976
v -0.52846107 0.27551548 0.49976342
v -0.53374572 0.31773525 0.06155756
v -0.51544776 0.32144336 0.09235300
v -0.52537511 0.33891768 0.06680160
v -0.52728869 0.34429494 -0.01962445
v -0.52649512 0.41124580 -0.01825032
v -0.51665760 0.45346581 0.33930825
v -0.51557399 0.46329828 -0.06223687
v -0.53786663 0.65730419 0.21711307
v -0.53855681 0.70513262 -0.11079325
v -0.52851004 0.80673929 0.12718019
v -0.51472328 0.82980920 0.09581879
v -0.53794435 0.86334773 -0.01594047
v -0.52503442 -0.54657458 0.04805022
v -0.52290225 -0.54138851 0.06302231
v -0.52769791 -0.42168660 -0.10307081
v -0.53334681 -0.09242789 -0.10137814
v -0.52701462 0.20269269 0.13289984
v -0.53636689 0.23976589 0.43895769
v -0.51745072 0.23875785 0.37207103
v -0.51229808 0.25338514 0.10058415
v -0.53883301 0.27026496 0.07610669
v -0.51169556 0.37735120 -0.02721224
v -0.53007594 0.57409486 0.24922419
v -0.52930786 0.63773831 0.22631610
v -0.51674065 0.84524292 0.04246546
v -0.52281222 -0.48512179 -0.06462426
v -0.52276385 -0.43529982 -0.10069010
v -0.51946214 -0.42634268 -0.13565400
v -0.52649184 -0.40772925 -0.11004588
v -0.51319960 -0.28624318 -0.12725629
v -0.50469245 -0.03600699 0.23228267
v -0.52555608 0.13012517 0.16783547
v -0.52051883 0.23986821 0.31078396
v -0.52036695 0.25059367 0.24902131
v -0.52029985 0.25034995 0.48670821
v -0.51809785 0.32647900 0.07231363
v -0.53041350 0.30949596 -0.03066500
v -0.52490741 0.33771740 0.44466166
v -0.51912987 0.38729475 0.39450468
v -0.53810704 0.52435610 0.27563487
v -0.52312517 0.58270325 -0.11622526
v -0.52901201 0.76397956 0.17194121
v -0.52040061 0.84112077 0.05732478
v -0.51687136 0.84327581 0.04881068
v -0.52979444 0.86291145 0.01568863
v -0.51922197 -0.54123495 0.04001373
v -0.52891208 -0.53486637 0.01187506
v -0.52222124 -0.54016354 0.07551467
v -0.52796282 -0.49150964 0.16716858
v -0.51783409 -0.43831345 -0.13421907
v -0.52290988 -0.42267694 0.22759970
v -0.50973444 -0.37261388 -0.11645213
v -0.50706725 -0.14904462 -0.11562258
v -0.53469343 0.03897529 -0.08232117
v -0.50366499 0.24854562 0.42242130
v -0.51251716 0.26141984 0.20543411
v -0.52406645 0.32593484 0.47679441
v -0.52394542 0.39763866 -0.01486401
v -0.52983780 0.54246008 -0.09781468
v -0.51889900 0.80946573 -0.05585748
v -0.50214399 -0.52445428 -0.02613498
v -0.51494849 -0.31801651 -0.12465733
v -0.53174892 -0.18280500 0.26030263
v -0.49438052 0.24707457 0.11791695
v -0.52165803 0.23665836 0.44983312
v -0.51327302 0.24291223 0.27599496
v -0.50771560 0.32355712 0.08098359
v -0.50599718 0.31072148 -0.04465248
v -0.51151083 0.50638668 -0.08983931
v -0.50825586 0.56706440 0.26289561
v -0.52680619 0.65004227 -0.12526418
v -0.51542810 0.66926814 -0.12924040
v -0.51031309 0.77493154 -0.09097325
v -0.49130276 0.84475926 0.06010448
v -0.52370850 0.83519422 0.06880286
v -0.51469210 -0.44632803 -0.13056722
v -0.51044096 -0.45317705 -0.09383364
v -0.51778747 -0.46052243 0.20186070
v -0.51541588 -0.40549405 -0.13827130
v -0.51915114 -0.38991548 -0.11568318
v -0.50195065 0.21383328 0.13587689
v -0.50064596 0.25069130 0.23596925
v -0.52494179 0.30439385 0.49486077
v -0.51310945 0.34821027 -0.02994270
v -0.50646655 0.64675830 0.23412448
v -0.49961993 0.80562866 0.14411003
v -0.50533006 -0.53373232 0.11892037
v -0.50773700 -0.50162867 -0.05331393
v -0.50258974 -0.46603839 -0.08391977
v -0.50165654 -0.44423916 -0.20990305
v -0.50173682 -0.38826695 0.24886083
v -0.50342210 -0.37686891 -0.12316456
v -0.50980294 -0.11092869 0.25158931
v -0.51005160 -0.00080700 -0.09453466
v -0.52099622 -0.00686868 0.21906598
v -0.50341348 0.12888171 -0.07756288
v -0.51444204 0.15473399 -0.07102589
v -0.49832070 0.25420561 0.48356768
v -0.50960737 0.27655682 0.49857409
v -0.49856083 0.29544840 0.08915266
v -0.50210306 0.39214205 0.39040005
v -0.50984739 0.48302167 0.31767902
v -0.50248211 0.56007943 -0.11793732
v -0.50183419 0.58372307 -0.12928578
v -0.50299827 0.63958113 -0.13571561
v -0.50661742 0.83819816 -0.01001328
v -0.50924106 0.84415383 0.03393636
v -0.49745157 -0.47778811 -0.18424956
v -0.50806603 -0.45406457 -0.17552748
v -0.50329331 -0.45488652 -0.20194149
v -0.48521553 -0.40580448 0.24216078
v -0.50358909 -0.21856094 0.26994301
v -0.51120351 0.14383053 0.16672171
v -0.49957888 0.23766797 0.31531455
v -0.49362256 0.23993887 0.36680415
v -0.48222183 0.25749699 0.10666735
v -0.48531415 0.33496489 -0.04155222
v -0.49346763 0.47144372 0.32694074
v -0.52451056 0.68542698 0.21585992
v -0.48930155 0.69225152 -0.13440978
v -0.51567522 0.74665167 -0.10777523
v -0.51170716 0.73900015 0.19504535
v -0.50664201 0.84271747 0.00651160
v -0.52278200 -0.51774150 0.14123619
v -0.49186600 -0.48376932 -0.17551535
v -0.50344779 -0.46268151 -0.12341563
v -0.49668891 -0.42485970 -0.20643477
v -0.50310171 -0.34409236 -0.12297373
v -0.49496590 0.24450497 0.46185574
v -0.51327244 0.24499366 -0.06371006
v -0.50853020 0.33596681 0.44529126
v -0.48843015 0.36451808 0.40923677
v -0.49915391 0.41497111 -0.03522475
v -0.50692715 0.83345872 -0.02295505
v -0.48891502 -0.53585844 -0.00436642
v -0.49185362 -0.48071185 -0.23111157
v -0.50004473 -0.46193979 -0.09060422
v -0.49161894 -0.46542527 -0.25062594
v -0.50349114 -0.35806558 0.25788730
v -0.49336439 -0.21496159 -0.12613256
v -0.49495677 -0.05113631 -0.10365454
v -0.50141935 0.04471555 0.20692737
v -0.49768797 0.12296627 0.17825468
v -0.49182605 0.24357161 0.26917183
v -0.49683077 0.31684124 0.47822689
v -0.48553425 0.45788081 -0.06762496
v -0.49307287 0.49845194 -0.09166363
v -0.49253137 0.52912970 -0.10693780
v -0.47680324 0.57849278 0.25918859
v -0.49486939 0.60750369 -0.13266678
v -0.50124668 0.60849055 0.24659869
v -0.49134523 0.72724705 0.20536368
v -0.50276036 0.72124741 -0.12420951
v -0.50169587 0.80295284 -0.07010003
v -0.47757347 0.84486556 0.00632335
v -0.48680236 -0.54283691 0.02297770
v -0.48928179 -0.54543912 0.05440016
v -0.47025604 -0.46649351 0.19625182
v -0.48680339 -0.40123743 -0.19449738
v -0.49504678 -0.31925564 -0.12770051
v -0.50079429 -0.30495565 0.26841156
v -0.48168927 0.28640152 0.14641583
v -0.49433446 0.32666064 0.44546133
v -0.47626976 0.39004698 -0.03670088
v -0.47506174 0.54492876 -0.11699099
v -0.51058101 0.82361837 -0.03956497
v -0.47659670 -0.46131613 0.20616478
v -0.46845333 0.21259651 0.13953224
v -0.48877536 0.25681573 0.42523715
v -0.48287686 0.27292168 0.48316534
v -0.49383544 0.29824843 0.48930943
v -0.47674083 0.30106934 0.45429775
v -0.47802977 0.43120979 0.35186977
v -0.49145322 0.54199876 0.28029679
v -0.48643131 0.58442146 -0.13393558
v -0.49706658 0.83344591 0.09926107
v -0.48148645 -0.49271594 -0.26871337
v -0.48425390 -0.47907627 -0.12426191
v -0.48169871 -0.47100659 -0.08373039
v -0.49220198 -0.46865657 0.19377057
v -0.46277937 -0.31358731 0.26627900
v -0.48000871 -0.19343082 -0.12389483
v -0.49787063 -0.16006995 0.26296580
v -0.49287439 0.06664072 -0.08788449
v -0.48044139 0.20260696 -0.07168796
v -0.48028716 0.24330696 0.29153655
v -0.47615787 0.26248505 0.45435172
v -0.48697224 0.26636370 0.19071606
v -0.47414001 0.28821390 -0.05866947
v -0.47888936 0.29900743 0.47294784
v -0.49078576 0.31846341 0.09322160
v -0.47800199 0.41964217 -0.04229263
v -0.47233719 0.60501053 0.24707414
v -0.48099411 0.66908281 0.22967989
v -0.49290520 0.64465868 -0.13864564
v -0.47939408 0.80270081 -0.07599041
v -0.47811252 -0.50113170 -0.21258300
v -0.48536916 -0.49808896 -0.06030245
v -0.47955586 -0.41721840 -0.23346735
v -0.49274811 -0.24384908 0.27200172
v -0.46729635 -0.08797277 -0.10876469
v -0.47647572 0.02971662 -0.09272108
v -0.47679013 0.24395014 0.33972451
v -0.47024384 0.26973145 0.19025866
v -0.48963683 0.31194410 0.08719141
v -0.47684914 0.78771088 0.16660516
v -0.47416154 0.82107309 -0.05373118
v -0.47587365 -0.54223964 0.09989238
v -0.47311766 -0.51855259 0.15193573
v -0.47730757 -0.49085800 -0.29199269
v -0.47489873 -0.47077920 -0.30190564
v -0.48232611 -0.44981540 -0.26755045
v -0.49163444 -0.27218657 -0.13026381
v -0.47616553 -0.04229685 0.23536137
v -0.48723540 0.16709095 0.16067106
v -0.47025778 0.25800453 -0.06487694
v -0.46281904 0.27055096 -0.06142392
v -0.47572684 0.26873370 0.43593596
v -0.47699299 0.30589927 0.44248043
v -0.46511316 0.61126200 -0.13720788
v -0.47930609 0.84782313 0.03741807
v -0.45473684 -0.52891562 -0.02098024
v -0.47937647 -0.50116046 -0.23665101
v -0.47307830 -0.34814862 0.26095622
v -0.47210033 0.27801898 0.46057942
v -0.47167657 0.27848637 0.44038040
v -0.46440238 0.75947160 0.18668565
v -0.47270519 0.76772517 -0.10411066
v -0.45545770 -0.52823912 0.13658664
v -0.46970371 -0.49910612 -0.17381570
v -0.48276783 -0.49700503 0.17430444
v -0.46357167 -0.47361577 -0.08132841
v -0.47956375 -0.44289519 0.22130876
v -0.46983448 -0.19520435 0.26742355
v -0.47928392 0.04927571 0.20732246
v -0.47051689 0.11125549 0.18423706
v -0.47651188 0.14953434 -0.07731270
v -0.47333619 0.25290259 0.24348803
v -0.45516880 0.26771706 0.21607305
v -0.46104294 0.27467195 0.39769070
v -0.46760948 0.31970271 0.08436669
v -0.47682116 0.31948501 0.09068276
v -0.46377516 0.49131986 0.30419885
v -0.46805158 0.53487501 0.27978656
v -0.46466663 0.58768951 -0.13642701
v -0.47340934 0.73012218 -0.12555332
v -0.46357000 0.83478499 -0.02541697
v -0.46863419 -0.51095277 -0.29372083
v -0.46493505 -0.51445424 -0.23572664
v -0.46042412 -0.48882706 -0.12088628
v -0.46172530 -0.43014084 -0.28044528
v -0.47705474 -0.36030020 -0.12287284
v -0.47403258 -0.11083805 0.25271638
v -0.46283412 0.02854492 0.21267170
v -0.45466373 0.17127600 -0.07240242
v -0.46857144 0.24787718 0.32297281
v -0.44600048 0.24238776 0.10722687
v -0.47581612 0.25573251 0.40200429
v -0.45520819 0.28113227 0.40858466
v -0.45684747 0.42852237 0.33986483
v -0.47153825 0.50104914 -0.09555491
v -0.44830632 0.54677604 -0.11699461
v -0.43530767 0.81485447 -0.05485338
v -0.45930996 0.84683603 0.04559074
v -0.45407341 -0.52676201 -0.29484612
v -0.46354535 -0.40895979 -0.24090895
v -0.46737348 -0.38618176 -0.18328829
v -0.45722051 -0.33770669 -0.12531888
v -0.46474491 -0.22539156 -0.12720323
v -0.46478889 -0.14840521 0.25993287
v -0.46255878 0.32579168 0.08787587
v -0.45951703 0.41482151 -0.03871264
v -0.46368074 0.43434268 -0.05190287
v -0.45319973 0.64032585 0.23163187
v -0.46749946 0.71047498 0.21292405
v -0.45347497 -0.51559307 -0.35828847
v -0.45915805 -0.49566683 -0.34786233
v -0.45654206 -0.38569689 0.24787396
v -0.46585758 -0.36531145 -0.13532766
v -0.44394120 0.07453105 0.19385174
v -0.45973512 0.25529882 0.28040341
v -0.46468539 0.29251236 0.09049550
v -0.45483060 0.32749460 0.07735126
v -0.45770847 0.35768992 -0.03549756
v -0.45899648 0.64978904 -0.14198088
v -0.44919206 0.79398371 0.15716780
v -0.44293747 0.79033271 -0.08391223
v -0.44751710 -0.50584250 -0.16283490
v -0.45077946 -0.49395303 -0.06396192
v -0.44650156 -0.44789611 0.21332414
v -0.45721172 -0.27041510 0.26887983
v -0.44511294 -0.25534179 -0.12672234
v -0.46067555 0.06836031 -0.08571297
v -0.46179621 0.17473079 0.15680480
v -0.46210204 0.24320095 0.12001277
v -0.44414304 0.29931009 0.07973798
v -0.46202668 0.26240271 0.38526158
v -0.44550941 0.28787512 0.37162068
v -0.45487742 0.29360687 0.14669248
v -0.45478023 0.33236590 -0.03918729
v -0.43390357 0.66559224 0.21866000
v -0.44241652 0.68892000 0.21587433
v -0.45791361 0.83864424 0.08820967
v -0.44623128 -0.53061924 -0.36028584
v -0.42505850 -0.51433575 -0.03681049
v -0.44422459 -0.50553975 0.16532014
v -0.46127836 -0.51123903 -0.04633468
v -0.45261709 -0.46043788 -0.33666780
v -0.44218656 -0.43648471 -0.31207578
v -0.45396285 -0.36157615 -0.12526206
v -0.44833396 -0.13546748 -0.11281464
v -0.44245676 -0.09592910 0.24402842
v -0.44200447 0.06929385 -0.08160836
v -0.45059789 0.26241495 0.29635313
v -0.44489989 0.26859183 0.27619741
v -0.44890627 0.26826341 0.35033792
v -0.45313849 0.29294984 0.40971753
v -0.45907419 0.30526890 0.12169588
v -0.44928687 0.49939367 -0.09240349
v -0.44367615 0.59298715 0.24014150
v -0.45263661 0.61327712 0.23813328
v -0.46054353 0.81888445 0.12858835
v -0.43093734 -0.54054113 0.01658680
v -0.44005469 -0.50067816 -0.39626358
v -0.43466029 -0.46648687 -0.08226172
v -0.44447331 -0.47095193 -0.36101745
v -0.44013263 -0.41492413 0.23209408
v -0.44490857 -0.37465348 -0.16924299
v -0.44944678 -0.35841001 -0.12093681
v -0.44137006 -0.21739494 -0.12299684
v -0.44477747 0.21121602 0.13572030
v -0.43284425 0.29388086 0.17985257
v -0.44594986 0.27710443 0.36619081
v -0.44384230 0.29022998 0.38748198
v -0.44799944 0.29440215 0.15099215
v -0.43696251 0.32474367 0.10869958
v -0.43932662 0.33102974 0.37601856
v -0.44080835 0.33927878 -0.02977094
v -0.44563880 0.34043762 0.07455435
v -0.45101885 0.35618043 0.37899134
v -0.42721775 0.83783084 0.00454627
v -0.45381580 -0.52640872 -0.32983651
v -0.46481026 -0.29363163 -0.13007909
v -0.42376503 -0.15513165 0.25181997
v -0.44039094 -0.00091484 0.21726149
v -0.44298511 0.24921293 -0.05973436
v -0.43701952 0.31181332 0.37767579
v -0.44019006 0.28644234 -0.04968968
v -0.43426318 0.47967729 -0.07522077
v -0.44880262 0.53170934 0.27238345
v -0.43017881 0.55010504 -0.11395666
v -0.44471748 0.58748918 -0.13347684
v -0.43322817 0.63046796 0.24128657
v -0.43551709 -0.51393579 -0.40961302
v -0.44535485 -0.47557934 -0.09636114
v -0.44679488 -0.20807256 0.26504700
v -0.44629315 -0.00357209 -0.09372070
v -0.44212241 0.13993608 0.16792162
v -0.41896045 0.28672352 0.07031063
v -0.42510031 0.30204458 0.32731828
v -0.44344319 0.38046756 -0.02725922
v -0.43108031 0.49744895 0.27801309
v -0.45056602 0.70097167 -0.13323183
v -0.42616060 0.70078179 -0.12769156
v -0.43500834 0.84064776 0.05713353
v -0.43038684 0.83609968 0.07409518
v -0.43003892 -0.54655826 -0.36580348
v -0.43511474 -0.53678383 -0.28732508
v -0.42579417 -0.53768397 -0.26953916
v -0.44133109 -0.54080560 0.10183314
v -0.43953100 -0.51775374 -0.19822902
v -0.42710281 -0.50685429 -0.42263886
v -0.43314066 -0.40682736 -0.25968734
v -0.43645764 -0.38653478 -0.20764072
v -0.41896828 -0.30655058 -0.12079903
v -0.43010691 -0.30748844 0.26050937
v -0.43817925 0.17832751 -0.06700325
v -0.42994169 0.22386655 0.11962158
v -0.42964885 0.30704914 0.35937211
v -0.43368793 0.34894058 0.05966860
v -0.43205527 0.35430349 0.06426197
v -0.42831897 0.36736321 -0.01188554
v -0.42692676 0.43774165 0.30598630
v -0.43647851 0.72894735 0.19702996
v -0.44544187 0.73586973 -0.12101383
v -0.42415613 0.77534681 0.16294264
v -0.42804766 0.81512663 0.12022485
v -0.43411815 0.84304870 0.03010976
v -0.44135611 -0.45465276 0.20041608
v -0.41780846 -0.42810961 -0.31313775
v -0.42426933 -0.39853295 0.23512503
v -0.41951322 -0.24502840 0.25974481
v -0.42401889 0.29301864 0.26052010
v -0.43647027 0.27931000 0.23575496
v -0.42980236 0.30597859 0.34069281
v -0.42504611 0.32619455 -0.01788076
v -0.42837285 0.39993732 -0.01519700
v -0.40601582 0.48710363 0.25970566
v -0.40911958 0.73273643 0.18165711
v -0.43437554 -0.52810816 -0.23265385
v -0.41408396 -0.53054595 0.11977649
v -0.44045342 -0.47967973 0.18568031
v -0.42059820 -0.48634212 -0.40685045
v -0.42025431 -0.45611583 -0.08942178
v -0.41745387 -0.42743632 0.21620868
v -0.41861054 -0.23410207 -0.11859146
v -0.40649754 -0.11818332 0.23777731
v -0.42574865 -0.15614268 -0.11020615
v -0.42280133 0.05499469 -0.07703458
v -0.42270879 0.11575130 -0.06820625
v -0.42383661 0.21975756 0.10918401
v -0.42077491 0.28750181 -0.03618200
v -0.41787765 0.32478896 0.33578729
v -0.43129059 0.41632805 -0.02481551
v -0.42038262 -0.54871927 -0.41765942
v -0.41561261 -0.54443221 -0.29052770
v -0.44312431 -0.54570381 0.05260948
v -0.41980642 -0.53288405 -0.25121545
v -0.40327518 -0.04806958 0.21678724
v -0.41975573 0.24903668 -0.04858632
v -0.41766613 0.30438917 0.21252656
v -0.41951308 0.32044543 0.31727919
v -0.42585179 0.36056836 0.04863257
v -0.42107321 0.57427194 0.23451995
v -0.40273241 0.57780975 -0.11258568
v -0.41384829 0.64476922 0.23503557
v -0.42750765 0.65519403 -0.13680465
v -0.41125053 0.67220947 0.20650020
v -0.40172373 -0.56109363 -0.37341155
v -0.41519892 -0.55141896 -0.32754296
v -0.41037656 -0.53816535 -0.45934057
v -0.42317927 -0.47299484 -0.07484612
v -0.41417426 -0.43262934 0.20539866
v -0.42123278 -0.40553101 -0.25823896
v -0.42255440 -0.37736042 -0.11649142
v -0.42750134 -0.36803251 -0.11523670
v -0.42611299 -0.06255249 -0.09695824
v -0.41586545 0.20145528 -0.05231984
v -0.41476512 0.25140180 0.08787293
v -0.41572403 0.31610556 0.03939153
v -0.42318097 0.31369264 0.05692857
v -0.41971611 0.32396224 0.13430904
v -0.41982689 0.36986429 0.03440411
v -0.41797648 0.35614540 0.01016925
v -0.41602269 0.39082100 0.01957205
v -0.41757362 0.40563803 0.00051418
v -0.41256797 0.50433321 -0.08009196
v -0.43071263 0.60447473 -0.13239597
v -0.42547059 0.59877122 0.24339168
v -0.41907041 0.82916227 0.08048638
v -0.40332706 -0.55187497 -0.32301267
v -0.42573346 -0.53759179 -0.42227696
v -0.40387990 -0.51983910 -0.46082506
v -0.41625151 -0.50570450 -0.18720199
v -0.40859914 -0.48513340 -0.15092702
v -0.41598751 -0.38512887 -0.15610195
v -0.43516530 -0.35602862 0.25317259
v -0.41411102 0.02535396 0.19915756
v -0.41970169 0.10315654 0.17445851
v -0.41406091 0.14782602 0.15354275
v -0.40312369 0.17877389 0.12700222
v -0.41501115 0.30849849 -0.01219042
v -0.41070467 0.31285548 0.01184426
v -0.40860469 0.32416660 0.28940164
v -0.41141473 0.33457700 0.29656520
v -0.41796693 0.36027019 0.33033091
v -0.41047338 0.39951851 0.30310913
v -0.41150852 0.59061241 -0.12213359
v -0.40748992 0.62239967 0.24130750
v -0.40133562 0.65698008 0.22179245
v -0.42340814 0.74818738 -0.10818754
v -0.39609289 0.87344053 0.06119307
v -0.40296179 -0.46345182 -0.38463226
v -0.40626000 -0.44906250 -0.35780217
v -0.42005758 0.18479307 0.13908351
v -0.40578574 0.29587439 0.04251942
v -0.40132961 0.32863840 0.24126794
v -0.41807706 0.30563331 0.29911041
v -0.41252410 0.37967559 0.04548844
v -0.39571203 0.44823831 -0.01957615
v -0.39657379 0.56456421 0.21960354
v -0.41141147 0.80105200 0.12724195
v -0.42106902 0.82996224 -0.01455409
v -0.39747043 0.84828261 0.07673838
v -0.39914091 -0.56318791 -0.44368430
v -0.40550438 -0.54102380 0.06840140
v -0.41412658 -0.53272476 -0.00011392
v -0.40665192 -0.51282596 0.14658610
v -0.40942647 -0.49327708 0.16777292
v -0.39890280 -0.46253370 0.18496814
v -0.40542351 -0.43290851 -0.09427823
v -0.41061283 -0.41982831 -0.29059014
v -0.40186216 -0.41167105 -0.10363664
v -0.39746308 -0.39913161 0.22172653
v -0.40528030 0.06926900 -0.06559707
v -0.41065524 0.19901872 0.10957972
v -0.37953740 0.25445907 -0.01770929
v -0.39459630 0.34220244 0.18490898
v -0.40670434 0.34278653 0.30651005
v -0.40901944 0.57524848 0.23039319
v -0.38780915 0.64001496 0.22570374
v -0.40264199 0.65710431 -0.12554909
v -0.41717558 0.72227420 -0.11769555
v -0.38436667 0.74759491 -0.08209756
v -0.40678450 0.82464838 0.07499711
v -0.39690448 0.86079868 0.07476173
v -0.39913275 -0.53973086 0.04087466
v -0.39920315 -0.54621036 0.05910455
v -0.40008666 -0.43591783 -0.10825333
v -0.39942265 -0.43210031 -0.09676512
v -0.39551935 -0.41925124 -0.12036382
v -0.39817334 -0.40459967 -0.20538907
v -0.40148480 -0.39783530 -0.15049089
v -0.40988848 -0.39091976 -0.11167541
v -0.40674330 -0.35503118 0.24404658
v -0.40686432 -0.19522275 0.25175081
v -0.39890369 -0.09179203 -0.08981618
v -0.40403943 0.34788867 0.27734670
v -0.39859962 0.33965131 0.26407286
v -0.39490436 0.39660061 0.04869827
v -0.39675565 0.40581017 0.27688619
v -0.38679310 0.46226849 -0.02067269
v -0.39265920 0.53499618 0.22658190
v -0.38573753 0.69147406 0.18233969
v -0.39850457 0.81782709 0.07958865
v -0.38833502 -0.59093077 0.06598878
v -0.39057327 -0.53981219 -0.30141231
v -0.39326114 -0.52529965 0.11609464
v -0.39900490 -0.50987026 -0.21421071
v -0.39643577 -0.48287606 -0.16519991
v -0.38947030 -0.51085011 -0.45999732
v -0.40484935 -0.46928927 -0.13273096
v -0.39522490 -0.44623768 -0.12630911
v -0.39197718 -0.45620518 -0.07427773
v -0.39058203 -0.40189266 0.20899544
v -0.40355542 -0.38941835 -0.10357090
v -0.40275896 -0.29561527 0.25190131
v -0.40449372 0.12871532 -0.05441336
v -0.40029618 0.19474433 -0.04053339
v -0.39114069 0.35455568 0.24543815
v -0.39787210 0.35507334 0.12243242
v -0.40925504 0.47525853 -0.05669506
v -0.39968502 0.53622587 -0.09023869
v -0.38907813 0.76863337 0.14166903
v -0.39333067 0.79695403 -0.04594142
v -0.40004422 0.83075862 0.05234565
v -0.40975244 0.84318882 -0.00501199
v -0.39201146 -0.55937169 -0.36649368
v -0.39004674 -0.54633995 0.03827968
v -0.39660380 -0.53720137 0.09266373
v -0.39081702 -0.45808548 -0.14708173
v -0.39142912 -0.46298789 -0.38358571
v -0.38962379 -0.45343482 -0.09014756
v -0.39681069 -0.40880978 -0.10145812
v -0.38837142 -0.15746023 0.23738056
v -0.39992600 0.17118387 0.11616465
v -0.38687605 0.19903058 -0.02571952
v -0.39471645 0.28972791 0.00440776
v -0.40487854 0.30049179 0.02824940
v -0.40774487 0.32558622 0.16775417
v -0.39576156 0.36254556 0.25607480
v -0.39339153 0.47573472 0.24773026
v -0.39549239 0.59392386 0.23480139
v -0.39342834 0.70651021 -0.10876283
v -0.39942215 0.82315069 0.05343492
v -0.39326857 0.82571824 0.04975217
v -0.40602395 0.81343597 -0.03463570
v -0.40438028 0.83145465 0.06296451
v -0.38033356 0.86085184 0.07217231
v -0.38569012 -0.59232780 0.08579248
v -0.38879441 -0.56652506 -0.41459669
v -0.39578624 -0.55863350 -0.47898559
v -0.39547155 -0.54416214 -0.48641122
v -0.38712098 -0.53389667 0.10646661
v -0.38357285 -0.52471806 0.11473054
v -0.38354734 -0.51746233 -0.25356820
v -0.39649399 -0.49914546 -0.04305558
v -0.38474334 -0.46033417 -0.15069381
v -0.38270582 -0.46171460 -0.07203740
v -0.38827166 -0.45090137 -0.12828054
v -0.38741725 -0.38188349 -0.09720583
v -0.38014730 -0.36653238 0.22425092
v -0.39132846 -0.22223478 -0.10639773
v -0.37671924 -0.15813261 -0.08794403
v -0.39390251 0.03261132 0.18571879
v -0.39893502 0.09555698 0.16571336
v -0.38384061 0.10477454 0.13253433
v -0.39558907 0.15396759 0.13509377
v -0.39480962 0.36387548 0.27319463
v -0.38186887 0.55605377 -0.08548726
v -0.38971201 0.59227794 -0.10726841
v -0.38992996 0.66850204 0.19273471
v -0.40810993 0.78078383 -0.07604612
v -0.40019085 0.87346906 0.04218267
v -0.38263727 -0.60561883 0.05030750
v -0.37404945 -0.57298698 -0.48847321
v -0.37310762 -0.55640556 -0.38295874
v -0.38683464 -0.48918585 -0.19512945
v -0.37631079 -0.49899076 0.14519677
v -0.37529258 -0.47116245 -0.05650530
v -0.38496003 -0.46332830 -0.16155719
v -0.37928863 -0.47452034 -0.12404763
v -0.38574424 -0.42772950 -0.16055757
v -0.38861944 -0.42202907 -0.13779929
v -0.37830028 -0.37523694 0.21308177
v -0.39139080 -0.34173530 -0.10621583
v -0.39126909 -0.29451246 -0.11061021
v -0.38173446 -0.25490190 0.24346525
v -0.36929019 -0.19296854 0.23150549
v -0.38512707 0.10892216 0.14489613
v -0.38488053 0.17032857 -0.02740946
v -0.38634359 0.19526356 0.09053257
v -0.38994992 0.24026691 -0.02904717
v -0.38414485 0.36235559 0.20397775
v -0.38348306 0.36939776 0.22380400
v -0.39598272 0.37764232 0.27954783
v -0.37899919 0.50876117 -0.05165140
v -0.38267947 0.61825481 0.22773177
v -0.36925202 0.76535866 -0.05161774
v -0.38148618 0.78622329 0.11286932
v -0.38449513 0.86778303 0.07485143
v -0.38531387 0.88089802 0.02325065
v -0.35554336 0.91101626 0.04640711
v -0.37415649 -0.60064228 0.03475851
v -0.38155487 -0.56978739 -0.50597623
v -0.37940534 -0.56517724 -0.41689236
v -0.36655626 -0.56743989 0.02062836
v -0.38408379 -0.53247179 0.02213868
v -0.37537293 -0.44213695 -0.29580189
v -0.37870161 -0.43752647 -0.19408905
v -0.38139259 -0.42622434 -0.15906600
v -0.38665897 -0.42262501 -0.25054040
v -0.38454297 -0.38953604 -0.10030841
v -0.37553140 -0.37211492 -0.09260209
v -0.37411450 -0.31832836 0.23398271
v -0.38205044 0.12510838 -0.03549575
v -0.37236523 0.17731529 -0.00344293
v -0.37477796 0.22941313 -0.02095912
v -0.38315603 0.37092049 0.14471135
v -0.38697456 0.37839934 0.23264592
v -0.38442513 0.38310844 0.24614194
v -0.37580654 0.52327026 0.20964932
v -0.38585963 0.57151809 0.20878571
v -0.37638623 0.59286736 0.21545719
v -0.37755711 0.65738481 0.18408194
v -0.36790597 0.72534859 -0.07687722
v -0.36600844 0.89690560 0.06637245
v -0.38058913 -0.95870053 0.24079715
v -0.37595344 -0.66869925 0.06948606
v -0.37709832 -0.56459340 -0.52359797
v -0.38178594 -0.54148384 -0.49921647
v -0.37377151 -0.53907621 -0.49936872
v -0.37635349 -0.52038333 0.11944952
v -0.36682414 -0.50851160 0.12609567
v -0.39258858 -0.51929140 -0.01358834
v -0.37541585 -0.50857622 -0.25345420
v -0.36642235 -0.49794637 -0.02562094
v -0.37996241 -0.48262002 0.16309565
v -0.37837291 -0.47295771 -0.10941266
v -0.39648919 -0.44011410 -0.33156807
v -0.38208660 -0.42443710 -0.21849274
v -0.37462808 -0.37966134 -0.09656228
v -0.37338728 -0.13342787 0.22307665
v -0.37498815 -0.07571334 0.20722834
v -0.37979114 0.08041178 0.15151057
v -0.37126254 0.16758708 0.07926851
v -0.37566234 0.20983081 -0.01781113
v -0.38454149 0.21610964 0.08283341
v -0.37983515 0.39240153 0.21356776
v -0.37535836 0.40041229 0.22182451
v -0.37697248 0.42598253 0.23206534
v -0.37171871 0.46639468 0.00181424
v -0.37843062 -0.97008663 0.21037716
v -0.36889392 -0.96493857 0.25928557
v -0.37320256 -0.94604646 0.19500896
v -0.37240638 -0.60575207 0.10412045
v -0.37072589 -0.56000362 -0.52566261
v -0.38259442 -0.49312176 -0.43601969
v -0.37593208 -0.48147224 -0.21289652
v -0.37980670 -0.47086123 -0.18528451
v -0.37624781 -0.47339182 -0.17435473
v -0.36850449 -0.47271130 -0.37715675
v -0.36895785 -0.45815295 -0.33636888
v -0.37350163 -0.43730030 -0.19196009
v -0.35243176 -0.33752112 -0.08389802
v -0.37476902 0.00881338 -0.05585074
v -0.37270792 0.02849733 0.16701326
v -0.36813758 0.10609249 0.11298887
v -0.37728684 0.16992528 -0.01504791
v -0.37622309 0.19675321 0.08029115
v -0.38469796 0.24279066 0.07596413
v -0.37763771 0.27579649 0.02847311
v -0.35117566 0.25110471 0.03809834
v -0.37465333 0.38619234 0.19951564
v -0.37848577 0.40737460 0.07087248
v -0.37432479 0.46123778 0.22104372
v -0.37024541 0.63759444 0.20196832
v -0.37337467 0.80378028 0.05256874
v -0.37739290 0.85822815 0.05509112
v -0.37525181 -0.98531314 0.21983829
v -0.37217917 -0.94034902 0.24666672
v -0.37428350 -0.66659391 0.05465190
v -0.36973396 -0.68199200 0.08920122
v -0.36861897 -0.67113472 0.04262521
v -0.37298639 -0.55417097 0.11250976
v -0.36510742 -0.52788607 -0.31343564
v -0.36482503 -0.52987118 -0.48257976
v -0.36229386 -0.50277643 -0.19878896
v -0.37051830 -0.48353432 -0.22997396
v -0.35939414 -0.46771474 -0.33838244
v -0.37088942 -0.45069236 -0.22747553
v -0.36857734 -0.44620196 -0.21506396
v -0.36145545 -0.42372080 -0.20485388
v -0.36806719 -0.40457848 -0.15863439
v -0.37703854 -0.08429541 -0.07539243
v -0.36501726 -0.03075667 0.18180239
v -0.37228421 0.04225512 0.15853146
v -0.37422779 0.40290181 0.19897835
v -0.35937487 0.49207822 -0.00067751
v -0.37140369 0.58102910 0.19015205
v -0.36511564 0.61315225 0.19775039
v -0.36616391 0.63526957 0.17520128
v -0.35652060 0.64487463 0.16003885
v -0.36981954 0.68365633 0.16896964
v -0.36895752 0.85628132 0.05018098
v -0.36487826 -0.99424887 0.22581862
v -0.36942317 -0.98251581 0.25110053
v -0.35971971 -0.94945668 0.26280373
v -0.36216875 -0.92676816 0.22666005
v -0.37089652 -0.93195921 0.21433728
v -0.36158824 -0.73613791 0.08277160
v -0.37189511 -0.57545799 -0.52367230
v -0.36366292 -0.57258606 -0.50711878
v -0.36151772 -0.56287239 -0.52507517
v -0.35744912 -0.54111977 -0.36941702
v -0.36933007 -0.52260283 0.01208281
v -0.37113647 -0.48959381 -0.41829630
v -0.37238923 -0.48757968 -0.16496676
v -0.36232579 -0.46724691 0.16296754
v -0.36475582 -0.46031998 -0.25035460
v -0.36839216 -0.44708302 -0.26577685
v -0.37751729 -0.44058539 0.18696120
v -0.36819274 0.01932515 0.15267812
v -0.36644352 0.00935364 0.16476643
v -0.37397355 0.04995810 0.14483469
v -0.37648991 0.16451780 0.09235404
v -0.36367416 0.15034018 0.00888584
v -0.36569003 0.17067745 0.07185206
v -0.36864461 0.18472729 0.07654089
v -0.36502623 0.21145950 0.08016978
v -0.36842471 0.41382011 0.20191618
v -0.35811581 0.44474942 0.07601472
v -0.36561613 0.45512189 0.20307307
v -0.36828269 0.58674600 -0.08280648
v -0.37506687 0.65276477 -0.10381771
v -0.37475728 0.72792060 0.15411362
v -0.35721661 0.82147882 -0.02997304
v -0.36729103 -0.98966202 0.18984778
v -0.35384479 -0.97890858 0.26237438
v -0.35053864 -0.96304183 0.26664839
v -0.36222488 -0.73300788 0.06430653
v -0.36438865 -0.57121201 -0.53044145
v -0.35872119 -0.56361750 -0.48500892
v -0.35124374 -0.53074949 0.12258995
v -0.35787520 -0.56442097 -0.51703884
v -0.36033169 -0.55559330 -0.42462886
v -0.36761603 -0.54809684 -0.36186236
v -0.36744216 -0.48414428 -0.21797761
v -0.35686041 -0.47741039 -0.27662351
v -0.35830338 -0.46936036 -0.25944794
v -0.35955056 -0.46043633 -0.24636048
v -0.36344719 -0.45542450 -0.23408499
v -0.36466555 -0.33640672 0.21515606
v -0.36068744 -0.28684408 -0.09285033
v -0.36239707 -0.02220828 0.16155629
v -0.36146912 -0.02904313 0.17457763
v -0.36481495 0.05062234 -0.03636291
v -0.35692060 0.11282021 0.08896365
v -0.36571272 0.40593653 0.17089291
v -0.36521900 0.42204447 0.17351641
v -0.36125254 0.43023395 0.18398864
v -0.36513257 0.59480885 0.17957316
v -0.35314134 0.89888411 0.01452322
v -0.36032295 0.88910213 0.07278449
v -0.35911569 -0.95245255 0.12981802
v -0.35842105 -0.76995014 0.07540071
v -0.36331972 -0.61273699 0.02648368
v -0.35516761 -0.68026326 0.10954538
v -0.35544479 -0.55525420 -0.48913517
v -0.35568297 -0.53579780 -0.47095172
v -0.35339585 -0.51270269 0.00889567
v -0.35726699 -0.50701734 -0.18614367
v -0.35628974 -0.50873104 -0.42748804
v -0.35691792 -0.49559765 -0.28955099
v -0.35366603 -0.49011087 -0.28155134
v -0.36157968 -0.48615190 -0.24984133
v -0.36211537 -0.48849291 -0.26080068
v -0.37136908 -0.48657081 -0.13998803
v -0.36178852 -0.47020134 -0.05447327
v -0.35438339 -0.46869086 -0.04527877
v -0.35458707 -0.43377215 -0.23208531
v -0.34921778 -0.42096618 -0.21989198
v -0.36585720 -0.34926448 0.21012034
v -0.36176944 -0.31964956 0.22095897
v -0.35550270 -0.27802543 0.22347457
v -0.35269347 -0.22475546 -0.08353742
v -0.35802295 -0.06129250 0.17092581
v -0.36635309 0.12222368 -0.01448383
v -0.35282892 0.12243713 0.02392400
v -0.33838190 0.18387960 0.08592513
v -0.34541172 0.23875540 0.05487294
v -0.35656307 0.43384746 0.14260272
v -0.35715867 0.44203158 0.15023527
v -0.35230249 0.48130199 0.03501943
v -0.35503688 0.54751548 -0.04027526
v -0.35730431 0.55166023 0.17448173
v -0.36700015 0.68854932 -0.08906179
v -0.35167461 0.72325604 0.11943066
v -0.36012837 0.75841529 0.10801209
v -0.36175713 0.78506122 0.07779224
v -0.37372680 0.82347223 0.04878337
v -0.37625692 0.86209835 -0.00709470
v -0.34128571 0.91428206 0.06747190
v -0.34852819 -0.98785706 0.11492708
v -0.36061713 -0.97720104 0.14192305
v -0.35408271 -0.93270070 0.25057264
v -0.35804683 -0.92947868 0.15831661
v -0.35343020 -0.79721715 0.05793752
v -0.34747380 -0.78869202 0.03988063
v -0.35758930 -0.73131544 0.04829696
v -0.34949069 -0.72998830 0.03485293
v -0.35969181 -0.59679010 0.11488170
v -0.34655237 -0.60841232 0.01778014
v -0.34505520 -0.58615623 0.11969463
v -0.34475098 -0.56150455 0.01536477
v -0.35212585 -0.54495378 -0.44465578
v -0.35062683 -0.52869791 -0.43967081
v -0.35318182 -0.52685837 -0.35570808
v -0.35227858 -0.49379496 -0.27122562
v -0.35018571 -0.49430883 0.12717477
v -0.34055398 -0.46786073 0.14273347
v -0.35149426 -0.47476053 -0.27395471
v -0.35533271 -0.36543263 -0.08412262
v -0.34536532 -0.35839303 -0.07535250
v -0.35109533 -0.16396068 0.20928606
v -0.35415519 -0.10622006 0.18262827
v -0.35692596 -0.07558053 0.18867442
v -0.34948121 0.10829943 0.02735659
v -0.35359226 0.13812622 0.06579278
v -0.36042319 0.16010930 0.00721633
v -0.33605166 0.22047599 -0.00038700
v -0.36674447 0.40309957 0.14883290
v -0.35402040 0.65294452 -0.07673919
v -0.35513868 0.78046252 0.05343218
v -0.35397814 0.87945288 0.05303335
v -0.35063659 0.87406113 -0.00494812
v -0.35112839 -0.99163962 0.24786793
v -0.35523653 -0.97198855 0.10937700
v -0.35511729 -0.92171450 0.19001323
v -0.34762561 -0.84752873 0.06487127
v -0.34361443 -0.84978755 0.04800509
v -0.34173820 -0.75885195 0.03013681
v -0.35548256 -0.72933480 0.10000124
v -0.35372938 -0.68007972 0.02656701
v -0.35061441 -0.53047689 -0.38463688
v -0.35082590 -0.51412651 -0.24662752
v -0.34656976 -0.51039093 -0.38783208
v -0.35209386 -0.48934580 -0.30176244
v -0.34956399 -0.48523189 -0.33268989
v -0.35193055 -0.48506198 -0.28665373
v -0.34058327 -0.49426885 -0.09972041
v -0.35144884 -0.48707650 -0.36141766
v -0.34008979 -0.47952446 -0.01817477
v -0.34876556 -0.41927299 0.17745767
v -0.37339025 -0.36983435 0.20956590
v -0.35084295 -0.38190221 0.19162619
v -0.35231897 -0.25423255 0.22285243
v -0.34921283 -0.24668591 0.20843610
v -0.34944051 -0.20591237 0.21549221
v -0.35006996 -0.16127513 0.19459008
v -0.33727400 -0.10616251 0.16423387
v -0.35362157 -0.11807111 0.19800578
v -0.34302575 0.00628404 -0.02074356
v -0.35040689 0.12978807 0.02356083
v -0.36016968 0.15464738 0.06644623
v -0.38451061 0.25825848 0.06653520
v -0.37881848 0.27176989 -0.00146656
v -0.35296241 0.25094963 0.00971868
v -0.35040671 0.59727949 -0.05602197
v -0.34420371 0.56167423 -0.02313880
v -0.35506084 0.67689849 0.14852828
v -0.34806926 0.70186877 -0.05703972
v -0.34540263 0.77680875 0.04950503
v -0.33991578 0.87877746 0.04904428
v -0.34619716 0.89761191 0.07149237
v -0.35164750 -0.99730781 0.16935662
v -0.34660110 -0.93155854 0.09240170
v -0.35122471 -0.78821697 0.09226007
v -0.33604155 -0.73133252 0.02434347
v -0.34922125 -0.51843730 -0.21624149
v -0.34726187 -0.52095870 -0.39136737
v -0.35931698 -0.48103832 -0.08775923
v -0.34527376 -0.49504410 -0.29892097
v -0.33995074 -0.48942479 -0.31199299
v -0.36381815 -0.39399284 -0.14153377
v -0.33529655 -0.28208852 -0.07371616
v -0.34748028 -0.20858383 0.20214017
v -0.34905497 -0.14355286 -0.06419905
v -0.35423665 0.09634617 -0.00343052
v -0.34123270 0.07229063 0.01919413
v -0.33595029 0.05599110 0.08012820
v -0.34350764 0.10882147 0.05658501
v -0.35137850 0.12406908 0.06440335
v -0.33993411 0.13363831 0.08066258
v -0.35450942 0.14005160 0.01822909
v -0.36527254 0.17974267 -0.00229078
v -0.34978933 0.45402793 0.11527464
v -0.34865036 0.46301920 0.14534862
v -0.35024822 0.46247134 0.12748703
v -0.34841167 0.48460033 0.15506109
v -0.33973604 0.63768805 0.12764021
v -0.34542548 0.75962700 0.06907531
v -0.34193647 0.76900456 0.05098512
v -0.33557005 -0.99549812 0.10567311
v -0.32599631 -0.98111309 0.25232356
v -0.33764089 -0.96058780 0.03789450
v -0.32952429 -0.95605389 0.25952051
v -0.34374518 -0.94206968 0.25841192
v -0.34339820 -0.92626041 0.05659777
v -0.34634249 -0.93913972 0.07169821
v -0.34501320 -0.87830337 0.07562254
v -0.34424456 -0.85382041 0.08377057
v -0.34149773 -0.79889200 0.10476281
v -0.34062494 -0.68309093 0.11818535
v -0.34096862 -0.66150136 0.01819216
v -0.32793647 -0.47508323 0.11804997
v -0.33752148 -0.45966203 -0.03448136
v -0.33431432 -0.37742576 -0.12569305
v -0.35691815 -0.31326844 0.21071196
v -0.33477680 -0.31649978 0.19278749
v -0.35033876 -0.27123319 0.20865750
v -0.34882034 0.00695665 0.13493877
v -0.34254227 0.09132460 0.03923262
v -0.34069062 0.09541151 0.05227057
v -0.34511862 0.09921346 0.05942199
v -0.34393442 0.10734173 0.03624119
v -0.34636137 0.12269501 0.06179533
v -0.34285793 0.16996494 0.08649348
v -0.35983159 0.19242471 -0.01068171
v -0.34602315 0.20962983 -0.01160000
v -0.34255685 0.48359242 0.08595812
v -0.33993300 0.49762643 0.12206088
v -0.33584327 0.58906090 0.12145538
v -0.35270484 0.52558460 0.16830425
v -0.34302052 0.64796738 -0.05385259
v -0.33404313 0.67574387 0.09554225
v -0.34522082 0.74835859 0.08079252
v -0.33955080 0.75828810 0.07021945
v -0.35840342 0.88119111 0.06956095
v -0.34607583 -0.91984080 0.20736759
v -0.34215884 -0.91587805 0.09168957
v -0.33380361 -0.92659270 0.03234477
v -0.33330574 -0.86589465 0.10158906
v -0.32050950 -0.73361220 0.01852006
v -0.33835786 -0.53051566 -0.28049274
v -0.32780538 -0.53905868 -0.26586716
v -0.34430130 -0.50584874 0.00953252
v -0.33733126 -0.02374177 0.13265245
v -0.33647245 0.01822795 0.10982236
v -0.33331647 0.07683033 0.04805459
v -0.33755030 0.08929983 0.04494198
v -0.34639135 0.16065073 0.08315842
v -0.33614623 0.18639787 -0.00969849
v -0.34235936 0.49319388 0.09555104
v -0.33574800 0.60689914 -0.02322556
v -0.33098990 0.91047325 0.01520191
v -0.33349692 0.90374914 0.06815923
v -0.33209861 0.91262867 0.07051247
v -0.33248956 0.92119743 0.02658894
v -0.34332256 0.91761161 0.03331980
v -0.31963933 -0.99963354 0.13459189
v -0.33953751 -0.99530012 0.23581845
v -0.34190599 -0.97113600 0.04823024
v -0.34427688 -0.92549350 0.23315908
v -0.33830191 -0.91984007 0.10698618
v -0.34174858 -0.91973626 0.13823092
v -0.33312713 -0.90710479 0.10333859
v -0.33126123 -0.85097641 0.02834834
v -0.33751622 -0.79390722 0.02844203
v -0.32352703 -0.77801547 0.12002808
v -0.33451215 -0.55293156 0.01672303
v -0.33086815 -0.50270280 -0.11832298
v -0.33337359 -0.50722520 -0.33657879
v -0.34647215 -0.46844160 -0.05078392
v -0.31552763 -0.42556762 -0.26031784
v -0.32467918 -0.38819670 -0.16326497
v -0.32286845 -0.33919646 -0.05755780
v -0.33086404 -0.24683505 0.19056284
v -0.32907948 -0.19799759 0.18271697
v -0.32916719 0.03929482 0.07243271
v -0.33681292 0.07121372 0.04565277
v -0.33321167 0.06472511 0.05252584
v -0.33743977 0.07056268 0.05880372
v -0.33580724 0.08029223 0.05427630
v -0.33286437 0.10728498 0.07653968
v -0.33149121 0.10483702 0.01744681
v -0.32578325 0.21182986 0.06661786
v -0.33806790 0.51208011 0.06048876
v -0.33611595 0.70383596 -0.01792030
v -0.33278723 0.70222077 0.07239037
v -0.33882506 0.72056579 0.08387925
v -0.33839320 0.74942438 0.07796082
v -0.35598065 0.74377099 -0.04763532
v -0.33528958 0.76671334 0.07370464
v -0.32474812 0.86288836 -0.00656928
v -0.32117504 0.89666758 0.04887451
v -0.33287971 -0.98899368 0.04535665
v -0.32289578 -0.97112758 0.01666380
v -0.32441277 -0.85586180 0.11081750
v -0.33797307 -0.76342987 0.11371122
v -0.33545221 -0.63725467 0.12100707
v -0.32232556 -0.54375614 -0.32732171
v -0.33447215 -0.51594706 -0.16327170
v -0.31398875 -0.47873268 -0.35009830
v -0.34007621 -0.45652872 -0.28607374
v -0.32765434 -0.47681349 -0.07543267
v -0.34261358 -0.40267847 -0.18524191
v -0.33146660 -0.36953958 -0.06156723
v -0.31667932 -0.23275446 -0.04955951
v -0.32323787 -0.08080119 -0.01726139
v -0.33627779 0.02556705 -0.00047322
v -0.32693930 0.04565556 0.05844062
v -0.33345365 0.05810185 0.04835939
v -0.33073714 0.05823872 0.05476418
v -0.32026490 0.12402831 0.09106722
v -0.33404794 0.20271999 0.07809759
v -0.33257447 0.52845049 0.06902444
v -0.33251488 0.53881452 0.10112067
v -0.33676247 0.54384303 0.01559956
v -0.32733684 0.58087945 0.04159330
v -0.32856551 0.61131368 0.08868144
v -0.32599580 0.65992293 0.02665505
v -0.33638566 0.68164010 -0.03192359
v -0.34279824 0.71935184 -0.03385241
v -0.32893424 0.75540426 0.07762068
v -0.32489790 0.78587900 0.07710458
v -0.32351713 0.80649660 0.07390774
v -0.32366671 0.81994761 -0.01603053
v -0.33393575 0.78181204 0.05422253
v -0.33149347 0.83181717 0.04949644
v -0.31154722 0.94093237 0.03395464
v -0.30973474 0.94752755 0.04852477
v -0.34896403 -0.99946131 0.20536956
v -0.30703322 -0.99922458 0.16975401
v -0.31958276 -0.99586515 0.04218796
v -0.32092873 -0.98349510 0.01970201
v -0.32762336 -0.96818821 0.25892238
v -0.31746370 -0.91826429 0.18178966
v -0.31521397 -0.90685271 0.11793413
v -0.32589464 -0.65926409 0.01602991
v -0.32651888 -0.51678025 0.11522978
v -0.32548732 -0.44551151 -0.02801799
v -0.34565118 -0.36471158 -0.07971296
v -0.31041402 -0.29174924 -0.04645849
v -0.31945731 -0.20770942 0.17321824
v -0.32677281 0.02287517 0.02440629
v -0.32453539 0.05425321 0.06282951
v -0.32777475 0.05029018 0.05760015
v -0.32838075 0.05867580 0.05287800
v -0.32996906 0.06175613 0.05466137
v -0.32789119 0.06204995 0.04876609
v -0.31572551 0.14973307 0.08977199
v -0.32544488 0.61705782 0.03971488
v -0.32966867 0.64439726 -0.00887166
v -0.32714919 0.65900431 0.06390153
v -0.32874788 0.68830660 0.01807328
v -0.32846670 0.68835182 0.04204397
v -0.32793221 0.71994226 -0.00881865
v -0.32670922 0.74074732 0.07478216
v -0.32369118 0.81324361 0.06846044
v -0.32691946 0.82043510 0.05215106
v -0.32691285 0.90244463 0.05207675
v -0.31197149 0.93072145 0.02390950
v -0.32725904 -0.94595127 0.25434849
v -0.32495861 -0.93741193 0.24286368
v -0.32280053 -0.93286657 0.23273725
v -0.32119635 -0.92534212 0.21285663
v -0.30771967 -0.88529118 0.11925243
v -0.32370305 -0.83267533 0.02179772
v -0.31643022 -0.78627904 0.01690746
v -0.30919456 -0.78494351 0.12261080
v -0.32243924 -0.59583319 0.01928127
v -0.33137919 -0.58230732 0.11865375
v -0.32563585 -0.51344598 -0.14261746
v -0.32097044 -0.51270670 -0.36726087
v -0.32276312 -0.40970120 0.15546614
v -0.31388263 -0.40351223 -0.21072492
v -0.29554347 -0.39876475 -0.15424791
v -0.34799512 -0.04822695 -0.04238684
v -0.32002881 -0.09485269 0.13656308
v -0.31779021 -0.02979455 0.01614476
v -0.32880922 0.04365480 0.05030903
v -0.32019375 0.01052758 0.06516095
v -0.31303742 0.07652238 0.09211713
v -0.32209559 0.14299888 -0.00309300
v -0.31294973 0.18234159 0.00002176
v -0.32012572 0.21903619 0.04458776
v -0.31737646 0.76914270 -0.00410324
v -0.31759485 0.78093462 0.07628814
v -0.31640588 0.79701896 -0.00885090
v -0.31484903 0.86088281 0.05325591
v -0.30712869 -0.99955174 0.05323523
v -0.31995787 -0.99008398 0.22544166
v -0.31654811 -0.85390185 0.11574840
v -0.31031166 -0.73873074 0.01735685
v -0.30927776 -0.57901284 0.10660773
v -0.32216425 -0.54559690 -0.30486114
v -0.32149160 -0.54976436 0.02333464
v -0.32488403 -0.49028677 0.02002937
v -0.31543131 -0.46542786 0.10296900
v -0.32098360 -0.44641010 -0.04001681
v -0.31539280 -0.39147337 -0.17083915
v -0.32061920 -0.37848949 -0.05451064
v -0.32033196 -0.36431549 0.16876476
v -0.30802386 -0.25907732 0.16439450
v -0.31535998 -0.04000645 0.09902627
v -0.32435649 0.04514798 0.05743557
v -0.33093029 0.13174836 0.00332893
v -0.31272285 0.20713443 0.02150104
v -0.31459635 0.75081886 0.02949979
v -0.30946758 0.77442014 0.05050522
v -0.30818549 0.90741009 0.01355340
v -0.31232726 -0.99158109 0.25151562
v -0.31213985 -0.98045339 0.27358714
v -0.31603487 -0.95186622 0.27630587
v -0.30074788 -0.93790560 0.28086627
v -0.31447443 -0.93276464 0.25955831
v -0.31560804 -0.92369688 0.21086396
v -0.31638024 -0.93219762 0.01473214
v -0.31818302 -0.91471458 0.14102106
v -0.30595017 -0.83274235 0.01553788
v -0.31396516 -0.38783474 -0.04173740
v -0.31804700 -0.37589712 -0.04563560
v -0.30481271 -0.24208917 -0.03318884
v -0.31867180 -0.16076740 0.15880712
v -0.30882096 -0.08165398 0.01554047
v -0.31100650 0.03967194 0.03408660
v -0.31481217 0.81327977 0.07692624
v -0.31386306 0.83859514 0.07313192
v -0.30721513 0.87539271 0.00472544
v -0.30942864 0.92729170 0.06915565
v -0.30496241 0.93888268 0.06730332
v -0.30231673 -0.91774876 0.19208956
v -0.31673365 -0.91292028 0.12722517
v -0.31092040 -0.87882494 0.01373538
v -0.30246270 -0.85375798 0.12006233
v -0.30833891 -0.67260189 0.01868617
v -0.31623252 -0.63108731 0.11899759
v -0.31026322 -0.54491483 0.03478589
v -0.30979558 -0.53684067 -0.20385093
v -0.31221586 -0.51200890 0.10049851
v -0.31134421 -0.54260566 -0.37389775
v -0.31394596 -0.47997275 0.03365598
v -0.32270089 -0.44605810 -0.29498298
v -0.30100404 -0.46674468 -0.08360446
v -0.31335926 -0.44350476 0.12056860
v -0.31467589 -0.42665845 -0.02632811
v -0.31045143 -0.40450058 -0.02781464
v -0.31080943 -0.39064911 -0.03114636
v -0.31035133 -0.38578440 -0.09092647
v -0.31506808 -0.29618095 0.17409822
v -0.30458370 -0.20241380 0.14968340
v -0.31628683 -0.17842535 -0.03491984
v -0.30373820 -0.06828224 0.04914477
v -0.30902739 -0.04835574 0.08380799
v -0.30964985 -0.03732868 0.05108919
v -0.30634270 0.00479394 0.06798435
v -0.31957234 0.10288145 0.09003002
v -0.29569011 0.17313339 0.01524054
v -0.31311213 0.77036539 0.00872610
v -0.31751341 0.75731592 0.06674195
v -0.30190659 0.86044465 0.00764164
v -0.31259858 0.85713526 0.06791918
v -0.30630955 0.86720879 0.07193488
v -0.29128257 0.96109733 0.05715241
v -0.29971795 -0.93174114 0.00848365
v -0.30958964 -0.61675839 0.02334748
v -0.30444314 -0.61378901 0.02734100
v -0.30592268 -0.55269054 -0.37646777
v -0.30470507 -0.52261850 -0.40267778
v -0.30579920 -0.46555819 0.05512547
v -0.30542621 -0.44966668 0.01657029
v -0.31314015 -0.45388607 0.00110110
v -0.30161516 -0.40462396 -0.00896500
v -0.30196138 -0.42398999 -0.05068789
v -0.30759163 -0.33796173 -0.03789526
v -0.30787273 -0.12795429 -0.00179097
v -0.31238278 -0.09573015 0.12219153
v -0.30092786 0.00095320 0.08566523
v -0.30278671 0.80437440 0.06168513
v -0.30910008 0.80406467 0.07477647
v -0.30920938 0.89346856 0.05103534
v -0.30529599 0.92115302 0.06112618
v -0.29892414 -0.98962010 0.26998188
v -0.29934471 -0.97269699 0.00470704
v -0.28402428 -0.90208965 0.12407689
v -0.29533580 -0.83554409 0.01518099
v -0.30828516 -0.68649046 0.12042760
v -0.29846976 -0.56139170 -0.37168062
v -0.30191064 -0.56638550 0.09388857
v -0.29076977 -0.51621968 -0.16886061
v -0.30353673 -0.49359318 0.06473053
v -0.30125350 -0.49144982 -0.11658822
v -0.30622850 -0.46023221 0.08006675
v -0.29963312 -0.41663105 -0.24970177
v -0.29696154 -0.22426572 -0.01468146
v -0.30006505 -0.12032538 0.10071457
v -0.30069240 -0.08815158 0.07325738
v -0.30154789 0.00206289 0.04943439
v -0.29546533 0.04344257 0.01917162
v -0.30016354 0.80738287 0.03992684
v -0.30036042 0.88597627 0.07132925
v -0.30871557 0.91050481 0.05083021
v -0.29960288 0.92141783 0.06436739
v -0.29790162 -0.99840983 0.24146073
v -0.28224605 -0.99524752 0.25713803
v -0.29966555 -0.96149212 0.28766484
v -0.29627130 -0.92677304 0.26675452
v -0.29823715 -0.74700408 0.01827352
v -0.30132617 -0.54137126 0.08227585
v -0.30035000 -0.40764073 -0.22177070
v -0.30624602 -0.39472213 -0.06477240
v -0.29243825 -0.39883313 -0.11546881
v -0.29944775 -0.38934819 0.12736788
v -0.29468601 -0.19662019 0.12643266
v -0.29132146 -0.03703106 0.08214369
v -0.30571184 0.02717210 0.09014003
v -0.29509170 0.08280176 0.00653610
v -0.28924758 0.86641834 0.03106759
v -0.29273848 0.87320940 0.01976131
v -0.29378252 0.87164428 0.06952617
v -0.29446813 0.92016578 0.06764973
v -0.29124220 0.90472389 0.02035046
v -0.29853316 0.94929952 0.03268836
v -0.29423259 -0.99867670 0.19456750
v -0.29980975 -0.92082903 0.24107800
v -0.29540800 -0.79120802 0.12133711
v -0.28607552 -0.65842954 0.03628937
v -0.30282509 -0.58034294 0.03614540
v -0.29957840 -0.54359315 0.06094719
v -0.29516325 -0.56528948 0.07209849
v -0.29717757 -0.55433362 -0.25749132
v -0.29829816 -0.54616943 -0.40576590
v -0.29571671 -0.50115093 -0.39627261
v -0.29484621 -0.44616790 -0.07352823
v -0.28581175 -0.43278662 -0.28894686
v -0.29513221 -0.43241899 0.04719318
v -0.29923188 -0.44402787 0.07500905
v -0.29438721 -0.40345903 0.01145359
v -0.29653743 -0.30755879 0.14367703
v -0.29844495 -0.12203850 0.03427761
v -0.30101429 0.17883714 0.06835802
v -0.28751523 0.87157083 0.05851608
v -0.28848605 0.86149144 0.04034689
v -0.30356488 0.82618278 0.07306680
v -0.28585574 0.91902172 0.06662905
v -0.29351727 0.96167913 0.04813335
v -0.29576617 -0.99131938 0.01708030
v -0.28972059 -0.98030036 0.28049639
v -0.28411666 -0.91044092 0.13109028
v -0.29119512 -0.87091749 0.12017114
v -0.28920572 -0.72057816 0.02286388
v -0.29004061 -0.67693786 0.11054352
v -0.30240958 -0.54727796 0.04992531
v -0.27640936 -0.57436224 -0.40563331
v -0.28913058 -0.41697376 -0.09168496
v -0.29278148 -0.14401601 0.07754663
v -0.29368621 -0.13658793 0.06351410
v -0.28481752 -0.19687024 0.04337700
v -0.28811984 -0.04172583 0.09037713
v -0.29198523 -0.00972413 0.09733992
v -0.27210289 0.01295396 0.02146567
v -0.30120763 0.12513336 -0.00045172
v -0.30346190 0.16527771 0.08056985
v -0.29210409 0.14460259 0.00517002
v -0.29516751 0.93377788 0.02429692
v -0.28856055 0.93874785 0.06721303
v -0.27192886 -0.99667482 0.03892475
v -0.28430707 -0.93500844 0.00770244
v -0.28562130 -0.92406242 0.25873897
v -0.27761224 -0.81830316 0.11547354
v -0.29213305 -0.56639934 -0.34759554
v -0.28806744 -0.56163490 -0.27878822
v -0.28867779 -0.53595182 -0.43130811
v -0.28663664 -0.47636439 -0.36956362
v -0.28084849 -0.44457273 -0.31551719
v -0.28780903 -0.43810885 -0.08194695
v -0.28533097 -0.41203049 -0.21054452
v -0.26885597 -0.42111472 -0.15539688
v -0.29173648 -0.40095071 0.09799781
v -0.28998011 -0.34374440 -0.00435987
v -0.29173426 -0.29473871 -0.01389582
v -0.28612701 -0.20182713 0.09854133
v -0.28968477 0.02128406 0.10410515
v -0.29506656 0.18303502 0.04508281
v -0.28313298 0.95564907 0.03644484
v -0.27526350 -0.98750724 0.26755558
v -0.28678274 -0.83716719 0.01645465
v -0.28078014 -0.77143054 0.02397511
v -0.28883273 -0.71929299 0.11532396
v -0.28471142 -0.63510640 0.09123185
v -0.27784443 -0.64327670 0.06392169
v -0.28227068 -0.56573985 -0.42072822
v -0.28006854 -0.48410206 -0.13006699
v -0.27355913 -0.46451013 -0.35733877
v -0.28497522 -0.38461812 0.03744962
v -0.27976968 -0.29282084 0.02184357
v -0.28146115 -0.31658537 0.10507634
v -0.28792803 -0.21494133 0.01270465
v -0.28671975 -0.25100896 0.12004182
v -0.29201080 0.06700336 0.10172114
v -0.27597308 0.93083883 0.05312923
v -0.27974553 0.96153223 0.04551067
v -0.27957911 -0.95135765 0.28534442
v -0.28205021 -0.71305814 0.02879322
v -0.28525508 -0.62636781 0.04914674
v -0.27717971 -0.57020265 -0.31357181
v -0.27452868 -0.49899729 -0.15387190
v -0.27302937 -0.41536608 -0.16211613
v -0.28217039 -0.37549865 0.06871995
v -0.27743177 -0.32429266 0.08209887
v -0.27908861 -0.23997344 0.04475563
v -0.28722341 -0.04819712 0.06943312
v -0.27984379 -0.02604448 0.03961118
v -0.25676913 0.01800358 0.10829965
v -0.27749889 0.08461543 0.00865973
v -0.27826322 0.93439342 0.03537148
v -0.28213144 0.95883775 0.06004876
v -0.29348426 -1.00055651 0.07032425
v -0.25534102 -0.98480548 0.02311925
v -0.27029437 -0.96773757 0.27899386
v -0.26857929 -0.96327557 0.00852666
v -0.27849316 -0.92109819 0.23842077
v -0.27209592 -0.89793118 0.01403856
v -0.27961673 -0.85934102 0.11720636
v -0.27059282 -0.83453048 0.02488592
v -0.27301243 -0.75506759 0.10594680
v -0.27380049 -0.72990295 0.03443999
v -0.27399911 -0.70882856 0.09961033
v -0.26311607 -0.49718743 -0.41485195
v -0.27286403 -0.45321629 -0.33441093
v -0.28969584 -0.42194586 -0.25987777
v -0.27858710 -0.32709263 0.03483754
v -0.27551122 -0.27556856 0.07878642
v -0.27946300 -0.22638206 0.07730805
v -0.27396517 -0.08491643 0.09955518
v -0.27321023 -0.09298463 0.09016110
v -0.27035704 -0.08293837 0.10932739
v -0.27719258 -0.03381947 0.11087533
v -0.26974446 0.04446212 0.01517746
v -0.29441828 0.09588431 0.09729986
v -0.28305432 0.10884187 0.09077453
v -0.27115859 0.11829756 0.02287277
v -0.27243827 0.13378117 0.03984628
v -0.27267293 0.94602507 0.04651403
v -0.27378448 0.95090430 0.05598591
v -0.28138470 -0.97404575 0.00434082
v -0.27821961 -0.83551948 0.01991805
v -0.27029409 -0.71090657 0.04497746
v -0.27702306 -0.65022718 0.07826642
v -0.26746342 -0.57814516 -0.35084586
v -0.26571138 -0.42310691 -0.20709891
v -0.27820492 -0.06042591 0.05952596
v -0.26869701 0.01048465 0.11167387
v -0.27827803 0.12647970 0.07708657
v -0.25143630 -0.97446848 0.01891864
v -0.27073937 -0.93699213 0.27047517
v -0.26753907 -0.86002363 0.11045542
v -0.26940890 -0.71209232 0.09311283
v -0.27744858 -0.54757642 -0.24870356
v -0.26841531 -0.52800190 -0.21284614
v -0.26270636 -0.43868595 -0.15190643
v -0.26279075 -0.12596259 0.09324540
v -0.26976736 -0.01970335 0.11534651
v -0.24811475 0.06206362 0.03578888
v -0.26159513 -0.98959952 0.23488596
v -0.25717030 -0.95700252 0.25834339
v -0.27527614 -0.91572703 0.16694585
v -0.26202134 -0.83240185 0.03427796
v -0.26451777 -0.71615782 0.07665395
v -0.26620846 -0.70900083 0.05831200
v -0.26636067 -0.56559215 -0.45870785
v -0.26410428 -0.47601413 -0.38085163
v -0.24762606 -0.44644528 -0.27079334
v -0.25444878 -0.43407771 -0.21093693
v -0.26055985 -0.12074401 0.07759635
v -0.27663739 0.14142531 0.05773340
v -0.25684273 -0.97497474 0.25358978
v -0.26367282 -0.92692922 0.21965216
v -0.25650770 -0.95428114 0.01646701
v -0.26122268 -0.73980385 0.06349917
v -0.25611831 -0.58307548 -0.39025208
v -0.27046591 -0.45717116 -0.12127685
v -0.25971934 -0.46439274 -0.14715066
v -0.25584566 -0.45603399 -0.32372044
v -0.26262324 -0.11696780 0.11307745
v -0.26102022 -0.08683653 0.12069660
v -0.25400264 -0.00658170 0.02551751
v -0.25640497 0.04930752 0.09699733
v -0.24833266 -0.99900840 0.11246366
v -0.24602735 -0.98975600 0.24418236
v -0.25740171 -0.90885922 0.11533354
v -0.25583133 -0.89381127 0.02450867
v -0.26091136 -0.84722178 0.10179989
v -0.25255822 -0.84148922 0.05008693
v -0.26391662 -0.76070904 0.04509018
v -0.25461955 -0.83578661 0.08766695
v -0.26632465 -0.55683312 -0.46417620
v -0.25526616 -0.55831072 -0.29894332
v -0.26098466 -0.47119723 -0.37040803
v -0.25382588 -0.33837028 0.16887771
v -0.25787915 -0.31855752 0.17739931
v -0.25098592 -0.29089341 0.16943109
v -0.25223323 0.03637003 0.02337349
v -0.26594744 -1.00015674 0.15125710
v -0.27472444 -0.99711523 0.18750838
v -0.24187625 -0.99891037 0.22357392
v -0.24320847 -0.99861721 0.14735170
v -0.25719160 -0.94125895 0.24951742
v -0.24303469 -0.91792929 0.17183626
v -0.25078923 -0.83937963 0.06708522
v -0.25213856 -0.58510819 -0.44842147
v -0.26174424 -0.54576771 -0.46734829
v -0.24985196 -0.54810805 -0.28130783
v -0.25370048 -0.48827765 -0.40390296
v -0.24792272 -0.31188075 0.19480502
v -0.25173418 -0.32284376 0.16067459
v -0.24672941 -0.29282567 0.19099986
v -0.25344931 -0.11146027 0.06205416
v -0.25972135 -0.03382293 0.03220636
v -0.26210223 0.07232981 0.01852661
v -0.25549604 0.08147532 0.07322011
v -0.25094827 -0.99236235 0.04870268
v -0.24017641 -0.95217738 0.03542212
v -0.26004996 -0.91368342 0.13285700
v -0.24719562 -0.58204248 -0.48060487
v -0.26689211 -0.51584917 -0.43628622
v -0.25761536 -0.51270903 -0.20110638
v -0.24671117 -0.48222381 -0.19117125
v -0.24600859 -0.18121203 0.10717221
v -0.23800332 -0.97055214 0.04028897
v -0.24177262 -0.92614143 0.23413300
v -0.24299279 -0.90807532 0.09685470
v -0.24742938 -0.87066393 0.04394513
v -0.24074046 -0.88428731 0.05992103
v -0.24206270 -0.56994801 -0.50322880
v -0.22606890 -0.55760383 -0.34847375
v -0.24429448 -0.50523760 -0.43210042
v -0.23714899 -0.48320283 -0.37470030
v -0.24478195 -0.45072676 -0.22130157
v -0.25352944 -0.34121801 0.18456117
v -0.24391237 -0.34365935 0.19017103
v -0.23841709 -0.22069703 0.13243977
v -0.25088474 -0.16644612 0.12282055
v -0.24701785 -0.15913704 0.13341095
v -0.24163507 -0.12743558 0.13713932
v -0.24429232 -0.09504019 0.04926554
v -0.25104176 -0.07120141 0.12636382
v -0.24766016 -0.04108152 0.12167702
v -0.24406018 -0.87438838 0.07910825
v -0.24104529 -0.58833048 -0.44620087
v -0.23663347 -0.52690789 -0.46383492
v -0.24432580 -0.46857310 -0.19728093
v -0.22981299 -0.47294580 -0.33121373
v -0.23611106 -0.27562240 0.15873259
v -0.23200530 -0.17868851 0.15111469
v -0.22982898 -0.10728267 0.13707779
v -0.22210265 -0.09516691 0.13316252
v -0.23484060 -0.99537155 0.14501507
v -0.23373786 -0.97352789 0.06142879
v -0.23936982 -0.98333339 0.05167180
v -0.23928442 -0.92023330 0.10582069
v -0.23381005 -0.92960448 0.08081079
v -0.24251450 -0.57991641 -0.39140318
v -0.23871076 -0.57815208 -0.50931381
v -0.24139951 -0.53663807 -0.27110804
v -0.23503185 -0.46117889 -0.28352637
v -0.23929745 -0.32780147 0.19893333
v -0.23842197 -0.33652991 0.16101204
v -0.23240242 -0.30163682 0.15861334
v -0.23945219 -0.19951767 0.14509878
v -0.23111625 -0.04702987 0.12001152
v -0.23202034 -0.00765279 0.10406623
v -0.22116946 -0.00113940 0.07901692
v -0.23445962 -0.97617331 0.25808911
v -0.23627512 -0.95922054 0.26116754
v -0.23745665 -0.92146015 0.14201104
v -0.23053814 -0.59068524 -0.49147164
v -0.23182496 -0.58664083 -0.44461258
v -0.23602589 -0.55428615 -0.49644448
v -0.23302328 -0.50614784 -0.24980002
v -0.23422359 -0.48781746 -0.23191215
v -0.23480013 -0.34647486 0.17484184
v -0.22196873 -0.33979588 0.18031381
v -0.21944881 -0.28899839 0.15549908
v -0.23230503 -0.30134910 0.20053684
v -0.22911653 -0.25588701 0.16355890
v -0.23446225 -0.22965644 0.15211341
v -0.22095696 -0.23832849 0.17167650
v -0.23190810 -0.04750946 0.03674724
v -0.24147627 0.00352668 0.02924319
v -0.23274354 -0.98970777 0.12093232
v -0.22570498 -0.99228159 0.23804639
v -0.23278795 -0.94333013 0.06384234
v -0.21993005 -0.95506108 0.25468061
v -0.22725247 -0.93716954 0.13224723
v -0.22630426 -0.59130395 -0.52116295
v -0.22062706 -0.59035655 -0.49658004
v -0.22278686 -0.54415055 -0.48266553
v -0.22471505 -0.48900242 -0.36687996
v -0.22792057 -0.47647790 -0.28080080
v -0.22688451 -0.32097473 0.19884773
v -0.22620445 -0.25340798 0.17527819
v -0.23340836 -0.09010499 0.04564531
v -0.21737616 -0.02755486 0.09789841
v -0.22896956 0.00421581 0.04124356
v -0.22566485 -0.93591152 0.24779599
v -0.22433173 -0.92718871 0.18016691
v -0.22733130 -0.92501713 0.21914144
v -0.22496427 -0.58655528 -0.52951214
v -0.21749233 -0.58536528 -0.47669651
v -0.22539213 -0.57603233 -0.52319541
v -0.22265089 -0.57073800 -0.39181126
v -0.21847654 -0.56314164 -0.50743005
v -0.22151916 -0.53964004 -0.32205222
v -0.21952415 -0.32452523 0.16850603
v -0.23544723 -0.18698679 0.09235364
v -0.20961853 -0.21374144 0.08928021
v -0.22450203 -0.15896801 0.14980627
v -0.21894339 -0.09207877 0.04778033
v -0.22234139 -0.02726864 0.04257768
v -0.22172935 -0.99531842 0.21241954
v -0.21732627 -0.97942554 0.24663172
v -0.22659292 -0.98264059 0.12956133
v -0.22111977 -0.92864332 0.20532225
v -0.22127737 -0.50641496 -0.28819734
v -0.22640996 -0.26866156 0.14978014
v -0.22137034 -0.26015721 0.13165612
v -0.23088933 -0.15047776 0.06732808
v -0.21348013 -0.06639916 0.04816755
v -0.23480213 0.03730588 0.05728722
v -0.21840369 -0.99053704 0.19534264
v -0.21107620 -0.97976102 0.20774613
v -0.22314748 -0.97144398 0.13298596
v -0.22395658 -0.95906935 0.12541887
v -0.21343752 -0.94080163 0.20607195
v -0.21251292 -0.94441283 0.23395725
v -0.21196074 -0.59271383 -0.52798901
v -0.21059810 -0.57424003 -0.46552394
v -0.21099409 -0.53060375 -0.35314799
v -0.22333858 -0.51325272 -0.42544915
v -0.21437444 -0.50887496 -0.33475720
v -0.21692507 -0.49952619 -0.36120225
v -0.21793241 -0.37822618 0.18245574
v -0.21717383 -0.34092019 0.17554737
v -0.21811028 -0.34174783 0.18582947
v -0.22641619 -0.27757361 0.19512673
v -0.21072033 -0.98272087 0.22378016
v -0.20914584 -0.96034677 0.20669460
v -0.20885127 -0.95743203 0.23691790
v -0.21367423 -0.58363081 -0.53260899
v -0.21287415 -0.58606294 -0.49938019
v -0.21034094 -0.55664990 -0.39379982
v -0.21119400 -0.52086775 -0.41091965
v -0.21355796 -0.37800331 0.18984607
v -0.21159641 -0.32139699 0.16766185
v -0.19942494 -0.26456719 0.11282738
v -0.21590743 -0.13498762 0.05866583
v -0.20579612 -0.05930403 0.05748317
v -0.21649901 -0.01627507 0.05609598
v -0.21058887 -0.57267486 -0.50647261
v -0.20904840 -0.57595885 -0.49603113
v -0.20599519 -0.55607392 -0.44643066
v -0.20552200 -0.54005429 -0.40410081
v -0.21037504 -0.54598609 -0.45989618
v -0.20822976 -0.52427786 -0.39032662
v -0.21347369 -0.39070332 0.16244283
v -0.20275354 -0.39702326 0.15817061
v -0.20757651 -0.39602814 0.17912214
v -0.20906990 -0.35670156 0.19871115
v -0.21497399 -0.32706103 0.19019588
v -0.20383106 -0.30266271 0.19213941
v -0.21170026 -0.24720154 0.18043080
v -0.21128303 -0.16107038 0.15147652
v -0.19885598 -0.36449154 0.15709801
v -0.19671325 -0.34086145 0.20281783
v -0.18976661 -0.29486505 0.18778174
v -0.20828226 -0.27775227 0.19327109
v -0.20587409 -0.23237578 0.17510830
v -0.19692189 -0.20686638 0.08265246
v -0.20055094 -0.14010756 0.06270621
v -0.18442602 -0.33815691 0.19961275
v -0.17478246 -0.29832865 0.12091898
v -0.19679603 -0.18092917 0.15522562
v -0.19444790 -0.17636951 0.07315789
v -0.19284356 -0.14675624 0.13971072
v -0.20317437 -0.11776481 0.13392960
v -0.20109775 -0.06603721 0.09995687
v -0.20417448 -0.04800160 0.07528539
v -0.19103161 -0.40288947 0.17186449
v -0.18612240 -0.40010038 0.16073383
v -0.19701997 -0.38997625 0.15179207
v -0.19356473 -0.36637291 0.20118646
v -0.19219200 -0.34997515 0.15715725
v -0.18475371 -0.21625182 0.16347402
v -0.20025221 -0.09867010 0.12280177
v -0.19290805 -0.11659718 0.06516659
v -0.17753717 -0.39003717 0.15378124
v -0.17869594 -0.32407520 0.14434264
v -0.19071809 -0.23299431 0.17175243
v -0.18046312 -0.22582070 0.08944781
v -0.18024815 -0.25944443 0.10109827
v -0.18078635 -0.19927801 0.08289575
v -0.18403840 -0.15797268 0.07471364
v -0.19038887 -0.38677975 0.19197209
v -0.20128625 -0.30662205 0.15548396
v -0.17665340 -0.15543648 0.08228435
v -0.18800074 -0.10466356 0.07507340
v -0.16555184 -0.38711183 0.12368605
v -0.17796330 -0.39277316 0.17649514
v -0.18166434 -0.38713389 0.14598051
v -0.17735062 -0.36789439 0.15280173
v -0.16954932 -0.23587784 0.09551304
v -0.17874787 -0.12558952 0.09528275
v -0.16862700 -0.36718995 0.13389757
v -0.16297009 -0.29901624 0.11286487
v -0.17047481 -0.18960004 0.08914733
v -0.17562697 -0.40050026 0.13689191
v -0.17180405 -0.34870594 0.15070791
v -0.17230510 -0.36170338 0.19206081
v -0.16669732 -0.31732500 0.18197972
v -0.15973609 -0.33279658 0.12207335
v -0.18422773 -0.12535284 0.11796794
v -0.16445793 -0.18767139 0.10112146
v -0.15268575 -0.33227109 0.16925806
v -0.17829609 -0.26360924 0.17432026
v -0.16262879 -0.27140926 0.10459560
v -0.17249013 -0.21726929 0.15482120
v -0.16534494 -0.20818823 0.14196932
v -0.16754605 -0.16944113 0.11192032
v -0.15381442 -0.38833130 0.13769294
v -0.16446893 -0.36838023 0.16963103
v -0.16176535 -0.35023395 0.12735962
v -0.16018192 -0.23076608 0.10283311
v -0.15077906 -0.35047300 0.11574837
v -0.14775974 -0.26138893 0.13533885
v -0.15965242 -0.20311863 0.12394889
v -0.15202710 -0.24964940 0.11437013
v -0.15964916 -0.39040388 0.15380055
v -0.15060310 -0.38589891 0.11782627
v -0.15586825 -0.37690520 0.11275094
v -0.15002960 -0.31059997 0.11397615
v -0.15542194 -0.27920751 0.16074111
v -0.15490871 -0.26516686 0.10812876
v -0.14208165 -0.31327424 0.15960313
v -0.13874519 -0.31497026 0.11897600
v -0.13986503 -0.38169298 0.13330637
v -0.15169522 -0.37620573 0.16079786
v -0.14034989 -0.36434988 0.11599282
v -0.13385931 -0.34703342 0.15689780
v -0.12753754 -0.33072090 0.14373053
v -0.14508334 -0.27480484 0.12263720
v -0.12910690 -0.34899704 0.12772308
v -0.13431318 -0.36996103 0.12491072
v -0.12954279 -0.36370435 0.13858095
v -0.12964572 -0.32629250 0.12867582
v 0.05206371 -0.40377666 -0.34722361
v 0.05162178 -0.39852400 -0.33776290
v 0.06051107 -0.40539686 -0.34777286
v 0.05730884 -0.41313747 -0.33653679
v 0.05338702 -0.40921901 -0.33247002
v 0.06087535 -0.39485141 -0.34361758
v 0.06417788 -0.38897188 -0.32193197
v 0.08126527 -0.42421162 -0.31151466
v 0.07597818 -0.41859619 -0.32581506
v 0.07479102 -0.38242050 -0.32109474
v 0.06931496 -0.41619192 -0.30577896
v 0.07172151 -0.40209104 -0.28796987
v 0.08687938 -0.40821622 -0.33029115
v 0.09182014 -0.42173837 -0.26897780
v 0.08966077 -0.37253193 -0.30594957
v 0.11818067 -0.42192809 -0.29844370
v 0.10323939 -0.39555025 -0.32017723
v 0.08296729 -0.38444694 -0.27405839
v 0.09941569 -0.36436442 -0.28576684
v 0.09232907 -0.39131765 -0.24513466
v 0.09003223 -0.38418485 -0.32177273
v 0.08874431 -0.37288399 -0.28337635
v 0.10939461 -0.56342166 -0.27058024
v 0.10316029 -0.55386930 -0.27446056
v 0.13173824 -0.43310389 -0.27327313
v 0.09365180 -0.40250033 -0.24481450
v 0.11029962 -0.55368848 -0.25803233
v 0.11209400 -0.53394378 -0.25134311
v 0.10616972 -0.43373181 -0.28014892
v 0.11658840 -0.35663948 -0.27926783
v 0.11140426 -0.54998137 -0.28051960
v 0.11856406 -0.16402861 -0.31415120
v 0.11584721 -0.55560863 -0.28114267
v 0.11465060 -0.16830538 -0.30836051
v 0.11014831 -0.56340059 -0.27965487
v 0.12207663 -0.56164271 -0.26443076
v 0.12912352 -0.53742465 -0.27479240
v 0.12099414 -0.36621577 -0.29115484
v 0.12214252 -0.18562680 -0.29174766
v 0.12049023 -0.17273092 -0.28717016
v 0.12015571 -0.15865835 -0.30796826
v 0.12762710 -0.53430460 -0.22003442
v 0.12289024 -0.50496571 -0.24315246
v 0.12197208 -0.43540866 -0.24540631
v 0.10828066 -0.36783598 -0.23867178
v 0.12263237 -0.35163010 -0.25643450
v 0.12682813 -0.16876827 -0.31274429
v 0.12486295 -0.51195774 -0.26118111
v 0.13257687 -0.48788847 -0.24066310
v 0.12885334 -0.42438496 -0.21594403
v 0.12101465 -0.38508288 -0.19628879
v 0.13187392 -0.20615036 -0.28297865
v 0.13286603 -0.18888222 -0.25160122
v 0.12803191 -0.18057088 -0.30614454
v 0.12642537 -0.16375247 -0.28934143
v 0.12472284 -0.55624977 -0.27391817
v 0.12503614 -0.52357351 -0.21685038
v 0.13107252 -0.50186018 -0.20489569
v 0.16598437 -0.39137010 -0.28007995
v 0.13204942 -0.34919007 -0.26459338
v 0.13109795 -0.21090101 -0.26019720
v 0.12780764 -0.19780690 -0.26126472
v 0.13975102 -0.16305902 -0.28430284
v 0.14024309 -0.48524926 -0.24604605
v 0.14559871 -0.44192110 -0.24214913
v 0.13524300 -0.41494604 -0.29258148
v 0.13416785 -0.39683722 -0.18305167
v 0.14498130 -0.21390315 -0.28437343
v 0.14482407 -0.18316284 -0.29992037
v 0.13580392 -0.55023510 -0.22946475
v 0.14523079 -0.49341589 -0.25382856
v 0.13494017 -0.38272290 -0.29852954
v 0.14755984 -0.34418100 -0.19960041
v 0.14756262 -0.25386800 -0.23111812
v 0.13728522 -0.20483804 -0.23082067
v 0.15752030 -0.52785388 -0.26154021
v 0.14351821 -0.50086329 -0.17737385
v 0.13758684 -0.47849261 -0.21832980
v 0.14386121 -0.44185980 -0.23383890
v 0.14610771 -0.37426860 -0.16200993
v 0.16744301 -0.34436431 -0.24683182
v 0.13201961 -0.36348153 -0.19595150
v 0.14948615 -0.33821321 -0.23783418
v 0.13990776 -0.22749695 -0.22421558
v 0.14209281 -0.16861323 -0.29804515
v 0.15469088 -0.50900114 -0.16967082
v 0.15089634 -0.22814431 -0.18896528
v 0.15099677 -0.21173983 -0.19705893
v 0.15057118 -0.16953794 -0.25422536
v 0.14956152 -0.46638264 -0.22588150
v 0.15378930 -0.46104234 -0.18312316
v 0.14867965 -0.24524755 -0.25311392
v 0.14117987 -0.55478648 -0.24006444
v 0.16101470 -0.54881184 -0.21892250
v 0.15934623 -0.46719986 -0.23358807
v 0.15771225 -0.26119589 -0.19079683
v 0.15320807 -0.18763811 -0.22244429
v 0.15572288 -0.51514979 -0.26116055
v 0.16810954 -0.44029599 -0.19200314
v 0.14647516 -0.38223882 -0.16020561
v 0.16463986 -0.20486506 -0.18349212
v 0.17466873 -0.47269103 -0.23610526
v 0.15942825 -0.48092397 -0.14963154
v 0.16791665 -0.44623495 -0.20882666
v 0.15654538 -0.41246897 -0.16599778
v 0.17502587 -0.37642324 -0.12412254
v 0.15980794 -0.33484316 -0.23399325
v 0.17289061 -0.44761851 -0.21356154
v 0.16948746 -0.44962484 -0.14946716
v 0.16942548 -0.44147961 -0.17718230
v 0.17207947 -0.43134559 -0.24296705
v 0.17841932 -0.27820110 -0.15571572
v 0.18349892 -0.53750273 -0.18533584
v 0.20295767 -0.41602134 -0.23166217
v 0.19147174 -0.34861900 -0.23956971
v 0.17202173 -0.27232056 -0.23895054
v 0.16612599 -0.24151237 -0.15693009
v 0.16862926 -0.25289787 -0.25790565
v 0.18082063 -0.19343748 -0.18132774
v 0.16983152 -0.52559773 -0.17282706
v 0.18251936 -0.46538173 -0.11538515
v 0.17286389 -0.44281109 -0.21486996
v 0.19278064 -0.43675612 -0.20940082
v 0.17629914 -0.42935368 -0.16393715
v 0.16042910 -0.42206879 -0.26572939
v 0.17733294 -0.36874918 -0.12101499
v 0.17637180 -0.28817414 -0.18581081
v 0.15834728 -0.27057567 -0.20971590
v 0.18516225 -0.27638004 -0.23638260
v 0.17403696 -0.23634568 -0.14626956
v 0.17099450 -0.19127163 -0.28379904
v 0.19023810 -0.19193829 -0.26586482
v 0.18438804 -0.44115478 -0.12636601
v 0.18991255 -0.42383597 -0.13733149
v 0.20137648 -0.40091753 -0.24640057
v 0.17734716 -0.34929724 -0.13751315
v 0.19075361 -0.21853352 -0.26954122
v 0.20176977 -0.53136266 -0.19165542
v 0.17013744 -0.49239158 -0.14117883
v 0.18975944 -0.41792220 -0.13683718
v 0.20308321 -0.36576136 -0.09078006
v 0.17788949 -0.32631387 -0.20829588
v 0.18606633 -0.29139791 -0.15683013
v 0.18178052 -0.25376439 -0.13235653
v 0.17670673 -0.22793324 -0.27252945
v 0.16718021 -0.17029407 -0.23816298
v 0.16919149 -0.53090668 -0.25092786
v 0.18215579 -0.50679029 -0.24776559
v 0.19563846 -0.44141620 -0.20602621
v 0.18965440 -0.34456671 0.19073627
v 0.18993365 -0.32376238 0.21186192
v 0.20139121 -0.32349561 -0.19994763
v 0.19009260 -0.32111420 0.19310875
v 0.19890688 -0.28408766 -0.12302200
v 0.21744107 -0.47622912 -0.09342454
v 0.21115467 -0.35728201 -0.08509771
v 0.19436682 -0.35676916 0.20480646
v 0.19851695 -0.33520708 0.22240521
v 0.20743958 -0.31123893 -0.17711905
v 0.19310132 -0.29257716 -0.21407639
v 0.20296636 -0.25401085 0.19718660
v 0.19965187 -0.17905272 -0.19543554
v 0.18057014 -0.17202327 -0.23405531
v 0.16130179 -0.54407448 -0.24280130
v 0.21008278 -0.50063668 -0.22836353
v 0.21483171 -0.50724969 -0.12648816
v 0.20873146 -0.40869314 -0.11134440
v 0.20084049 -0.36442992 0.18520369
v 0.19783619 -0.35079518 0.17892282
v 0.19231049 -0.29819421 0.20907680
v 0.20652678 -0.25762753 -0.24627947
v 0.19094545 -0.21747047 -0.14071965
v 0.19991132 -0.19534359 -0.16395517
v 0.17616688 -0.37765789 -0.26986118
v 0.20566279 -0.36701412 0.20044702
v 0.20679670 -0.34982061 0.17488799
v 0.20117513 -0.30530554 0.18651801
v 0.19969270 -0.29062097 0.22239075
v 0.20913089 -0.25617807 -0.09929696
v 0.20159392 -0.53020221 -0.16745856
v 0.22366551 -0.51472795 -0.19477031
v 0.21043846 -0.43692255 -0.08505068
v 0.20086378 -0.37319505 -0.09502284
v 0.21249185 -0.36599307 0.17953132
v 0.21778965 -0.36446090 0.20892746
v 0.20663039 -0.31798514 -0.15548896
v 0.20855541 -0.31662125 0.18392991
v 0.18884638 -0.50490375 -0.13735441
v 0.20776675 -0.47341389 -0.22486659
v 0.21120024 -0.45193214 -0.08229638
v 0.21082743 -0.38378188 -0.24573216
v 0.20822174 -0.31723159 -0.18496816
v 0.21148660 -0.31055550 -0.14246732
v 0.20310524 -0.30498864 0.23032568
v 0.20881799 -0.28457979 0.18417739
v 0.20450374 -0.25838004 0.18907164
v 0.21701694 -0.31798854 -0.12510064
v 0.20096190 -0.32635401 -0.13534094
v 0.20604911 -0.23465914 -0.11436058
v 0.20853516 -0.23060169 0.20941122
v 0.19970848 -0.17967691 -0.22754480
v 0.21027760 -0.19377317 0.18651336
v 0.22783283 -0.49799662 -0.21038874
v 0.21532662 -0.43385634 -0.19679255
v 0.21447673 -0.42883352 -0.19894062
v 0.21451346 -0.35439268 0.21987527
v 0.21674488 -0.31216884 0.19002178
v 0.21249973 -0.31184045 -0.18378841
v 0.22135352 -0.31217711 -0.11750092
v 0.22364948 -0.27724903 0.24165419
v 0.23242772 -0.27597422 -0.22225495
v 0.20928302 -0.18919375 -0.23510607
v 0.21209321 -0.22226437 0.17967972
v 0.22694668 -0.18725782 -0.17608542
v 0.20797022 -0.17958972 -0.19494274
v 0.21766477 -0.11972607 0.17993116
v 0.22372176 -0.40110908 -0.09247071
v 0.22185415 -0.37796493 0.21893831
v 0.22343804 -0.36481640 0.20116714
v 0.22118400 -0.35269943 0.23552217
v 0.22027977 -0.35665529 0.17937951
v 0.22486078 -0.33467083 -0.09011293
v 0.21729784 -0.32150602 0.23624453
v 0.20953937 -0.26511529 -0.09714165
v 0.21753139 -0.26572700 0.18099779
v 0.22160757 -0.22653778 0.17236161
v 0.22782656 -0.22984655 -0.10173937
v 0.21426154 -0.21359671 -0.25218675
v 0.21719611 -0.14685669 0.20376542
v 0.22145059 0.61557373 -0.02904267
v 0.22113738 0.64852578 0.01149836
v 0.22074214 0.68232720 -0.01711208
v 0.23035024 -0.51732358 -0.14322678
v 0.21885013 -0.35524309 -0.22552898
v 0.22961307 -0.35743544 0.20174411
v 0.23223460 -0.32966139 0.21203847
v 0.23139894 -0.25335545 0.18005275
v 0.21623955 -0.23408398 0.22418064
v 0.22479923 -0.14643920 0.21735066
v 0.22202767 -0.14179800 0.16251823
v 0.22582299 -0.10142212 0.20251547
v 0.22164125 0.59857026 -0.02911134
v 0.22519390 0.59834585 -0.00723641
v 0.22196873 0.64843605 -0.05013226
v 0.22504227 0.67633204 0.03130904
v 0.22910374 0.70745500 -0.05236853
v 0.22562397 0.70913387 0.00052921
v 0.24810127 -0.48248952 -0.08410326
v 0.23914551 -0.45024188 -0.19571827
v 0.23281751 -0.39155690 0.20754277
v 0.23109915 -0.38325135 0.19985011
v 0.21078469 -0.29520501 -0.20879876
v 0.23544654 -0.28161019 -0.07083269
v 0.25241592 -0.27241398 -0.05499890
v 0.22398357 -0.25296097 -0.23851680
v 0.24928116 -0.21774550 -0.21110934
v 0.22686835 -0.19040715 -0.15973363
v 0.23162099 0.57728914 -0.02300199
v 0.22738454 0.61989990 -0.05820627
v 0.23000805 0.71709910 -0.04394760
v 0.23591455 0.74023274 -0.01002041
v 0.25178659 -0.42855721 -0.04086133
v 0.23198507 -0.35209876 0.24678743
v 0.23032152 -0.30695928 0.24941700
v 0.21893298 -0.28848430 0.18713500
v 0.25616657 -0.20721911 -0.18088448
v 0.24044198 -0.12566694 0.14590333
v 0.23193357 -0.12435192 0.21974883
v 0.22692585 -0.09209239 0.15587025
v 0.22885822 -0.04827879 0.17026409
v 0.22612103 0.59578324 -0.04899037
v 0.22983529 0.61498108 0.03485950
v 0.23167908 0.65198435 -0.08133630
v 0.23391550 0.70881334 0.04262082
v 0.23299469 0.74601239 0.04494759
v 0.23397746 0.78694895 0.07638465
v 0.23116772 0.83160035 0.10398311
v 0.23154167 -0.51289793 -0.13030137
v 0.23229168 -0.42449484 -0.18431022
v 0.22993955 -0.36704926 -0.06515891
v 0.23257438 -0.37532548 0.23340977
v 0.23829868 -0.33327392 -0.19045074
v 0.23017410 -0.34302719 0.24906793
v 0.23718102 -0.32128067 -0.17375294
v 0.23540406 -0.31190648 0.20772730
v 0.23849884 -0.28710803 0.25024520
v 0.26067303 -0.23422571 -0.20752713
v 0.22915395 -0.22374964 0.23615431
v 0.22873245 -0.17439179 0.15966903
v 0.23416500 -0.02555832 0.15008675
v 0.23213660 0.59152732 -0.06243036
v 0.23897139 0.69544351 0.06065813
v 0.23389529 0.78394354 0.08589724
v 0.23725581 0.73558792 0.01888991
v 0.23782520 0.80182676 0.11542317
v 0.23800573 0.80177548 0.06199430
v 0.23579969 0.85021529 0.09586433
v 0.24185373 0.91761510 0.14474301
v 0.23325242 0.85508282 0.12086685
v 0.23269529 -0.48129133 -0.21136544
v 0.25210409 -0.39768585 -0.18945728
v 0.24028350 -0.38055312 0.20096244
v 0.25146670 -0.34815667 -0.19229275
v 0.23225345 -0.31450991 -0.17438394
v 0.23365241 -0.24813399 -0.08372228
v 0.24671361 -0.24074827 -0.22222551
v 0.23869437 -0.08220641 0.14123288
v 0.24334032 0.54542836 -0.01466348
v 0.24056462 0.55235623 0.00724906
v 0.23406439 0.58737907 0.02765825
v 0.24210302 0.61879023 -0.08639720
v 0.23701393 0.63980455 0.06400488
v 0.23864606 0.72195398 0.08129649
v 0.24586082 0.75672415 0.00937780
v 0.24848623 0.79522303 0.03233389
v 0.24550241 0.84142971 0.07023958
v 0.23633127 0.83323261 0.12790655
v 0.24978422 -0.41838417 -0.17062518
v 0.25411514 -0.38759476 -0.05697219
v 0.24321134 -0.38844854 0.20944111
v 0.24443715 -0.33133859 0.21818275
v 0.23805607 -0.35866946 -0.05452764
v 0.24612002 -0.36470410 0.23991302
v 0.24627451 -0.34444014 0.24960968
v 0.24094546 -0.32210700 0.25402492
v 0.25415264 -0.31670354 -0.16117570
v 0.24530239 -0.31315508 -0.16998959
v 0.25371103 -0.29114423 -0.19279358
v 0.25960831 -0.29345118 0.21450411
v 0.25551018 -0.22735354 -0.09009016
v 0.24486805 -0.19625685 -0.14693505
v 0.24456903 -0.18372273 0.15829171
v 0.23758336 -0.16180294 0.23219014
v 0.25168370 -0.17034231 0.23940349
v 0.23437523 -0.07289088 0.20335554
v 0.23921256 -0.01224012 0.17822004
v 0.23947863 0.01559955 0.15410406
v 0.24298865 0.03102682 0.14083967
v 0.24406687 0.73983170 -0.05893152
v 0.24788593 0.86045879 0.08149438
v 0.24001321 0.90563027 0.15492072
v 0.24711622 -0.37149763 -0.20952678
v 0.25407047 -0.34961186 -0.04018592
v 0.23955671 -0.27190614 -0.21991262
v 0.27181070 -0.25094749 -0.05779654
v 0.22799562 -0.21416578 -0.11925978
v 0.25268346 -0.20457126 -0.12401851
v 0.24422432 -0.08906225 0.21896742
v 0.25655276 -0.04011568 0.12468953
v 0.25212269 0.08784714 0.13887688
v 0.24296305 0.57951489 0.05408132
v 0.24571008 0.71297332 -0.08476686
v 0.24588036 0.90985155 0.12840481
v 0.25051241 0.94565662 0.15663634
v 0.24612004 0.94658022 0.17521816
v 0.25282504 0.94038569 0.18595052
v 0.25958102 -0.49066466 -0.16778903
v 0.26226387 -0.47106199 -0.18328956
v 0.25979986 -0.45946698 -0.05699011
v 0.24845725 -0.41470974 -0.17405582
v 0.23506590 -0.42385774 -0.05846018
v 0.23764838 -0.38316333 -0.21818815
v 0.25072685 -0.37487653 0.22731620
v 0.26794473 -0.37576479 0.23725042
v 0.25137740 -0.36003639 0.21488473
v 0.24301884 -0.31522728 -0.08621702
v 0.26067145 -0.26785416 0.25278918
v 0.24696398 -0.18815144 0.24067885
v 0.25302116 -0.09328584 0.13578188
v 0.24213866 -0.01563193 0.13406581
v 0.24904243 0.04168223 0.12563742
v 0.24451138 0.03452688 0.16042746
v 0.25576258 0.52371782 -0.02708978
v 0.25966145 0.53406382 -0.05754973
v 0.25190031 0.53842439 0.04443896
v 0.25791402 0.56361446 0.08136425
v 0.24005451 0.64998157 -0.09594644
v 0.24670529 0.64591162 0.08349508
v 0.25053651 0.68408263 0.08544254
v 0.24526280 0.81924168 0.13927575
v 0.25299117 -0.37232621 0.21986805
v 0.26558333 -0.35553432 -0.02780937
v 0.26229343 -0.35404035 0.25065745
v 0.25499876 -0.29272496 0.25499329
v 0.25154476 -0.21994171 0.17155619
v 0.26485370 -0.20788756 -0.11874373
v 0.25656413 -0.10286204 0.22746151
v 0.26597024 -0.02025335 0.20658584
v 0.25377839 0.01464822 0.18687608
v 0.25830010 0.10837244 0.11818053
v 0.26830020 0.14134333 0.14720089
v 0.25401848 0.52262532 0.01894061
v 0.26067140 0.56038771 -0.08525100
v 0.25041362 0.57690140 -0.08513711
v 0.25639920 0.61129541 -0.10290152
v 0.25629840 0.64584751 -0.11184943
v 0.26964643 0.68112380 0.11305493
v 0.25714314 0.68349041 -0.10948407
v 0.25923819 0.73330811 -0.09083633
v 0.24856454 0.75425804 0.11445047
v 0.25509490 0.80828841 0.03182209
v 0.26293965 0.86285935 0.06745652
v 0.25282349 0.90055758 0.17869039
v 0.25582471 0.90734853 0.11464501
v 0.25779408 0.95808798 0.16390480
v 0.25769486 0.95598977 0.18715908
v 0.25030500 0.95785548 0.17469301
v 0.26898853 -0.41272147 -0.15225473
v 0.26842469 -0.37419076 0.21498822
v 0.26853618 -0.37894659 0.22889078
v 0.25829664 -0.26933195 0.05255392
v 0.26009934 -0.24967200 0.08681035
v 0.26056529 -0.21691394 0.07604118
v 0.27397007 -0.21711540 -0.09826195
v 0.26652817 -0.17648217 0.24118601
v 0.26874702 0.51714871 0.07221906
v 0.27225773 0.71892675 0.12992099
v 0.25895993 0.77979031 0.00468946
v 0.26047995 0.81100037 0.16029050
v 0.25823845 0.84930479 0.16942220
v 0.26760491 0.93495558 0.19063906
v 0.26885577 -0.36210978 0.21015426
v 0.26659303 -0.36072685 0.06481201
v 0.26764544 -0.35342979 0.03255952
v 0.27576313 -0.33553870 -0.02935840
v 0.26713554 -0.33346803 0.10302653
v 0.26350187 -0.32052057 0.22101343
v 0.26094188 -0.31960335 0.07289392
v 0.26043579 -0.30473747 0.04280513
v 0.28716223 -0.27035811 0.25205950
v 0.26195328 -0.25467124 0.02629790
v 0.27346162 -0.08804657 0.22535223
v 0.26665455 -0.08529980 0.13355136
v 0.27150336 0.00433023 0.11255318
v 0.26314851 0.08535115 0.16940580
v 0.28217830 0.60452628 -0.12396892
v 0.26845402 0.77217374 0.15361375
v 0.26479863 0.77977032 -0.03775188
v 0.24777357 0.75758242 -0.03432657
v 0.26289994 0.83716049 0.04670059
v 0.27033100 0.90844722 0.10667852
v 0.27218499 0.95299772 0.18812878
v 0.27417280 0.94648004 0.15202451
v 0.25554757 -0.49959293 -0.10588205
v 0.26171134 -0.32128688 0.25750117
v 0.26872513 -0.31077876 0.25598929
v 0.24952455 -0.32188108 -0.07546197
v 0.28021099 -0.31550792 -0.04468709
v 0.27133645 -0.29112682 -0.17758148
v 0.26984175 -0.27006991 -0.19078511
v 0.26913046 -0.21216366 0.17708529
v 0.27982264 -0.16235715 0.16172027
v 0.26320587 -0.19542764 0.08428064
v 0.26282497 -0.19778864 0.05369151
v 0.25942776 0.02456295 0.11470686
v 0.25970950 0.06900515 0.11030222
v 0.26685967 0.10841340 0.10085803
v 0.26081347 0.58313875 -0.10336313
v 0.27170020 0.57907967 0.11063529
v 0.27020084 0.80434390 0.16527701
v 0.26380546 0.90092919 0.18520684
v 0.26991717 0.93750793 0.13931408
v 0.28587494 -0.39174687 -0.01530153
v 0.27634354 -0.37698700 0.10480011
v 0.27021106 -0.32242684 -0.14841285
v 0.26668947 -0.29382030 0.00757521
v 0.26537480 -0.28435609 0.11342629
v 0.26527506 -0.28520661 -0.04060130
v 0.27607744 -0.28754979 0.25202807
v 0.27615241 -0.24707683 -0.01408820
v 0.28745452 -0.22701705 -0.08089356
v 0.27580320 -0.21562297 -0.14582560
v 0.26869740 -0.21446145 0.11904786
v 0.27322306 -0.13880812 0.14922853
v 0.28154926 -0.11765925 0.22816353
v 0.26797868 0.50287716 0.04906865
v 0.26720901 0.63440200 0.11313994
v 0.25974804 0.75308602 -0.07260434
v 0.27258462 0.79648325 0.00311330
v 0.27620100 0.83622819 0.17151343
v 0.27219108 0.88200144 0.14721289
v 0.27165567 0.87614905 0.15445586
v 0.27546014 0.87045390 0.17728623
v 0.26847567 0.96468778 0.17817440
v 0.28630577 -0.39934508 -0.13679486
v 0.27879571 -0.40361633 0.04363020
v 0.27343673 -0.37205800 -0.17975138
v 0.27714014 -0.34802833 -0.01343776
v 0.27428647 -0.34738621 0.00210559
v 0.28631502 -0.31652224 -0.03578993
v 0.28370577 -0.31642429 -0.13899147
v 0.27606882 -0.29233551 0.21840998
v 0.27567123 -0.25448575 0.20198944
v 0.28676340 -0.25072375 -0.17575212
v 0.28863230 -0.22347494 -0.09421617
v 0.27402297 -0.18590296 0.00378479
v 0.28112108 -0.11748119 0.00987561
v 0.28541817 -0.19429816 0.23710634
v 0.27429814 -0.12333158 0.03381406
v 0.26935587 -0.05934351 0.21858581
v 0.27929712 -0.03523060 0.12233405
v 0.27700413 0.01285729 0.19972223
v 0.26723560 0.02997641 0.19160100
v 0.27555356 0.14745362 0.08828792
v 0.28697397 0.15821675 0.15890299
v 0.27185761 0.16623194 0.10422958
v 0.26714812 0.15396530 0.12804782
v 0.27940950 0.53368069 -0.08659752
v 0.26886660 0.69922424 -0.11683378
v 0.27546894 0.83845665 0.14028111
v 0.27703673 0.82612952 0.14483418
v 0.28177917 0.84210692 0.16018943
v 0.27902045 0.88373462 0.17270906
v 0.26954381 0.90673701 0.15727533
v 0.27628343 0.91929618 0.18018484
v 0.28208184 0.90820755 0.14553513
v 0.27335361 0.91925685 0.16263126
v 0.27094078 -0.49248505 -0.13350067
v 0.28915415 -0.47177526 -0.06540414
v 0.28521187 -0.40383436 -0.00927819
v 0.28794045 -0.37504058 -0.02168224
v 0.28317402 -0.36391143 -0.01703005
v 0.27999435 -0.36843412 0.22471271
v 0.28396578 -0.35223830 0.23398182
v 0.27968181 -0.33727395 -0.01530456
v 0.28347181 -0.32500407 -0.02471000
v 0.28198814 -0.31540908 0.24688518
v 0.27549249 -0.34158752 0.25080321
v 0.28500414 -0.30890205 -0.02856215
v 0.27710463 -0.28640114 -0.02693351
v 0.27784437 -0.28744426 -0.01848771
v 0.27890619 -0.25455156 0.14822989
v 0.28392523 -0.26883817 -0.03159262
v 0.28472723 -0.22556779 0.19596467
v 0.28735664 -0.18289826 0.17817949
v 0.27768127 -0.11183763 0.09411252
v 0.27333568 0.49708996 -0.03015174
v 0.27222975 0.52303212 -0.06779138
v 0.28962792 0.59391448 0.13551850
v 0.28660352 0.68965918 0.12951367
v 0.28083041 0.72823763 0.14108988
v 0.30013786 0.74414301 -0.11774461
v 0.27602220 0.74408473 -0.10054525
v 0.27922446 0.79378141 0.13386832
v 0.27818316 0.78781205 0.16127678
v 0.28126455 0.85025641 0.16769933
v 0.28253285 0.84512992 0.04058381
v 0.28213603 0.89349359 0.13428549
v 0.29032307 -0.43415339 0.07950005
v 0.28021048 -0.39262620 0.01406693
v 0.28232998 -0.35235748 0.22201422
v 0.28158101 -0.33730423 -0.15201147
v 0.27828191 -0.32472959 0.22233091
v 0.27811258 -0.31014113 0.14098097
v 0.27507064 -0.30968542 0.22265670
v 0.28507105 -0.30764739 0.24599732
v 0.28942519 -0.25419642 -0.03703789
v 0.28118529 -0.23517245 0.24589982
v 0.29032648 -0.15174335 0.22639836
v 0.28649862 -0.07160509 0.21859474
v 0.27872176 -0.07968825 0.07025775
v 0.28763808 0.01661712 0.10961142
v 0.28421754 0.04654894 0.10175692
v 0.28039143 0.09364452 0.09182359
v 0.28239672 0.18788593 0.08490727
v 0.28841865 0.21377073 0.08928949
v 0.28717057 0.20750078 0.11448810
v 0.27521411 0.48598028 0.02341335
v 0.29192857 0.63745268 0.13891239
v 0.28852392 0.73893143 0.14490306
v 0.28464857 0.79652271 0.16082326
v 0.28113856 0.78432608 0.12120394
v 0.29237844 0.81409948 0.00466122
v 0.28967037 0.79411392 0.15192033
v 0.28470141 0.82298966 0.16355445
v 0.28002872 0.95193646 0.17599741
v 0.28670909 0.93744048 0.17693099
v 0.28686698 -0.97462770 0.10142862
v 0.29031203 -0.93706064 0.08856830
v 0.27484193 -0.43918785 -0.16379897
v 0.28411703 -0.42702832 -0.02159626
v 0.29312050 -0.44235910 0.04684336
v 0.28041341 -0.40918793 0.07377686
v 0.29240657 -0.42848925 0.01497310
v 0.29265954 -0.40412331 -0.12870069
v 0.29185844 -0.38992727 0.13317192
v 0.28979820 -0.41070231 0.00041751
v 0.28667066 -0.39101433 -0.00512522
v 0.29917527 -0.36734896 -0.14828731
v 0.28692998 -0.32857392 0.23277707
v 0.28746153 -0.32169190 0.20608794
v 0.29023696 -0.24634036 0.20735902
v 0.28175906 -0.19896828 0.14444071
v 0.28322449 -0.19420957 -0.01884057
v 0.29409272 -0.13565405 0.15963010
v 0.29293445 -0.10813891 0.15044213
v 0.29003747 -0.04755743 0.09795116
v 0.28023527 -0.08708989 0.13693799
v 0.28700149 -0.00700048 0.20447774
v 0.28235355 0.08891408 0.18168566
v 0.29442667 0.14516100 0.07523364
v 0.29418798 0.19242160 0.06728346
v 0.28324507 0.52682343 0.10815996
v 0.27784051 0.66881827 -0.12856184
v 0.29240228 0.75275932 0.12647702
v 0.28919795 0.78841678 -0.06838080
v 0.28177492 0.76800227 0.12108011
v 0.29004420 0.76947869 0.15115037
v 0.28997819 0.85553329 0.11596038
v 0.28126834 0.87771548 0.07211974
v 0.29220265 -0.97150225 0.06909417
v 0.29560309 -0.97043526 0.13201342
v 0.27386006 -0.48689756 -0.08540031
v 0.28571934 -0.45858501 -0.15733076
v 0.29448188 -0.41998440 -0.00744597
v 0.28752344 -0.35526973 0.14282391
v 0.28522815 -0.33206368 0.22411671
v 0.28784698 -0.32371975 -0.13303532
v 0.29628441 -0.31813436 0.20079115
v 0.31085943 -0.26738054 0.18876203
v 0.29245115 -0.23003716 0.23542238
v 0.30515636 -0.23708668 -0.06255535
v 0.29283240 -0.20878556 0.19991619
v 0.29321305 -0.20925003 -0.03875992
v 0.30261411 -0.18997926 -0.04852301
v 0.28277569 -0.13578822 0.12334653
v 0.29757751 -0.00489468 0.00266533
v 0.29107716 -0.01184069 0.07553635
v 0.27927725 -0.07421024 0.04786721
v 0.29628976 0.03687592 0.04320938
v 0.29491579 0.05294444 0.19138992
v 0.30099831 0.24164415 0.08538604
v 0.28754058 0.47978643 -0.03163800
v 0.27752773 0.58228420 -0.11805669
v 0.29121231 0.76038641 0.11331835
v 0.29242753 0.77695811 0.10716709
v 0.29126167 0.76893069 0.14039124
v 0.29847189 0.88694550 0.12486694
v 0.29090683 0.90377657 0.09991222
v 0.28278346 0.94518649 0.15870163
v 0.29441679 0.93201034 0.16490730
v 0.29083376 -0.93921816 0.11119322
v 0.29674170 -0.84931426 0.11680755
v 0.30543353 -0.45776331 -0.04735824
v 0.29575459 -0.44636011 -0.03299418
v 0.29347642 -0.33216420 0.20844979
v 0.30016336 -0.29042925 0.24969746
v 0.29316785 -0.27453224 0.21077715
v 0.31084362 -0.26094191 -0.13700325
v 0.29060927 -0.25079379 -0.04631433
v 0.29620313 -0.20601736 0.21025048
v 0.29587555 -0.19544889 0.22132388
v 0.29627328 -0.14588122 0.15397054
v 0.29811078 -0.13994426 0.16520810
v 0.29762737 -0.11988150 0.14735136
v 0.29908757 -0.09715524 0.14048307
v 0.29604627 -0.06617393 -0.01043542
v 0.29407786 -0.07543362 0.13831210
v 0.29716291 -0.04711202 0.13166301
v 0.30152629 0.00211138 0.11701415
v 0.29646796 -0.00045568 0.08806576
v 0.29434795 0.01168675 0.02218067
v 0.28887879 0.08284073 0.09229844
v 0.30780367 0.24365000 0.10169307
v 0.30672076 0.49745618 -0.07774018
v 0.29886786 0.58356505 -0.13031878
v 0.28761669 0.64454356 -0.13367696
v 0.29194705 0.70634977 -0.12957052
v 0.29128457 0.69650738 0.13330940
v 0.29496072 0.74508712 0.14190434
v 0.29935697 0.77985348 0.10427060
v 0.30018905 0.80617368 0.09642949
v 0.31242626 0.82437440 -0.01605312
v 0.28204236 0.92597625 0.17327215
v 0.29898979 -0.99251440 0.09246370
v 0.29533544 -0.98618471 0.12198062
v 0.29480469 -0.98551341 0.07710509
v 0.29635097 -0.92690801 0.12359387
v 0.29262264 -0.88055084 0.09134894
v 0.29587788 -0.82897387 0.10279330
v 0.30236216 -0.73588381 0.11091402
v 0.31213660 -0.42794951 0.14191463
v 0.29694700 -0.36285460 -0.15157464
v 0.33000724 -0.34894585 -0.10405213
v 0.31022606 -0.32692984 0.20539516
v 0.31083750 -0.31222321 0.24011920
v 0.29780109 -0.29892399 -0.14083342
v 0.30833764 -0.28240243 0.21125879
v 0.28890849 -0.23553464 -0.15666068
v 0.29904101 -0.23910797 -0.04872151
v 0.30228836 -0.18034481 0.17178130
v 0.30357066 -0.15565093 0.16710616
v 0.29563002 -0.15535502 0.17649176
v 0.29974728 -0.11653037 0.16375381
v 0.30044044 -0.14042342 0.20911305
v 0.29800615 -0.09707283 0.14708509
v 0.29812936 -0.07194963 0.13601244
v 0.29910314 -0.06171019 0.12817493
v 0.30135904 -0.03366715 0.12680368
v 0.30533104 -0.00555978 0.11494580
v 0.30482084 0.02944932 0.10911460
v 0.30951873 0.08190036 0.09356197
v 0.30975243 0.10057715 0.17969727
v 0.30505815 0.20138763 0.14368930
v 0.29967736 0.74178382 0.13403121
v 0.29863444 0.75361661 0.12268584
v 0.29817805 0.81153872 -0.03520299
v 0.30124184 0.86375631 0.10587313
v 0.30146755 0.88336228 0.07658057
v 0.30074447 0.89921347 0.14893546
v 0.29733895 0.92093034 0.16426638
v 0.30732431 0.91676577 0.14732000
v 0.30501778 -0.95050247 0.14409556
v 0.30507372 -0.80479151 0.07810519
v 0.30859770 -0.77175864 0.13939070
v 0.30735274 -0.69482723 0.12920384
v 0.29376095 -0.46697934 -0.12926642
v 0.29324595 -0.42442860 0.10988179
v 0.29737123 -0.31104763 0.17057204
v 0.30931466 -0.26976869 0.22092604
v 0.29786160 -0.24244125 0.22370466
v 0.29812262 -0.12809115 -0.02901799
v 0.30148879 -0.15251726 0.19309454
v 0.30370141 -0.10541880 0.16010430
v 0.30264818 -0.07860212 0.20620452
v 0.29769917 -0.08027254 0.21267453
v 0.30313796 -0.02674536 0.11955000
v 0.30520878 -0.00161567 -0.01362603
v 0.29938477 -0.01574393 0.20169097
v 0.31284243 0.06659100 0.18310617
v 0.30602065 0.05059351 0.10312237
v 0.31630830 0.13227963 0.07609657
v 0.29210098 0.20289774 0.13194669
v 0.30592451 0.25013066 0.06469267
v 0.29323427 0.48890799 -0.05534453
v 0.31072171 0.52650396 -0.10288823
v 0.30087595 0.71311244 0.13708103
v 0.30095384 0.78273119 -0.08717006
v 0.30358975 0.79194064 0.09577611
v 0.29117580 0.91995947 0.12277675
v 0.30778425 -0.92917802 0.14005948
v 0.30432201 -0.89423804 0.06306079
v 0.29729071 -0.87724688 0.07583753
v 0.30459236 -0.74696275 0.09186360
v 0.30573440 -0.45246582 0.00892144
v 0.30881862 -0.46846795 0.08643927
v 0.30340748 -0.44314005 -0.13549047
v 0.30764366 -0.42976786 -0.12832028
v 0.31433298 -0.32880217 0.21781414
v 0.30568441 -0.33562346 0.22144488
v 0.29849020 -0.20939291 0.17297378
v 0.30616576 -0.23367906 -0.05771550
v 0.30859533 -0.08779382 0.17663489
v 0.30560794 -0.10619240 0.19766643
v 0.30645221 -0.06867253 -0.02933835
v 0.31124674 -0.06458178 0.18800364
v 0.31533561 -0.02330745 -0.03458625
v 0.30794534 0.03242795 0.10231685
v 0.29784802 0.03762001 0.06478341
v 0.31491389 0.14856292 0.06941779
v 0.29978675 0.17364345 0.06521182
v 0.30915355 0.23410496 0.03979138
v 0.30309401 0.45450755 0.07735135
v 0.30197297 0.47051209 0.10167070
v 0.31838572 0.47903580 0.13743512
v 0.32117393 0.58927901 -0.13639749
v 0.30520922 0.67649295 0.14620023
v 0.30655279 0.73917769 0.13379260
v 0.31190426 0.80462242 -0.06718837
v 0.30563396 -0.89219292 0.13491231
v 0.30419394 -0.74743048 0.13031691
v 0.31091793 -0.63891090 0.12093481
v 0.29766261 -0.46942516 -0.07881422
v 0.31146608 -0.45733561 -0.09031341
v 0.31183576 -0.44197727 -0.01960684
v 0.30210570 -0.39201394 -0.11822359
v 0.32912398 -0.32557080 -0.08459043
v 0.31174747 -0.28734561 0.24172791
v 0.30172847 -0.25551411 0.23846177
v 0.30868114 -0.26792304 -0.14440735
v 0.31687185 -0.12269743 -0.05218723
v 0.30624084 -0.13279569 0.16488355
v 0.31075692 -0.08433399 0.15782640
v 0.31200026 -0.06416668 0.16015950
v 0.30885989 -0.03251571 0.19451202
v 0.31242844 0.07507080 0.09134788
v 0.31702054 0.06621365 -0.01933359
v 0.31407553 0.08982641 0.08483241
v 0.30668486 0.19852597 0.05090094
v 0.29724824 0.22572830 0.06697628
v 0.30684511 0.77183585 -0.10198423
v 0.31338105 0.80454756 0.08744177
v 0.31782606 0.82967483 0.01593771
v 0.32173205 0.84652615 0.08900868
v 0.31024936 0.86591281 0.10390352
v 0.31980625 0.87240432 0.12623089
v 0.31456629 0.88740013 0.13894985
v 0.31321613 0.88562073 0.08590606
v 0.30670553 0.91380207 0.13024894
v 0.31271823 -0.98896446 0.05769890
v 0.30766348 -0.97217772 0.04949546
v 0.31511586 -0.87815102 0.05600100
v 0.31602447 -0.73150968 0.07528872
v 0.31542558 -0.64502486 0.09074573
v 0.31436058 -0.68739714 0.14389815
v 0.31869195 -0.60070448 0.13500345
v 0.32048029 -0.56503822 0.10623267
v 0.30908990 -0.65794693 0.10836232
v 0.30904466 -0.47305943 0.04698021
v 0.32003439 -0.47549745 0.10944160
v 0.33046871 -0.42549015 -0.09571109
v 0.32374279 -0.38869380 -0.09062993
v 0.31095061 -0.30650561 0.20293522
v 0.31559892 -0.27854321 0.22447367
v 0.30975542 -0.23770355 -0.07113134
v 0.33817076 -0.06850703 0.17557981
v 0.31838267 -0.05731119 0.15456313
v 0.31787673 -0.03433152 0.15289402
v 0.31431414 0.10865387 0.00030735
v 0.31579563 0.11659008 0.08122484
v 0.31111075 0.11177551 0.05436333
v 0.31213305 0.12430056 0.02407315
v 0.31493541 0.19670735 0.03880053
v 0.30809686 0.15927607 0.16508524
v 0.31900110 0.26225034 0.01667408
v 0.32428009 0.27342560 0.07362096
v 0.32265266 0.82806452 0.07599579
v 0.31002665 0.90455589 0.14948544
v 0.32377213 -0.91323609 0.14842841
v 0.32095519 -0.87284426 0.14683993
v 0.31661656 -0.80265045 0.06492204
v 0.31752088 -0.82280988 0.14715861
v 0.32012650 -0.75842080 0.15214709
v 0.32261153 -0.55145463 0.12463240
v 0.31812758 -0.44753407 -0.03029545
v 0.32966313 -0.41870508 0.16607845
v 0.32913506 -0.38009165 -0.08357250
v 0.32034226 -0.30849015 0.21933147
v 0.32293999 -0.25146749 -0.08340634
v 0.32650685 -0.24712852 -0.07858271
v 0.31853104 -0.23757293 -0.07042278
v 0.31879355 -0.19301191 0.19113699
v 0.32125770 -0.19907575 -0.07047546
v 0.32213418 -0.11922056 0.17842246
v 0.31537648 -0.04259200 0.17464006
v 0.31599941 -0.01122372 0.18270779
v 0.31877195 0.13084628 0.06953866
v 0.31667126 0.16893775 0.03266353
v 0.32012019 0.15269981 0.06139571
v 0.31898487 0.14983364 0.16669139
v 0.31866539 0.17044409 0.05546106
v 0.31694427 0.21725455 0.01413066
v 0.31606295 0.26446320 0.03740842
v 0.29097868 0.46483944 0.00574221
v 0.32574991 0.42598081 0.00135899
v 0.32112426 0.60176966 0.16286636
v 0.31159767 0.67018306 -0.14326215
v 0.31853574 0.76832146 0.12518175
v 0.33229051 0.79366648 -0.09661472
v 0.32890973 0.82338001 -0.04577558
v 0.32449897 0.82024363 0.07436220
v 0.30986835 0.84715554 0.03746040
v 0.32677006 0.87595560 0.12717644
v 0.32116762 0.89886348 0.13162042
v 0.31005060 -0.99561188 0.12667342
v 0.34332008 -0.98770636 0.04618678
v 0.32674874 -0.92790885 0.04555184
v 0.32692235 -0.78846834 0.06012849
v 0.32777451 -0.60964145 0.07957884
v 0.32348772 -0.65801691 0.15239378
v 0.32307160 -0.53387155 0.10727026
v 0.33698037 -0.50706447 0.06960589
v 0.31659626 -0.44951228 -0.01952312
v 0.33129514 -0.43940809 -0.05260764
v 0.32559442 -0.31777339 -0.08706297
v 0.32971177 -0.29766863 -0.09976357
v 0.32501229 -0.01586171 0.14870724
v 0.32324884 0.05404551 0.17505343
v 0.32038700 0.17930392 -0.00025974
v 0.32559490 0.21322954 0.14216479
v 0.32585782 0.24531162 -0.00722597
v 0.33066547 0.28654356 -0.00186903
v 0.33324507 0.29179715 0.05608166
v 0.31845042 0.27234963 0.05034701
v 0.32832859 0.43952887 -0.02903134
v 0.34279298 0.51125190 -0.10143245
v 0.32565316 -0.99991343 0.10626650
v 0.32073969 -0.99855364 0.08746997
v 0.33999680 -0.92044850 0.16406429
v 0.33106974 -0.86158373 0.05082933
v 0.33622206 -0.66686154 0.16232672
v 0.32694057 -0.56404828 0.08815953
v 0.32484085 -0.60991865 0.14810071
v 0.32423601 -0.52658650 0.12555375
v 0.32683799 -0.48590634 0.13415452
v 0.32919407 -0.44650509 -0.03899876
v 0.33830734 -0.41206327 -0.08754744
v 0.31400443 -0.38183991 0.16653120
v 0.33989698 -0.34562056 -0.09247383
v 0.32317363 -0.27769788 -0.12052311
v 0.33746023 -0.24984749 0.20728655
v 0.33523146 -0.19632735 0.20284765
v 0.33081231 0.00219972 0.14645773
v 0.32406605 0.00080107 0.15014016
v 0.32847390 0.01531060 0.14368207
v 0.32490276 0.01175809 0.16236136
v 0.32941295 0.09196392 0.16797977
v 0.33115427 0.30137872 0.02552538
v 0.32014324 0.45899816 0.12490737
v 0.32369305 0.68970217 0.15437328
v 0.33062214 0.76883244 -0.11664723
v 0.33076517 0.78031992 -0.10942057
v 0.33404660 0.83842964 0.03233863
v 0.33286974 -0.77982011 0.15754234
v 0.33648244 -0.60098834 0.15804334
v 0.33582000 -0.46720173 0.14967019
v 0.32316463 -0.48771039 0.09926791
v 0.32799120 -0.48376400 0.00803584
v 0.32949766 -0.46093661 0.14267931
v 0.31774901 -0.33141769 0.18685099
v 0.33388087 -0.26334004 -0.08609954
v 0.34575700 -0.19645822 -0.08870833
v 0.33878795 -0.13191751 -0.07354221
v 0.33250999 0.03988314 -0.04357882
v 0.33543540 0.03383913 0.14013607
v 0.33124386 0.03846360 0.14149259
v 0.33710585 0.08573210 0.15031135
v 0.33821722 0.11902036 0.15754883
v 0.31318580 0.43467310 0.05241469
v 0.33935663 0.62813781 0.17210625
v 0.32854033 0.62290510 -0.14717830
v 0.33664254 0.80424541 -0.08525386
v 0.33801619 0.83532723 0.00687522
v 0.32904273 0.87998671 0.09546779
v 0.32018307 -0.98839238 0.16026138
v 0.34356830 -0.93178216 0.04277477
v 0.33225401 -0.93012974 0.17160124
v 0.33457559 -0.88236377 0.15012946
v 0.32996959 -0.66811604 0.07082408
v 0.33994270 -0.59751522 0.07088264
v 0.33064035 -0.54399365 0.14366544
v 0.35557042 -0.45541340 0.16711030
v 0.33547559 -0.38093473 -0.07886168
v 0.32394391 -0.36217505 -0.11444985
v 0.33885510 -0.28320374 -0.09650017
v 0.33774481 -0.12606306 0.19202179
v 0.32795577 -0.05550936 -0.05342243
v 0.33525624 0.05949777 0.13689012
v 0.33588714 0.13711788 -0.03473814
v 0.32742679 0.15086116 -0.02121863
v 0.33826619 0.23221867 -0.02926833
v 0.34477734 0.23531156 0.12668549
v 0.33253906 0.41904574 0.08721393
v 0.32153680 0.71768498 -0.13741394
v 0.33087010 0.80040942 0.10058883
v 0.33611722 0.82819312 0.07899211
v 0.33270959 0.85156050 0.10966762
v 0.33293033 0.88012394 0.11781950
v 0.33815406 -0.99607708 0.17106219
v 0.34578344 -0.77455989 0.16062982
v 0.34142109 -0.53943881 0.07196060
v 0.33026635 -0.51119692 0.08472737
v 0.33951846 -0.50463904 0.03097512
v 0.34221073 -0.42203282 -0.07161100
v 0.34325734 -0.35917774 -0.08798526
v 0.33460914 -0.31158516 -0.08590380
v 0.34242073 -0.29190361 -0.09307222
v 0.33765951 -0.02065036 0.15953341
v 0.34618034 -0.05641115 -0.06801411
v 0.34113231 0.06912559 0.13369102
v 0.34103011 0.08939739 0.13328794
v 0.33061832 0.14833720 0.16209600
v 0.32238322 0.24049322 0.11952718
v 0.34315402 0.28345914 -0.02327015
v 0.34289634 0.33586110 0.00595153
v 0.33652395 0.40585614 0.02552047
v 0.34055404 0.40074383 0.01797837
v 0.32295679 0.44711950 0.11734362
v 0.32370929 0.50579385 0.15469414
v 0.35091257 0.56968613 0.18049878
v 0.33447884 0.75117576 -0.12761882
v 0.34309281 0.84260304 0.04492501
v 0.34059905 -0.99908153 0.14948052
v 0.34106004 -0.99501458 0.06106154
v 0.33707044 -0.97223178 0.03848863
v 0.34279306 -0.80523839 0.05471436
v 0.33972055 -0.71017887 0.06289262
v 0.34627671 -0.63313364 0.06531501
v 0.35104521 -0.51868330 0.06367783
v 0.35074293 -0.40748736 -0.07883300
v 0.34925069 -0.32403840 0.20678777
v 0.34577576 0.11445657 0.13278893
v 0.35506561 0.21060844 0.13460417
v 0.35852339 0.27484941 0.09740199
v 0.34993900 0.30606805 0.06720235
v 0.34488204 0.35498920 0.02272285
v 0.34317911 0.38596874 0.02857193
v 0.34254008 0.39933568 0.05162629
v 0.34658524 0.41099336 -0.00984985
v 0.34203482 0.53602163 -0.11676285
v 0.33724832 0.74284797 0.14458351
v 0.34697092 0.72855647 -0.13983816
v 0.35173200 0.78596162 0.12053595
v 0.35010657 0.81536623 0.08717598
v 0.35686946 0.81939435 0.08998292
v 0.35089380 0.85290887 0.07994352
v 0.35153185 -0.89892935 0.04638184
v 0.34442619 -0.68415395 0.16532052
v 0.34268238 -0.54048788 0.15623013
v 0.35605890 -0.47559260 0.16533635
v 0.34382936 -0.43220504 -0.06072870
v 0.34852620 -0.34850452 -0.09205719
v 0.33705191 -0.29255402 0.20538463
v 0.34408786 -0.27909624 -0.09377426
v 0.34500720 0.08028372 0.13283126
v 0.34956600 0.12368441 0.12597610
v 0.34812041 0.14429915 -0.04559087
v 0.35386510 0.15637466 0.13636004
v 0.35147735 0.17959558 0.14303713
v 0.33819627 0.18891740 0.14941269
v 0.35547029 0.20847232 -0.04751846
v 0.34272546 0.28307532 0.08115999
v 0.34745937 0.33429130 -0.00702007
v 0.34575261 0.34203934 0.04002063
v 0.35992775 0.42037564 0.14852195
v 0.32911759 0.47908324 -0.07367004
v 0.34505708 0.83467446 0.09869052
v 0.34069945 0.86050017 0.11285687
v 0.36453585 -0.99931267 0.11882748
v 0.34865152 -0.90381218 0.15054793
v 0.34734851 -0.85768843 0.15275495
v 0.35492429 -0.70358610 0.06128812
v 0.34943942 -0.60459178 0.16520795
v 0.33376469 -0.36326402 0.19047707
v 0.36103634 -0.09405317 -0.08136974
v 0.34847993 0.04932925 -0.05567126
v 0.34690138 0.10200356 0.12781170
v 0.35192609 0.36738215 -0.00167522
v 0.35355650 0.38846025 0.06185807
v 0.33833645 0.68004165 -0.14655237
v 0.34610401 0.81596191 -0.07108051
v 0.34356856 0.83493741 0.03099057
v 0.35359422 0.85005044 0.09574977
v 0.34824596 -0.99891996 0.08379973
v 0.36097192 -0.99345393 0.20876256
v 0.36016152 -0.97618241 0.04124272
v 0.37069485 -0.98153401 0.23619064
v 0.36306458 -0.94037341 0.04630168
v 0.35418623 -0.91403644 0.15807844
v 0.35790075 -0.58312430 0.06422582
v 0.35600778 -0.54622154 0.16422041
v 0.35538277 -0.41032445 0.18656376
v 0.36988300 -0.33054411 0.21349339
v 0.36050209 -0.27392880 0.21735802
v 0.35644834 0.02975984 0.15726063
v 0.35395864 0.11715181 0.12616379
v 0.35961112 0.14215227 0.12191875
v 0.35427165 0.27280350 -0.03663774
v 0.34930628 0.33133438 0.05294557
v 0.35145481 0.36755325 0.05032106
v 0.36963744 0.39952596 0.13308909
v 0.35214111 0.44249360 0.15587987
v 0.34373968 0.45889724 0.15971601
v 0.32645186 0.54262786 0.16336101
v 0.34702092 0.55743119 -0.12686951
v 0.35847249 0.61659589 -0.14713189
v 0.35843561 0.70857548 -0.14318080
v 0.38065381 0.72407855 0.16043547
v 0.36278914 0.83457736 -0.11451766
v 0.37110253 0.84496940 -0.10282113
v 0.35039653 0.83850998 0.09999121
v 0.35845915 -0.86923271 0.14951624
v 0.35573673 -0.79556838 0.05644277
v 0.36185132 -0.74164399 0.16256768
v 0.35633640 -0.69240350 0.16651495
v 0.36619460 -0.34597727 -0.09931565
v 0.36045599 -0.23292063 -0.09970296
v 0.36342000 0.03971680 -0.06640902
v 0.35602602 0.14587261 0.12256092
v 0.36334745 0.15994231 0.11955919
v 0.36630652 0.19074019 0.12725508
v 0.35835980 0.29225348 0.08333920
v 0.36615666 0.30956217 0.07860166
v 0.36425646 0.33331929 0.06913048
v 0.36976174 0.37540211 0.07055655
v 0.39541997 0.36964075 0.11854512
v 0.35579000 0.82425084 -0.05686265
v 0.35988727 0.83545078 0.02751289
v 0.35804473 -0.94721609 0.21946808
v 0.36427294 -0.90642709 0.14694410
v 0.35986915 -0.52861338 0.06137813
v 0.36322703 -0.51067076 -0.00283023
v 0.36728887 -0.21958030 0.21901692
v 0.35127510 -0.16688695 0.20717194
v 0.36518300 0.23324350 0.12120749
v 0.35053182 0.39335527 -0.00220526
v 0.34974842 0.40550684 0.10297814
v 0.36567107 0.42163458 -0.03440887
v 0.37149589 0.43520570 0.18155323
v 0.36490737 0.82837566 0.08798040
v 0.35464887 0.82255368 -0.06672414
v 0.36459355 0.83092393 0.05508036
v 0.37418310 -0.97079328 0.04854684
v 0.35829620 -0.92985089 0.20794434
v 0.37121816 -0.88534505 0.05505463
v 0.37410876 -0.92208392 0.21749489
v 0.39232493 -0.91716167 0.21195940
v 0.36771379 -0.80294716 0.06008949
v 0.36810133 -0.71672233 0.06290226
v 0.36646527 -0.66418011 0.06228133
v 0.37574829 -0.53428924 0.06028480
v 0.37004561 -0.54392763 0.16701667
v 0.35828714 -0.37373063 0.19982581
v 0.36296373 -0.29233266 -0.10241771
v 0.36676588 -0.08501325 0.19547025
v 0.36408931 0.10666119 -0.05983045
v 0.38983558 0.13982327 0.13750218
v 0.36420497 0.34743111 -0.02229364
v 0.38000993 0.34128156 0.07559285
v 0.38665120 0.41512320 0.17920834
v 0.38052551 0.78525728 -0.16067199
v 0.37363602 0.80147433 -0.15624840
v 0.38453686 -0.99944982 0.21758211
v 0.37509495 -0.74276469 0.06545751
v 0.36525183 -0.61742519 0.16819843
v 0.36206714 -0.01971157 0.17505866
v 0.37415791 0.27548485 0.09830374
v 0.37243752 0.41161031 -0.02901429
v 0.37614754 0.46593464 0.19292559
v 0.37609589 0.50214034 0.19559518
v 0.37431159 0.54603043 -0.12125898
v 0.36208418 0.64729873 0.17878067
v 0.37370385 0.65043971 -0.14418998
v 0.36611661 0.74575940 0.14893332
v 0.36262834 0.80950346 -0.14159233
v 0.34651222 0.83401115 -0.02334920
v 0.33284467 -0.97440412 0.18647642
v 0.37181086 -0.86515373 0.14415061
v 0.37580328 -0.81102169 0.06440577
v 0.38297454 -0.77920388 0.07101633
v 0.37377564 -0.73825984 0.15926810
v 0.38289087 -0.70446388 0.06936683
v 0.38078323 -0.55224456 0.16646217
v 0.35345409 -0.48469146 -0.02949094
v 0.37801641 -0.46388371 0.17136900
v 0.38450042 -0.45148770 -0.07229098
v 0.37457095 -0.40228322 -0.08978498
v 0.37634450 -0.41514393 0.19246225
v 0.37132508 -0.10696436 0.20275079
v 0.37850261 0.06448403 0.15760597
v 0.36608969 0.24254541 -0.05008772
v 0.37577478 0.38980184 -0.02307412
v 0.36890041 0.46540808 -0.07231454
v 0.37422768 0.58493518 0.19013983
v 0.38697940 0.68699835 -0.14062012
v 0.38353638 0.76907077 0.13433547
v 0.37330067 0.81556424 0.08465346
v 0.37456653 0.82300241 0.06844081
v 0.39169301 0.86679516 -0.13762864
v 0.41906890 -0.99838628 0.15699402
v 0.39093179 -0.96095172 0.26922138
v 0.37887677 -0.92345873 0.05831795
v 0.37721424 -0.91361064 0.15480776
v 0.37884819 -0.90926995 0.13824851
v 0.37750443 -0.77602563 0.15231352
v 0.37637448 -0.52685075 0.02350221
v 0.38364073 -0.23763344 -0.10833671
v 0.38679853 -0.18954693 -0.10412124
v 0.37115141 0.17753479 0.11960834
v 0.38441816 0.22155778 0.11634308
v 0.37734920 0.31482733 0.08088101
v 0.38082606 0.49369880 -0.09206310
v 0.37417450 0.82888371 -0.04315708
v 0.38738667 0.82970356 0.04179395
v 0.37762526 0.84403176 -0.14101282
v 0.39223053 -0.99095773 0.25242053
v 0.38454215 -0.96444836 0.05787870
v 0.38650924 -0.93645815 0.25498918
v 0.38893857 -0.90870097 0.12415395
v 0.38671291 -0.87538137 0.12813281
v 0.38937633 -0.83673903 0.07719515
v 0.38857397 -0.67814775 0.15701928
v 0.37651320 -0.65899963 0.16508219
v 0.38916106 -0.46725214 0.17110644
v 0.40367361 -0.40331990 -0.09563674
v 0.38120985 -0.28026770 0.22284388
v 0.37591801 -0.07445769 -0.08505529
v 0.36877561 0.15812515 -0.05802646
v 0.38220329 0.25396675 0.10763009
v 0.38921749 0.77451078 -0.16265458
v 0.38643896 0.80070218 0.10159439
v 0.36838061 0.82930784 -0.05773149
v 0.37980869 -0.98290040 0.05879692
v 0.38543241 -0.87917683 0.06878995
v 0.37863239 -0.88531861 0.13617145
v 0.38611368 -0.75557599 0.07394148
v 0.38563375 -0.74560792 0.15045644
v 0.39023543 -0.62336943 0.07039058
v 0.37994791 -0.59267409 0.06512392
v 0.39183731 -0.55376058 0.16368853
v 0.39627748 -0.53983487 0.06528892
v 0.38096400 -0.53157211 0.05436481
v 0.38740743 -0.34042358 -0.10592100
v 0.38364625 0.10023601 -0.06782460
v 0.38093449 0.28429896 -0.04905992
v 0.39426907 0.39096004 -0.02865325
v 0.37923547 0.61143477 -0.14312167
v 0.41395009 0.73155190 0.15427873
v 0.38233062 0.83582321 -0.00414261
v 0.39901303 0.86987303 -0.10741745
v 0.38341095 -0.99976114 0.18078137
v 0.37943774 -0.99084409 0.06978261
v 0.39988789 -0.98244124 0.27020237
v 0.40011040 -0.93939310 0.27198573
v 0.39439992 -0.48724651 -0.05205200
v 0.36654833 -0.46340260 -0.05687111
v 0.40001050 -0.42112831 0.19349173
v 0.39353075 -0.36824869 0.21057357
v 0.37254640 -0.17494062 0.21656816
v 0.39643128 0.17844006 0.12615690
v 0.39454956 0.36080972 0.07879522
v 0.39470349 0.41914160 0.19894119
v 0.40393033 0.52851524 -0.10796819
v 0.40011774 0.81482527 -0.17223575
v 0.39483497 0.83363758 -0.16882189
v 0.39741271 0.85137447 -0.07060245
v 0.39564090 0.87183399 -0.12625190
v 0.37801051 -0.99659666 0.08837623
v 0.39932905 -0.97301389 -0.08577897
v 0.39856121 -0.94582316 0.07776419
v 0.39361257 -0.92337340 0.07928407
v 0.39624047 -0.92074610 0.24087394
v 0.39709742 -0.91404053 0.10347299
v 0.40228893 -0.91900979 0.11206259
v 0.39451730 -0.89728832 0.09318717
v 0.39436285 -0.86193777 0.10960431
v 0.39709838 -0.81705562 0.09869635
v 0.39248105 -0.83119727 0.12586637
v 0.39331189 -0.77759346 0.08439667
v 0.39449248 -0.75627722 0.13803879
v 0.39343802 -0.63225615 0.15839613
v 0.41025502 -0.53498532 0.06710971
v 0.39155413 -0.00294884 -0.08136681
v 0.39676888 -0.00616729 0.18352143
v 0.40419169 0.03180172 -0.07935636
v 0.39126960 0.22718692 -0.06039858
v 0.37858127 0.53667589 0.19634629
v 0.39936986 0.58200537 -0.12723482
v 0.37924473 0.66698754 0.17954037
v 0.38030553 0.74656105 -0.15542224
v 0.40915857 -0.99654752 0.24980391
v 0.39400823 -0.97414620 -0.10752407
v 0.39725041 -0.96307141 -0.12575234
v 0.39809869 -0.92639135 -0.10512924
v 0.41085200 -0.53622614 0.03530676
v 0.39489660 -0.51737279 -0.02162069
v 0.39767163 -0.53651442 -0.04545262
v 0.39448921 -0.50174436 -0.04157325
v 0.40052058 0.10724331 -0.07054659
v 0.40536329 0.37125764 -0.03031127
v 0.39897231 0.39754271 0.18283419
v 0.40528917 0.44306025 0.21258792
v 0.40054748 0.58996763 0.19272069
v 0.39824447 0.86118282 -0.16183149
v 0.40984042 -0.99348998 -0.11305342
v 0.39808309 -0.98101202 -0.09500669
v 0.40035110 -0.97924618 -0.12974034
v 0.40321308 -0.91069471 -0.12579942
v 0.39623542 -0.91508228 0.14006211
v 0.40237792 -0.93472233 -0.08576206
v 0.40195389 -0.87111333 -0.10792117
v 0.40454924 -0.85813582 -0.08698873
v 0.40482961 -0.80648893 -0.07956642
v 0.39964303 -0.73070237 -0.07624125
v 0.40232319 -0.76161561 -0.09523058
v 0.40620426 -0.71229659 0.11049691
v 0.40281132 -0.73063317 0.12503294
v 0.40213608 -0.75196120 0.10542725
v 0.39960847 -0.70303663 -0.08607220
v 0.39673988 -0.73185365 0.08577776
v 0.39874873 -0.67989882 -0.06972130
v 0.40681436 -0.66807667 0.13532168
v 0.40380676 -0.63722305 -0.04254133
v 0.40888869 -0.62370933 0.09036160
v 0.40063827 -0.66328048 0.14723537
v 0.39995618 -0.61823199 0.07821075
v 0.40020340 -0.64600018 -0.05860354
v 0.41258497 -0.58585341 0.14420951
v 0.40297707 -0.56924261 0.15630679
v 0.39999185 -0.58525511 -0.04423649
v 0.40111639 -0.59609838 -0.05982281
v 0.39924918 -0.54999245 -0.02837623
v 0.40375897 -0.53281711 -0.00979503
v 0.38842718 -0.27593846 -0.11102498
v 0.40302001 -0.25454154 -0.11318309
v 0.41398710 -0.21258956 -0.11076608
v 0.39510651 -0.14330788 0.21619171
v 0.39327414 -0.08599370 -0.09151729
v 0.39171511 0.34988775 -0.03412881
v 0.41106504 0.40246647 0.19977474
v 0.39255913 0.41258886 -0.03465403
v 0.41620553 0.62438179 0.20645848
v 0.39093861 0.62949745 0.18609351
v 0.41686726 0.79168614 0.10118377
v 0.41996029 -0.99772870 0.23343799
v 0.40128662 -0.98511401 0.08424253
v 0.41685453 -0.93102514 0.26937486
v 0.41488295 -0.92092652 0.24184646
v 0.41098699 -0.91899382 0.13293338
v 0.40466781 -0.81613575 -0.10304078
v 0.41123849 -0.81198017 -0.06513963
v 0.40096856 -0.72880043 -0.06798583
v 0.40787995 -0.66035100 -0.03857265
v 0.40778545 -0.68021759 0.10044887
v 0.40302785 -0.65703371 -0.08507974
v 0.40284490 -0.56742883 -0.06098351
v 0.40513885 -0.57407389 0.07671881
v 0.40281453 -0.52851718 -0.00090832
v 0.40094046 -0.49209875 -0.05514537
v 0.42621054 -0.44722154 0.17981301
v 0.40745451 -0.30885187 0.22360254
v 0.40326884 -0.24905151 0.22707706
v 0.39796959 -0.20249813 0.22435863
v 0.40414964 -0.05586263 -0.08910057
v 0.40164387 0.08993294 0.15684426
v 0.40946793 0.22153623 -0.06207339
v 0.39801184 0.33087104 0.07985546
v 0.42348178 0.34521485 0.10533092
v 0.40918553 0.40354723 -0.03023309
v 0.41196421 0.48846595 0.21436254
v 0.43214080 0.64914304 -0.12169597
v 0.40040905 0.65286186 0.18415984
v 0.40883554 0.68694589 0.17530413
v 0.40150884 0.68106204 -0.13615939
v 0.40487939 0.80343193 -0.09193969
v 0.40341999 0.81351293 -0.07247058
v 0.40726341 0.82931036 -0.09297404
v 0.40115151 0.81414491 -0.08279034
v 0.39722049 0.82721816 -0.03329021
v 0.39281404 0.83074216 -0.04181884
v 0.42415020 -0.99352428 0.20735046
v 0.41702492 -0.98846184 0.27016748
v 0.41142207 -0.87490828 -0.07184276
v 0.40884808 -0.79620720 -0.11314437
v 0.40833619 -0.57071955 -0.07174061
v 0.42104589 -0.53477726 0.01657935
v 0.40737514 -0.47629229 -0.06434339
v 0.41081554 -0.14964579 -0.10252076
v 0.39986142 -0.07798397 0.20226698
v 0.39459802 0.27553936 -0.05452826
v 0.40869140 0.63796944 0.19816556
v 0.42353002 0.65323846 0.19700297
v 0.41151812 0.66393557 0.18135770
v 0.41168443 0.78529003 -0.10323520
v 0.41066064 0.79220078 -0.09105447
v 0.40897705 0.77587013 -0.16525596
v 0.40554595 0.80218511 -0.08237053
v 0.40652748 0.81518882 0.06627527
v 0.40437884 0.81969229 -0.07445660
v 0.41130061 0.82661958 0.01249592
v 0.41683775 -0.99573761 -0.09191922
v 0.40636170 -0.96494131 -0.14210997
v 0.39781851 -0.97100417 0.07321016
v 0.41733918 -0.96693407 -0.05866197
v 0.43534825 -0.91718868 0.17082684
v 0.41147161 -0.81131750 -0.11982773
v 0.40938611 -0.74497849 -0.05223296
v 0.40678768 -0.70325367 -0.10380374
v 0.41896518 -0.62872591 -0.01816702
v 0.41614679 -0.62489817 0.11594413
v 0.41752266 -0.55928307 -0.07887250
v 0.41478818 -0.60707247 0.09814198
v 0.41488311 -0.62786086 0.12543196
v 0.40850577 -0.59987107 -0.02294272
v 0.41297002 -0.29934602 -0.11384300
v 0.42501349 -0.26031542 -0.11471803
v 0.41899038 -0.08420478 0.20535717
v 0.41784057 0.09804076 -0.07181306
v 0.41564097 0.08424333 0.16073838
v 0.40176022 0.30886372 0.08663725
v 0.41442706 0.29624496 -0.04856568
v 0.42528023 0.40314551 0.22370059
v 0.41870087 0.57546405 0.19570390
v 0.41531010 0.77636757 -0.10397502
v 0.41321507 0.83643418 -0.10853788
v 0.41124932 0.83250740 -0.08545193
v 0.41129063 -0.99157763 -0.08575752
v 0.41597993 -0.98001135 -0.14821437
v 0.41454847 -0.96964514 0.28321740
v 0.42110444 -0.96530952 -0.15489028
v 0.41862290 -0.92136916 0.20392941
v 0.41438186 -0.85058874 -0.13163065
v 0.42553476 -0.75675744 -0.03752488
v 0.41367959 -0.64730757 -0.09803920
v 0.41609728 -0.53769045 0.00541622
v 0.41606203 -0.49116684 0.15852015
v 0.41025938 -0.47961955 0.16420494
v 0.41810213 0.04147816 0.17406505
v 0.41903015 0.31233284 0.08162413
v 0.41286472 0.40656199 0.21180347
v 0.43451468 0.39008357 0.21735275
v 0.40880855 0.44295299 -0.05755490
v 0.41068469 0.48602929 -0.08405142
v 0.42999599 0.59664251 0.20788365
v 0.43855261 0.70454761 0.16045308
v 0.42229217 0.75571921 -0.11288565
v 0.41345367 0.80314137 -0.11164647
v 0.41750537 0.81890239 -0.03131928
v 0.42535489 0.89704113 -0.14576477
v 0.41678027 -0.98739189 -0.14211507
v 0.40961113 -0.99471842 0.11527130
v 0.43507525 -0.95118350 0.28059950
v 0.41326666 -0.94670285 0.28229662
v 0.41870578 -0.93889420 0.10968514
v 0.42030885 -0.90257545 -0.14559182
v 0.42234006 -0.83480822 -0.05546525
v 0.41937268 -0.78219106 -0.12432871
v 0.41644675 -0.69931397 -0.03493993
v 0.42708821 -0.54426215 0.12266818
v 0.42219193 -0.53131465 0.14332911
v 0.41725360 -0.53749788 0.08178777
v 0.42484115 -0.50108737 0.14802955
v 0.43076846 -0.49196270 0.14706459
v 0.42541437 -0.34564714 0.21648609
v 0.43893872 -0.30841215 -0.11356672
v 0.42228260 -0.14637306 0.21795888
v 0.41838349 -0.04497580 0.19682931
v 0.43326424 0.12266530 0.15453475
v 0.42460964 0.16970639 0.13330655
v 0.41978695 0.22828479 0.11131379
v 0.42396868 0.38039247 -0.02302658
v 0.41842360 0.81608230 -0.17654793
v 0.42524840 0.81446900 -0.05116092
v 0.42005514 0.84744292 -0.10260655
v 0.42383226 0.85570111 -0.07233984
v 0.41886452 0.89195937 -0.15848580
v 0.43303341 -0.99040245 0.25420457
v 0.41667044 -0.92920591 -0.06476384
v 0.42882884 -0.88001978 -0.14694864
v 0.42144381 -0.70577447 -0.11789584
v 0.42473397 -0.54745039 0.13100593
v 0.42749688 -0.54668530 -0.08271919
v 0.42041250 -0.49675310 -0.07267687
v 0.42299950 -0.53080110 0.08398119
v 0.42745482 -0.39500736 0.20163786
v 0.42852630 -0.12720277 0.21865840
v 0.43068688 -0.03957954 -0.08742035
v 0.43359572 0.12098403 -0.06766245
v 0.42328615 0.25151373 -0.05700311
v 0.40532643 0.54164051 0.20443588
v 0.42664797 0.67921855 -0.12499740
v 0.43043910 0.75393110 -0.12145086
v 0.42391293 0.76535748 -0.12520123
v 0.42077391 0.76019388 -0.11906339
v 0.43188167 0.79251831 -0.06758236
v 0.42168235 0.80718923 -0.05669512
v 0.42857981 0.80928751 -0.03880309
v 0.42521863 0.81644061 -0.03908026
v 0.42841628 0.86290782 -0.12643509
v 0.42180984 0.88783593 -0.17256091
v 0.41910254 0.87472197 -0.10051234
v 0.42429419 -0.90658146 -0.05918008
v 0.42939836 -0.68194222 -0.02202897
v 0.42599679 -0.55015725 0.10737264
v 0.43302805 -0.51495426 0.12624938
v 0.43163975 -0.52335999 0.10098229
v 0.43156341 -0.46467981 -0.07455356
v 0.41329407 -0.44124941 -0.08324861
v 0.43264479 -0.24075582 0.22635856
v 0.42634973 -0.19529262 0.22388651
v 0.43805550 -0.11637034 -0.09755951
v 0.42716591 -0.06469749 0.20608638
v 0.42561341 -0.00938379 0.19225575
v 0.43305593 -0.03935645 0.20121972
v 0.42849309 0.06397494 0.17242081
v 0.43142608 0.20623591 -0.06097369
v 0.41905131 0.34924326 0.07972997
v 0.42883598 0.34936547 0.15176145
v 0.42269844 0.60955399 -0.12245905
v 0.42515637 0.71985131 -0.14219496
v 0.43564940 0.74953406 -0.11304163
v 0.43116527 0.75991844 0.12707946
v 0.43071655 0.78632952 -0.16599074
v 0.43708277 0.77084830 -0.08924540
v 0.43269569 0.79706275 -0.13710577
v 0.43736189 0.84904080 -0.09315545
v 0.42235076 0.85171991 -0.12778659
v 0.42582712 -0.96041042 0.11057750
v 0.42932435 -0.92821281 0.25415837
v 0.42845641 -0.59785860 -0.09470247
v 0.42436558 -0.57291430 -0.00023890
v 0.42567543 -0.20132692 -0.10960936
v 0.43454172 -0.17874694 0.22758816
v 0.43535114 0.04896130 0.17630590
v 0.42832839 0.34035340 0.07259956
v 0.45441288 0.39080885 0.24735243
v 0.44072485 0.52682633 0.21414755
v 0.43164746 0.54616117 -0.10456760
v 0.43890136 0.61969443 0.21255013
v 0.43568467 0.67758714 0.17174517
v 0.43495295 0.77605726 -0.13207307
v 0.43917156 0.79772346 0.06814520
v 0.43892495 0.84028534 -0.18039326
v 0.42890848 0.80708814 -0.13484625
v 0.43034796 0.83214298 -0.05501672
v 0.43745923 0.85428526 -0.08105297
v 0.42694263 0.85631408 -0.18447383
v 0.43640488 0.90925675 -0.17423706
v 0.43948824 -0.96324579 -0.16118243
v 0.43428341 -0.97019598 0.28004926
v 0.43723248 -0.93125772 0.22846357
v 0.43418682 -0.86286150 -0.05079373
v 0.43759142 -0.79655566 -0.03841204
v 0.44836721 -0.59270850 -0.09791373
v 0.43775971 -0.60759255 -0.00258546
v 0.43685916 -0.51298414 0.11741263
v 0.42575755 -0.39463948 -0.09959865
v 0.43337226 -0.11749263 0.21869707
v 0.44100631 0.17964598 0.13374277
v 0.44102929 0.36803417 -0.01224880
v 0.43884126 0.39371682 0.23350834
v 0.43875937 0.39811211 -0.01593367
v 0.43960733 0.44345612 -0.05088162
v 0.43617085 0.81176022 0.00234995
v 0.44398763 0.80299417 0.04235726
v 0.44047523 0.81337876 -0.14529384
v 0.44097022 0.85120262 -0.15660520
v 0.43433672 0.83816123 -0.07586338
v 0.43082261 0.86513088 -0.14187757
v 0.44406372 0.88573993 -0.19034304
v 0.43764520 0.87669639 -0.10371982
v 0.42579599 0.87855626 -0.18178183
v 0.44074251 -0.98844309 0.22833634
v 0.44437473 -0.97969460 -0.15919788
v 0.41181354 -0.98399115 -0.07339055
v 0.44861175 -0.97729342 0.24545453
v 0.43944757 -0.97785270 0.27121785
v 0.43678454 -0.92628896 -0.04829447
v 0.45478545 -0.80944438 -0.03643384
v 0.43327530 -0.77122284 -0.13086229
v 0.44202726 -0.69828263 -0.12390636
v 0.43901209 -0.28711427 0.22426981
v 0.45844869 -0.26137914 -0.11151503
v 0.44434656 -0.24443011 0.23138808
v 0.44236662 -0.22059110 0.23173171
v 0.43435153 0.32735572 -0.03046314
v 0.44768412 0.68455561 -0.10940866
v 0.45370981 0.77062046 0.09714077
v 0.43790389 0.87589285 -0.14461845
v 0.43927617 -0.99818619 -0.12090313
v 0.42784571 -0.98529431 0.12123775
v 0.45169478 -0.95865799 0.25251172
v 0.44028212 -0.94174688 0.26714710
v 0.44420095 -0.91843433 0.20180534
v 0.45756703 -0.62293484 -0.00286284
v 0.43999481 -0.53985106 0.01681466
v 0.44810713 -0.53849165 -0.08523209
v 0.44223850 -0.53368140 0.02618148
v 0.44783348 -0.33990493 0.21449720
v 0.43934036 -0.17537830 0.22810944
v 0.45002663 0.12091490 -0.06324992
v 0.45961880 0.08078672 0.15765492
v 0.43689711 0.21709904 0.11239432
v 0.45183414 0.22678998 -0.05017819
v 0.44627958 0.23920131 0.09771962
v 0.44098263 0.30351629 0.07400551
v 0.43529961 0.37647076 0.21469632
v 0.44205450 0.43950442 0.23764982
v 0.44765099 0.64316618 0.20512237
v 0.45434331 0.78837682 -0.12966766
v 0.44635310 0.79711495 -0.02838692
v 0.44709650 0.84845507 -0.15658750
v 0.44422738 0.86292482 -0.09886458
v 0.44521366 0.86528711 -0.11765373
v 0.44802483 0.89971089 -0.13737584
v 0.45177410 0.91693422 -0.19021760
v 0.44915183 0.91797227 -0.16700054
v 0.43205860 -0.99770765 0.19687356
v 0.44597234 -0.94176548 0.24404073
v 0.43293155 -0.92932160 0.13836108
v 0.44673528 -0.69197224 -0.01743226
v 0.44150089 -0.53303208 0.05098176
v 0.46016187 -0.48119696 0.13984793
v 0.45180326 -0.40101661 -0.09519186
v 0.43281060 -0.35008780 -0.10890858
v 0.45051542 -0.29292683 0.22775400
v 0.45579537 -0.28041729 0.22868981
v 0.45173565 -0.00010524 0.18544226
v 0.44763004 0.33368505 0.05784434
v 0.44598138 0.34415334 0.05871324
v 0.45060398 0.34813773 0.06145852
v 0.43826954 0.34420500 0.07318821
v 0.45321722 0.37642384 0.00837156
v 0.45941811 0.38189411 0.24743973
v 0.45509564 0.38554802 0.00647501
v 0.44762844 0.49467001 -0.07604095
v 0.43995745 0.55490783 0.20211014
v 0.44076829 0.74914941 -0.10348244
v 0.45400107 0.81289067 -0.16629112
v 0.44849415 0.88294829 -0.15919998
v 0.44679991 0.87655296 -0.11160099
v 0.46754327 -0.97974766 0.16841802
v 0.46023833 -0.99288872 0.22924960
v 0.43169947 -0.93963252 -0.04626500
v 0.45189394 -0.92372251 0.17102134
v 0.44352683 -0.90017655 -0.04999946
v 0.44559797 -0.87174749 -0.14961974
v 0.45151259 -0.77214631 -0.13350695
v 0.45552987 -0.86587190 -0.04546142
v 0.45765750 -0.73933471 -0.02510919
v 0.46540953 -0.55812065 0.01187381
v 0.45078646 -0.03313374 -0.08268780
v 0.44304327 0.26566065 -0.04760052
v 0.45540496 0.33687436 -0.00100570
v 0.47144453 0.31823988 0.13241924
v 0.45738278 0.32482665 0.14292339
v 0.45449614 0.36572954 0.23080550
v 0.45634154 0.37930833 0.23445243
v 0.46922517 0.46437652 -0.04973425
v 0.42663573 0.50108109 0.21800046
v 0.44754845 0.74048505 -0.10264345
v 0.45829372 0.87082259 -0.18307096
v 0.44663358 0.87653115 -0.16233612
v 0.45189485 0.87690812 -0.12365983
v 0.45785889 -0.91468078 -0.04679021
v 0.46023339 -0.96637502 -0.16155504
v 0.44827422 -0.49314449 -0.07844548
v 0.45041345 0.20851080 0.11748224
v 0.45687191 0.23007275 0.10212020
v 0.44784038 0.33075054 -0.01694601
v 0.47013290 0.26774013 -0.02042371
v 0.45980703 0.33677052 0.02503585
v 0.45412380 0.35318933 0.04144287
v 0.45585137 0.36366733 0.02400636
v 0.45618703 0.59287669 0.20536090
v 0.45535456 0.65608612 0.19370275
v 0.45908225 0.65062117 -0.10147656
v 0.45823935 0.70412879 -0.09680819
v 0.45585750 0.72055688 -0.11458034
v 0.45905033 0.75093443 -0.07558512
v 0.44982647 0.73312006 -0.13163376
v 0.46195859 0.78332737 -0.13093546
v 0.46448058 0.78591383 0.00474477
v 0.45810593 0.83770018 -0.14808666
v 0.45951353 0.88656759 -0.14823188
v 0.45971626 -0.99494645 0.18086785
v 0.45123661 -0.99431478 -0.14103524
v 0.46698252 -0.95321758 0.16599012
v 0.46845107 -0.68207096 -0.01651914
v 0.46787989 -0.54201527 -0.08243367
v 0.45806524 -0.33749863 0.21858686
v 0.46663238 -0.31560332 -0.10795084
v 0.45840331 -0.13973306 0.21738986
v 0.47415525 0.10767286 -0.05288317
v 0.45936917 0.18694371 -0.05152385
v 0.46506065 0.22761970 -0.03998221
v 0.46110091 0.25274396 0.07741634
v 0.45765376 0.35708874 0.04357039
v 0.46079905 0.37261225 0.02433006
v 0.46061769 0.56599694 -0.09251647
v 0.47185147 0.60523580 0.20105563
v 0.45879159 0.74247063 -0.11637740
v 0.46242312 0.76299442 -0.13210205
v 0.46216101 0.81606138 -0.14160664
v 0.46219400 0.89856186 -0.14938452
v 0.46276461 0.90846029 -0.19378357
v 0.46267285 0.92226760 -0.18924123
v 0.45470740 -0.99585269 -0.04115265
v 0.46012630 -0.99858667 0.20203235
v 0.47194833 -0.98307757 0.24550636
v 0.46289351 -0.86631505 -0.14760701
v 0.46694808 -0.76136674 -0.12962953
v 0.46203885 -0.69097639 -0.12145263
v 0.46170557 -0.52754390 0.02435382
v 0.46221583 -0.46230263 -0.07410301
v 0.45899846 -0.45831623 0.15922242
v 0.45595887 -0.45423373 -0.07538047
v 0.46056540 -0.38488449 0.19679899
v 0.47531233 -0.39189706 -0.09160903
v 0.46886446 -0.34908677 0.21297031
v 0.46240132 -0.31811932 0.22242793
v 0.46459255 -0.21950926 0.22615141
v 0.47800724 -0.05384889 -0.07626680
v 0.46226552 0.04747164 -0.06799186
v 0.46842147 0.24024987 0.08327958
v 0.45790811 0.27748662 -0.03221012
v 0.45606776 0.33091372 0.09902785
v 0.46665921 0.49242350 0.23326678
v 0.44798750 0.56977449 0.19510605
v 0.46688193 0.67106634 0.15988817
v 0.45877957 0.72263045 0.13924079
v 0.45454517 0.72908526 -0.09576468
v 0.46494918 0.78534428 -0.14180433
v 0.46600911 0.80138028 -0.14164561
v 0.46390196 0.81726456 -0.16070559
v 0.46579323 0.83729133 -0.15077314
v 0.46463309 0.87028730 -0.15811879
v 0.46825767 0.87060774 -0.17549540
v 0.46342186 0.92478369 -0.17506678
v 0.48576034 -0.98925875 0.21434718
v 0.46276349 -0.97268555 -0.00601759
v 0.46821504 -0.92393020 0.19984882
v 0.47892347 -0.85995394 -0.05013824
v 0.47558923 -0.90475044 -0.14893762
v 0.47712966 -0.69280893 -0.11576250
v 0.47627752 -0.51957856 0.02236684
v 0.47611505 -0.49423497 -0.07126967
v 0.47161953 -0.37784458 0.20243690
v 0.48183564 -0.24620328 -0.10298222
v 0.45215853 -0.18038509 -0.10431807
v 0.47436662 0.16678627 0.11631929
v 0.47719305 0.26409607 -0.00455511
v 0.46304568 0.29241543 0.05498270
v 0.45965637 0.32726630 0.03944237
v 0.47087806 0.76573817 0.07906027
v 0.46713455 0.81000027 -0.15088777
v 0.46967920 0.85612455 -0.16430955
v 0.46381321 0.88657394 -0.16010107
v 0.47068728 0.88340495 -0.16907924
v 0.45494996 -1.00000628 -0.11135489
v 0.45997318 -0.98955953 -0.15004367
v 0.46553263 -0.98915689 -0.01185345
v 0.48282646 -0.96694953 -0.15063381
v 0.47152130 -0.94631195 0.00195843
v 0.47276280 -0.93587611 0.24524499
v 0.46608508 -0.92630735 0.23125538
v 0.47679558 -0.83131902 -0.13714176
v 0.46987262 -0.79414735 -0.03643315
v 0.47494112 -0.49713686 0.10640140
v 0.46747841 -0.14265281 -0.09519355
v 0.45953028 -0.06922827 0.20055307
v 0.47214385 -0.01485999 0.17978144
v 0.48773881 0.16580214 -0.02845183
v 0.48545227 0.24114290 0.01557424
v 0.46206322 0.42731686 -0.02833810
v 0.46879963 0.57485851 0.18790079
v 0.47089014 0.63414673 0.19949508
v 0.47101122 0.66052626 0.17609525
v 0.47609491 0.73953998 0.10806987
v 0.46974526 0.77853446 0.04742259
v 0.47335383 0.90695146 -0.18354508
v 0.47292483 0.91729441 -0.17739153
v 0.49415688 -0.98837400 -0.13037524
v 0.47722187 -0.99492181 -0.12955312
v 0.47632396 -0.99246674 0.22814875
v 0.47002666 -0.98039005 -0.15471750
v 0.47454199 -0.93508822 0.18627223
v 0.50026094 -0.92460940 0.01423752
v 0.46969310 -0.61385888 -0.09971378
v 0.47284632 -0.41524308 0.17751810
v 0.48554571 -0.28689836 0.21594794
v 0.49786705 -0.09187503 0.18481608
v 0.47324557 0.25102451 0.05932016
v 0.46782154 0.33623492 0.20588273
v 0.51447948 0.43509024 0.00162887
v 0.48194778 0.54746660 -0.07152774
v 0.48517493 0.65301886 0.15528495
v 0.46698530 0.76856228 -0.03959803
v 0.47699913 -0.96020943 0.25542291
v 0.46458622 -0.93197674 -0.01607887
v 0.45768554 -0.92494598 -0.03358478
v 0.47718714 -0.91723940 -0.03909955
v 0.48735896 -0.82111641 -0.12726842
v 0.47870264 -0.68742667 -0.02147491
v 0.48933765 -0.61780217 -0.08806550
v 0.47767653 -0.58335885 0.00046011
v 0.46589073 -0.51497929 0.08316198
v 0.48075593 -0.43926421 0.15704043
v 0.47842512 -0.39823882 0.19020624
v 0.48532090 -0.17503168 0.21144231
v 0.48744989 -0.00322862 -0.06223710
v 0.48489235 0.23209615 0.04480358
v 0.47912806 0.25610004 0.03854126
v 0.47856716 0.41335327 0.26341469
v 0.47569687 0.61553982 -0.08529360
v 0.47676825 0.65877942 -0.08245952
v 0.47119166 0.70806976 0.13932694
v 0.49566280 0.68693450 0.12786884
v 0.48921286 0.72428503 -0.03899131
v 0.49393475 0.74298376 0.05661522
v 0.48341371 -0.96865280 0.19010126
v 0.48343461 -0.93175169 0.22006086
v 0.49059932 -0.95937961 -0.14427828
v 0.47251952 -0.90412973 -0.05159122
v 0.48385370 -0.80387189 -0.04497306
v 0.48850689 -0.68876685 -0.02866053
v 0.48988977 -0.61338689 -0.01427085
v 0.48348106 -0.54990845 -0.07569014
v 0.48101460 -0.45163400 -0.06578731
v 0.49693749 -0.34275654 -0.09139900
v 0.48020277 0.10769861 0.13492626
v 0.48729843 0.13042751 -0.03762189
v 0.47854186 0.19347095 0.09934510
v 0.49288683 0.19042131 0.08030645
v 0.48152395 0.23713688 0.06206396
v 0.47612588 0.35702668 0.24826982
v 0.47808471 0.37557591 0.26490995
v 0.47783907 0.45481057 0.25146495
v 0.49461852 0.45816382 -0.02906150
v 0.48412583 0.62001175 0.18775048
v 0.48288072 0.71242159 -0.05802541
v 0.46666651 -0.99922634 -0.05353571
v 0.49262688 -0.94387268 0.23734924
v 0.48954975 -0.94252616 0.21015430
v 0.51232296 -0.93350642 0.03846260
v 0.48709700 -0.91452993 -0.04986524
v 0.49485110 -0.53979748 -0.06189235
v 0.48091847 -0.51382361 0.05140790
v 0.48722316 -0.50987237 -0.06554873
v 0.48358549 -0.47199791 0.12730071
v 0.49537411 -0.43034739 0.15858658
v 0.49701271 -0.31780032 0.20528793
v 0.47833871 -0.08986867 0.19638807
v 0.47904970 0.32054351 0.19152238
v 0.52002391 0.30661569 0.24564346
v 0.48392646 0.34437383 0.24696515
v 0.48377276 0.36549109 0.25463771
v 0.47379339 0.50887441 -0.06587924
v 0.48279694 0.64198549 0.18050681
v 0.49780672 -0.96373622 0.22675357
v 0.48994719 -0.97714354 0.23882501
v 0.49348742 -0.86910900 -0.06359156
v 0.49672691 -0.75625152 -0.10581594
v 0.48858983 -0.69743404 -0.10753590
v 0.49934162 -0.61431739 -0.02665958
v 0.49162653 -0.55700554 -0.00234641
v 0.49117180 -0.50674037 0.01724600
v 0.49876658 -0.52689337 -0.05363445
v 0.48071596 -0.23808416 0.21971785
v 0.48684780 -0.14309063 0.20458237
v 0.48731745 0.01875450 0.15954604
v 0.47877727 0.34225054 0.07637230
v 0.49347763 0.36498441 0.27433968
v 0.49828713 0.48272163 0.24489105
v 0.48747764 0.58934675 0.17544716
v 0.49504581 0.62645078 0.15697399
v 0.49726970 0.62932960 -0.05844894
v 0.48582397 0.68611782 -0.06409926
v 0.49698432 0.65756912 0.14322199
v 0.50426887 0.71295108 -0.00656664
v 0.48678847 0.75492944 0.00411203
v 0.49537913 -0.99841128 0.00169676
v 0.49428135 -0.97574621 -0.13892361
v 0.49474153 -0.95841410 0.24298719
v 0.49557684 -0.90382938 -0.13336802
v 0.50253214 -0.85674972 -0.07822408
v 0.49687976 -0.84887879 -0.12002150
v 0.49482742 -0.79774180 -0.05459321
v 0.49824064 -0.61880865 -0.07665919
v 0.50170443 -0.47199993 0.10184140
v 0.49972889 -0.38911500 0.18059592
v 0.50952956 -0.39903608 -0.06817884
v 0.50255686 -0.07571164 -0.06506225
v 0.50791884 0.05367714 -0.03094648
v 0.50216601 0.16712390 0.04916961
v 0.49734819 0.20095499 0.05593761
v 0.50047330 0.30298835 0.16232333
v 0.48904806 0.31405666 0.12980686
v 0.49570799 0.47886729 -0.03705195
v 0.50398505 0.55941552 -0.05031145
v 0.49851021 0.71741769 0.09314320
v 0.49270002 -0.98488191 0.02183742
v 0.50515704 -0.94165965 -0.12541499
v 0.50338687 -0.90408551 -0.08329709
v 0.49784503 -0.69709129 -0.04142855
v 0.50111170 -0.68324657 -0.08468646
v 0.49980541 -0.56240940 -0.01573478
v 0.50109402 -0.49553347 0.00874065
v 0.50702878 -0.45949583 -0.03600005
v 0.49353757 -0.44824745 0.13885910
v 0.49579298 -0.45364899 -0.05351769
v 0.49556086 -0.35314452 0.19731129
v 0.50608705 -0.29852053 -0.09071944
v 0.50856659 -0.01523299 -0.04669091
v 0.50278144 0.05941498 0.13283690
v 0.49206621 0.17283713 -0.01859689
v 0.50716582 0.34132387 0.27176860
v 0.51222298 0.35604321 0.28865466
v 0.49365995 0.60395122 0.16667481
v 0.51421939 0.63125741 -0.03035957
v 0.53034495 -0.99539038 -0.07807683
v 0.49749999 -0.90412662 -0.07165285
v 0.50674022 -0.90433873 -0.10234532
v 0.50251146 -0.86087738 -0.10972447
v 0.50457753 -0.82169932 -0.08603807
v 0.50202287 -0.78524720 -0.06642401
v 0.50373815 -0.71381793 -0.07914676
v 0.50444313 -0.71233410 -0.06744553
v 0.50402513 -0.67796698 -0.05377695
v 0.50341609 -0.61130420 -0.06170470
v 0.50473796 -0.58406878 -0.04008162
v 0.50430763 -0.53585721 -0.03994290
v 0.49919511 -0.49231603 0.07068649
v 0.50605203 -0.24596800 -0.09013728
v 0.50578211 -0.24598735 0.20471752
v 0.51368915 -0.19700552 0.19577626
v 0.51597400 -0.15385143 0.18659606
v 0.51000000 -0.03457546 0.15821831
v 0.50343502 0.09993768 0.11588744
v 0.50998366 0.35192318 0.27456556
v 0.49141591 0.39401435 0.01877602
v 0.50610631 0.71916452 0.02859195
v 0.50624080 -0.91513674 -0.06872540
v 0.50892631 -0.92341444 -0.11067603
v 0.50473776 -0.54581849 -0.02564994
v 0.50841779 -0.48271182 -0.00281442
v 0.51481513 -0.48070943 0.03004211
v 0.51088755 -0.47302061 -0.01471988
v 0.50261564 0.37952186 0.28209195
v 0.52260819 0.49419741 -0.01763304
v 0.51217570 0.66189401 -0.02526367
v 0.51518706 0.69121177 0.06231814
v 0.50579839 -0.99951754 -0.04014666
v 0.52374682 -0.21959392 -0.07494943
v 0.49985433 -0.17118151 -0.08503215
v 0.51198068 0.11538449 0.00104253
v 0.51091342 0.13534829 0.08265215
v 0.51962041 0.32940286 0.27792853
v 0.49485301 0.35121727 0.07096658
v 0.52320816 0.59070100 0.15537018
v 0.51370519 0.63012323 0.13912855
v 0.52032989 -0.94589810 0.05358429
v 0.50979403 -0.91560245 -0.08907942
v 0.51827579 -0.91922751 -0.08164567
v 0.50963270 -0.91686431 -0.02354424
v 0.51334002 -0.44483160 0.11173964
v 0.52748897 -0.28352495 -0.07463227
v 0.50860220 0.11595971 0.10115834
v 0.51214618 0.14230678 0.06391891
v 0.52083667 0.29633815 0.17764180
v 0.53629723 0.31377180 0.14264272
v 0.53023769 0.40358590 0.29056886
v 0.51560520 0.45663947 -0.00533865
v 0.47516655 0.52293543 0.21934900
v 0.49751194 0.54141600 0.20694768
v 0.52108539 0.57852791 -0.02559250
v 0.51836640 0.65586244 0.09032959
v 0.51613982 0.66485752 0.10804459
v 0.51686572 0.67485524 0.04197736
v 0.51812372 0.67749733 0.01012308
v 0.52669173 -0.99844687 -0.06154957
v 0.52420980 -0.96288537 0.05937581
v 0.51650488 -0.91913858 0.01400680
v 0.52282791 -0.38355958 0.16134194
v 0.53177218 -0.17399624 -0.06026615
v 0.51774379 0.10251666 0.06138760
v 0.51193396 0.30972154 0.14060786
v 0.51150010 0.61582684 0.14949758
v 0.52517975 0.60262383 -0.01254733
v 0.52101850 0.63212403 0.00206643
v 0.51979053 0.65290304 -0.00460575
v 0.51670671 0.67284169 0.06760155
v 0.52896588 -0.99701014 -0.02630011
v 0.52543375 -0.98377632 0.05404296
v 0.52329293 -0.92925584 -0.09706729
v 0.52498981 -0.91826266 -0.03020845
v 0.52626603 -0.46349816 0.03832942
v 0.52196775 -0.45675193 0.07952563
v 0.52039068 -0.43275094 0.12403117
v 0.52712089 -0.33468121 -0.06889218
v 0.51777095 -0.33950258 0.18399368
v 0.52555212 -0.29708378 0.18644165
v 0.51599220 0.06234263 -0.01544744
v 0.52325605 0.09987667 0.07564274
v 0.52993265 0.29489848 0.23471109
v 0.53567842 0.39941809 0.04602457
v 0.52421396 0.44030736 0.27284505
v 0.54590110 0.48093829 0.24925363
v 0.53720981 0.50425493 0.00027057
v 0.52273560 0.62068087 0.12715692
v 0.51928788 0.65958183 0.01693588
v 0.53615669 -0.98938090 0.05654307
v 0.52803098 -0.14006263 0.17240771
v 0.52329298 0.00475587 0.13108919
v 0.53405132 -0.05658706 -0.02595035
v 0.53300695 0.03177687 0.07373796
v 0.52697833 0.04634722 0.10742860
v 0.51584694 0.11921429 0.02444318
v 0.52739561 0.07168593 0.04639252
v 0.52761654 0.47010345 -0.00468010
v 0.52607982 0.55350685 0.18938357
v 0.52559373 0.61616563 0.10235935
v 0.53517443 0.63477464 0.02440580
v 0.52772515 0.66216498 0.05127252
v 0.53096724 -0.96006050 0.06487936
v 0.52762431 -0.45547638 0.00623104
v 0.54270441 -0.43002582 0.05122992
v 0.53632713 -0.41329354 0.10055352
v 0.53151109 -0.40451703 0.13475387
v 0.53921610 -0.10950393 0.15270127
v 0.54038658 -0.00787777 0.00857008
v 0.53693960 0.00946726 0.10699783
v 0.52956508 0.07060093 0.07883188
v 0.51254163 0.29740436 0.19557861
v 0.53012261 0.34079204 0.28928879
v 0.56276456 0.44503508 0.27714797
v 0.52952566 0.60296060 0.12123298
v 0.52861049 0.65216042 0.07589011
v 0.55140605 -0.97507833 -0.08040416
v 0.52983357 -0.38966711 -0.04989037
v 0.54262135 -0.32284628 0.16255840
v 0.54269656 -0.20995206 0.17007845
v 0.54465439 -0.15185965 -0.03986136
v 0.54546872 -0.05699047 0.12449732
v 0.53082320 0.04795363 0.01730756
v 0.53953652 0.02184695 0.08609468
v 0.55956646 0.32669461 0.30735272
v 0.53124270 0.57264622 -0.00604704
v 0.53747436 0.57357744 0.01657209
v 0.53006441 0.59445265 0.01291261
v 0.53687997 0.57826100 0.05545770
v 0.53344474 0.58812478 0.08498304
v 0.54118104 0.61715743 0.07289368
v 0.53816886 0.64095561 0.05276989
v 0.54644958 -0.99371259 -0.00361139
v 0.54549035 -0.98173791 0.06754915
v 0.52850449 -0.44304544 -0.01107474
v 0.55112321 -0.03481267 0.09492098
v 0.54092721 0.01433026 0.04517686
v 0.56849371 0.33285797 0.13349913
v 0.53214424 0.35584676 0.30317871
v 0.53311972 0.43727105 0.02356009
v 0.54081950 0.56278521 0.16610801
v 0.54240146 0.60151601 0.04185218
v 0.53617712 -0.99533928 0.04512166
v 0.54303089 -0.95268234 0.07244782
v 0.54372244 -0.41833228 0.07369685
v 0.54631328 -0.39406913 0.10984877
v 0.54536164 -0.35972889 0.14401437
v 0.53733121 -0.35246418 0.15868261
v 0.54735466 -0.34001654 -0.04273050
v 0.53330671 -0.26260276 0.18141979
v 0.54148583 -0.01119006 0.07955457
v 0.54169933 0.41497885 0.04072507
v 0.55276347 0.45772334 0.02939853
v 0.55425731 0.53203504 0.04725923
v 0.55169302 0.55611423 0.08953897
v 0.53437425 -0.99945822 0.01206813
v 0.55789688 -0.99556602 0.03929915
v 0.56736559 -0.98635180 0.06103318
v 0.53133658 -0.92565656 0.04537449
v 0.53717900 -0.91780532 0.01713597
v 0.54369634 -0.42621599 0.01736045
v 0.53780040 -0.40047272 -0.03114747
v 0.54279661 -0.29037522 -0.05766517
v 0.54408182 -0.24190694 -0.05570490
v 0.55420393 -0.17570752 0.15167451
v 0.54476152 -0.04829473 -0.00161132
v 0.56254805 -0.10342769 0.06911875
v 0.53980118 0.31991137 0.29154883
v 0.55246712 0.43444173 0.28324192
v 0.54440307 0.53182407 0.01526914
v 0.55804550 -0.39102728 0.03216520
v 0.54978853 -0.37668088 0.12317167
v 0.55880577 -0.12086804 0.12815513
v 0.55408297 -0.07339376 0.01385371
v 0.56302444 -0.97647698 0.07052565
v 0.55353447 -0.95856590 -0.07964924
v 0.54561187 -0.93659476 0.06584188
v 0.55061180 -0.92108832 0.03320695
v 0.55526506 -0.92095765 -0.05223025
v 0.54684705 -0.40142999 -0.00933778
v 0.56133994 -0.35383926 0.11006727
v 0.55495128 -0.36873371 0.09754283
v 0.55795590 -0.35511727 -0.01328821
v 0.55406416 -0.27682805 0.15643014
v 0.56170281 -0.22381641 0.14660794
v 0.55863345 -0.13185219 -0.00620199
v 0.56145670 0.28895222 0.20178646
v 0.53605770 0.34288323 0.30386401
v 0.53128233 0.36700442 0.07384043
v 0.57648996 0.36327361 0.10936696
v 0.56339470 0.47441574 0.04514986
v 0.55341481 0.55457802 0.14100397
v 0.56321868 -0.99048557 0.01190095
v 0.55937828 -0.95501262 0.07598031
v 0.56418750 -0.93474296 -0.06251253
v 0.55949285 -0.92759206 0.00834034
v 0.56222953 -0.33949155 0.12158455
v 0.55730345 -0.31406607 -0.03275804
v 0.56774900 -0.29991413 -0.01353248
v 0.55509355 -0.26914989 -0.04113108
v 0.56589377 -0.24258402 -0.02043561
v 0.55484314 -0.20287384 -0.03592481
v 0.55540876 -0.08422520 0.08839800
v 0.56141294 0.29622369 0.28030669
v 0.55529549 0.41934371 0.05734338
v 0.55058416 0.44192866 0.03295411
v 0.55880187 0.50447319 0.22452917
v 0.56315122 0.53016303 0.08477107
v 0.56429474 -0.93419935 0.05976367
v 0.57790952 -0.93992202 0.02688409
v 0.56817354 -0.93069356 0.04196110
v 0.56155180 -0.91753313 -0.02416262
v 0.55743317 -0.39207967 0.05573018
v 0.56318209 -0.30709543 0.13560708
v 0.56661443 -0.19163820 0.13431284
v 0.56980680 -0.18045261 0.09829530
v 0.56178249 -0.09316094 0.10203879
v 0.55402036 -0.05433948 0.03692518
v 0.56625927 0.51954674 0.19765473
v 0.57704563 -0.99598762 0.00274315
v 0.57676156 -0.98377372 0.02577399
v 0.57345903 -0.98715653 0.04899864
v 0.58440822 -0.92862461 0.01376429
v 0.56581019 -0.35220186 0.01274083
v 0.56760346 -0.31308150 0.09694989
v 0.57181283 -0.19458483 0.00492709
v 0.57752065 -0.21668981 0.07673999
v 0.57129553 -0.16442887 0.11451503
v 0.59594016 0.28277429 0.24435250
v 0.54832094 0.28541225 0.21947449
v 0.58543481 0.33332016 0.33700471
v 0.56578913 0.39370232 0.07573736
v 0.57680693 0.39871414 0.09179107
v 0.57503081 0.42502924 0.06831291
v 0.56194303 -0.99949567 -0.03340629
v 0.57585462 -0.95477957 0.06649881
v 0.56661335 -0.35270515 0.07030356
v 0.57420511 -0.32633680 0.04223954
v 0.57436683 -0.28157280 0.11366376
v 0.57747927 -0.26390179 0.07832651
v 0.57218202 -0.30048029 0.10897458
v 0.57295526 -0.25669462 0.09999091
v 0.57315558 -0.17920107 0.10754955
v 0.56982261 -0.13910929 0.03977430
v 0.54727715 0.37870729 0.30702445
v 0.58252660 -0.99261936 -0.03569927
v 0.54286912 -0.98636322 -0.08238615
v 0.57692546 -0.30109764 0.06551573
v 0.57654955 -0.29025392 0.01719552
v 0.57691158 -0.24974101 0.01210632
v 0.56819798 -0.26052984 0.13501205
v 0.57636045 -0.24282724 0.11455048
v 0.57606926 -0.24294171 0.10895316
v 0.57226554 -0.21588079 0.09892539
v 0.57555492 -0.21685671 0.11648723
v 0.57891095 -0.20293528 0.04336560
v 0.57243742 -0.16841793 0.07652101
v 0.57423836 0.28270562 0.25505170
v 0.57989001 0.30648780 0.31285712
v 0.57352678 0.32688818 0.32753039
v 0.58724447 0.37556718 0.10988522
v 0.57890856 0.39816609 0.31111378
v 0.58843823 0.48073140 0.23384626
v 0.57967500 0.51056679 0.14488412
v 0.58274135 -0.97208378 0.03348733
v 0.58094220 -0.96746450 0.06026759
v 0.58151992 -0.94890475 0.05227330
v 0.57325080 -0.92077922 -0.00410561
v 0.58084433 -0.24927468 0.04304122
v 0.59088034 0.44951694 0.27152017
v 0.59721163 -0.99239620 0.01319058
v 0.58574929 -0.97157519 -0.04753456
v 0.59571729 0.31491563 0.32762407
v 0.60545478 0.40615597 0.31123254
v 0.59193879 -0.92312247 -0.01637415
v 0.59360498 0.40749969 0.09759686
v 0.57895562 0.45958860 0.07488707
v 0.58847905 0.46252311 0.09885908
v 0.57276493 0.51879605 0.18214710
v 0.60154442 -0.97176933 0.02969573
v 0.58518505 -0.95653904 0.03500054
v 0.58296427 -0.94482738 -0.04829713
v 0.58620037 -0.92800453 -0.03374487
v 0.60223107 -0.92807045 0.00411158
v 0.60731750 0.37384780 0.13917032
v 0.60840231 0.42316179 0.12515258
v 0.58679651 0.48822952 0.12231018
v 0.60282528 -0.98410373 -0.02332627
v 0.60830902 0.35750822 0.14262690
v 0.60329743 0.47543196 0.19119970
v 0.61276494 -0.97848573 0.01853180
v 0.61472998 -0.95785216 -0.01431210
v 0.59020527 0.29154941 0.20893477
v 0.58902232 0.31573691 0.16902747
v 0.60569413 0.39371669 0.11903027
v 0.60290077 -0.99294902 -0.00686352
v 0.60866006 -0.93777925 -0.01363570
v 0.60592387 -0.93863320 0.02080197
v 0.60459957 0.37232815 0.33408450
v 0.61532152 0.43844797 0.15387122
v 0.59332076 0.47263607 0.12369288
v 0.60671624 0.46371038 0.16351808
v 0.59974006 0.29028734 0.30208309
v 0.61548031 0.30223295 0.33071625
v 0.59587444 0.35115461 0.33962711
v 0.62301776 0.38881495 0.14487730
v 0.62045291 0.41466847 0.30295528
v 0.60761473 0.45057777 0.26196691
v 0.61940312 -0.96013599 0.02019676
v 0.61967363 -0.97354063 0.00177376
v 0.62278484 -0.95135744 0.00544044
v 0.61235602 0.31964897 0.34928766
v 0.61090918 0.33672200 0.16169219
v 0.63185699 0.29479908 0.32570292
v 0.61867810 0.30006114 0.21458409
v 0.62558780 0.43750871 0.26243739
v 0.63567465 0.29272808 0.25001020
v 0.63028528 0.35254473 0.17887172
v 0.62299681 0.37646698 0.14857787
v 0.65079992 0.30945750 0.23307450
v 0.62174296 0.31206710 0.34054672
v 0.63444958 0.33706860 0.36201677
v 0.64229743 0.32166008 0.20778493
v 0.63700198 0.31901189 0.36092226
v 0.62934187 0.33731696 0.18019132
v 0.63999007 0.35881086 0.35618778
v 0.63726799 0.36340397 0.17296748
v 0.64893463 0.36188019 0.18943458
v 0.62942544 0.42171797 0.29026886
v 0.62137497 0.44715401 0.23981918
v 0.64744552 0.30426580 0.34341470
v 0.64896709 0.33636449 0.38039784
v 0.63798856 0.40578260 0.18536810
v 0.63784876 0.42434136 0.22255502
v 0.64967480 0.40984342 0.28893956
v 0.62430988 0.28548823 0.29534209
v 0.65804603 0.36447116 0.37320670
v 0.64929485 0.37282567 0.34841261
v 0.65616375 0.39813888 0.31203421
v 0.64672237 0.39607930 0.32129732
v 0.65319390 0.31488739 0.37895641
v 0.64874381 0.33709260 0.21183400
v 0.64803066 0.35130941 0.19417962
v 0.64992525 0.29042997 0.28777112
v 0.66697381 0.29871409 0.28684300
v 0.66140824 0.29817310 0.36069814
v 0.66222334 0.39824949 0.27613943
v 0.66299194 0.30574855 0.25874032
v 0.66266082 0.32528975 0.24067291
v 0.67111835 0.30476916 0.37754192
v 0.67577206 0.33247654 0.39062152
v 0.66203110 0.29782147 0.32904355
v 0.66975047 0.38234518 0.25630639
v 0.67479386 0.38252084 0.32936356
v 0.67392532 0.31730911 0.26583785
v 0.67596331 0.33680427 0.23864525
v 0.66031261 0.37178189 0.21596583
v 0.67963037 0.30400261 0.31126419
v 0.68017884 0.31523915 0.27880853
v 0.66396663 0.34622808 0.21488789
v 0.66276917 0.38133782 0.33915331
v 0.68262152 0.29246404 0.34428860
v 0.66951915 0.34889636 0.38664215
v 0.68307310 0.37420786 0.36291358
v 0.68308595 0.37817380 0.31762503
v 0.68237087 0.32462427 0.26173937
v 0.68993155 0.33420042 0.26771873
v 0.68820048 0.38064583 0.33968535
v 0.69547159 0.30053485 0.32008982
v 0.68966243 0.29943362 0.36932949
v 0.69467805 0.32577728 0.28310840
v 0.68224020 0.31772823 0.38770613
v 0.69246357 0.36042808 0.37405007
v 0.70885010 0.30247386 0.33041535
v 0.70391986 0.36979296 0.32473438
v 0.69782749 0.31962848 0.30091079
v 0.70291205 0.33252791 0.30061649
v 0.70503917 0.33582496 0.38333307
v 0.69345365 0.36450600 0.30542324
v 0.70286686 0.36925875 0.35008498
v 0.71607471 0.31988831 0.37450459
v 0.69791714 0.35154473 0.30020332
v 0.71945909 0.34246107 0.36552762
v 0.71082014 0.30207590 0.35434329
v 0.71965945 0.33817997 0.31858293
v 0.72104775 0.34995328 0.33041763
v 0.71443959 0.31485407 0.31984261
v 0.71765534 0.30848970 0.34400509
v 0.72596361 0.32515394 0.34468611
f 19 3 1
f 1 3 2
f 2 5 4
f 3 5 2
f 20 2 4
f 6 5 3
f 6 7 5
f 5 8 4
f 7 9 5
f 5 9 8
f 25 9 7
f 15 14 8
f 9 15 8
f 10 15 9
f 19 1 11
f 12 3 19
f 12 6 3
f 21 7 6
f 4 38 20
f 4 8 38
f 38 8 13
f 8 14 13
f 25 10 9
f 10 16 15
f 10 39 16
f 15 16 14
f 16 28 14
f 17 42 29
f 42 17 30
f 18 11 33
f 18 19 11
f 1 34 11
f 1 35 34
f 36 35 20
f 2 20 35
f 35 1 2
f 20 37 36
f 20 38 37
f 21 6 12
f 23 7 21
f 38 13 22
f 23 25 7
f 26 10 25
f 27 10 26
f 14 50 13
f 39 10 27
f 28 50 14
f 16 40 28
f 40 16 39
f 41 17 29
f 42 62 29
f 41 89 17
f 30 17 89
f 30 63 42
f 33 31 18
f 31 32 18
f 18 32 19
f 33 44 79
f 54 44 45
f 33 11 44
f 44 34 45
f 11 34 44
f 19 32 12
f 36 37 47
f 56 47 37
f 12 69 21
f 37 38 56
f 38 22 56
f 23 21 48
f 13 24 22
f 23 57 25
f 25 57 26
f 13 50 24
f 27 59 39
f 28 61 50
f 51 39 60
f 39 51 40
f 28 40 52
f 53 29 62
f 29 75 41
f 41 75 87
f 89 41 87
f 129 42 63
f 64 43 45
f 78 45 43
f 78 54 45
f 55 45 34
f 55 36 46
f 35 36 55
f 34 35 55
f 36 47 46
f 32 70 12
f 70 69 12
f 21 69 96
f 72 56 22
f 48 73 23
f 24 72 22
f 73 57 23
f 57 49 26
f 61 85 50
f 39 59 60
f 28 52 61
f 61 52 86
f 115 52 40
f 51 115 40
f 29 53 103
f 103 75 29
f 62 42 129
f 89 90 30
f 30 131 63
f 64 78 43
f 31 66 32
f 31 33 66
f 44 54 65
f 65 79 44
f 76 64 45
f 76 45 55
f 70 68 69
f 21 96 48
f 26 49 27
f 85 58 50
f 50 58 24
f 27 84 59
f 52 116 86
f 102 116 52
f 52 117 102
f 131 30 90
f 77 78 64
f 78 65 54
f 79 65 92
f 66 33 79
f 76 55 46
f 32 66 80
f 47 67 46
f 32 80 70
f 67 47 56
f 56 72 67
f 71 48 96
f 72 24 98
f 73 74 57
f 24 58 98
f 57 74 49
f 60 59 114
f 101 51 60
f 113 86 116
f 115 51 101
f 115 117 52
f 53 62 127
f 89 87 88
f 64 76 77
f 78 91 65
f 79 92 80
f 79 80 66
f 80 95 81
f 107 69 68
f 70 80 81
f 107 96 69
f 67 72 109
f 95 97 81
f 48 71 73
f 109 72 98
f 74 73 71
f 49 74 82
f 49 82 111
f 49 111 27
f 58 85 99
f 27 111 83
f 84 27 83
f 61 100 85
f 86 100 61
f 148 103 53
f 119 87 75
f 169 129 63
f 104 90 89
f 63 131 169
f 77 76 105
f 78 77 91
f 77 105 91
f 91 92 65
f 76 93 105
f 93 46 94
f 76 46 93
f 80 92 106
f 94 46 67
f 80 106 95
f 136 68 70
f 133 67 109
f 70 81 136
f 138 81 97
f 97 95 143
f 58 99 98
f 99 85 100
f 86 125 100
f 84 112 59
f 59 112 114
f 113 125 86
f 60 114 101
f 87 119 128
f 62 129 127
f 88 87 128
f 131 90 151
f 91 105 106
f 91 106 92
f 120 95 106
f 133 94 67
f 68 136 135
f 68 135 107
f 108 96 107
f 96 108 71
f 108 137 71
f 136 81 153
f 81 138 153
f 95 140 143
f 71 137 74
f 110 109 98
f 110 98 122
f 123 111 82
f 111 156 83
f 83 124 84
f 114 159 101
f 113 116 174
f 116 102 179
f 103 148 126
f 53 166 148
f 118 75 103
f 75 118 119
f 88 104 89
f 90 104 151
f 106 105 132
f 134 106 132
f 135 108 107
f 95 120 140
f 74 137 154
f 121 82 154
f 74 154 82
f 138 97 121
f 154 138 121
f 110 122 142
f 82 121 123
f 121 97 123
f 123 155 111
f 98 99 122
f 155 156 111
f 122 99 157
f 100 157 99
f 113 158 125
f 114 112 188
f 188 159 114
f 116 179 174
f 101 146 115
f 146 101 159
f 117 115 160
f 160 147 117
f 127 161 166
f 53 127 166
f 127 162 161
f 129 162 127
f 128 130 88
f 104 88 150
f 169 131 170
f 131 151 170
f 93 132 105
f 152 93 94
f 133 152 94
f 134 120 106
f 140 139 141
f 139 110 141
f 110 142 141
f 143 140 141
f 123 97 143
f 123 143 155
f 144 142 122
f 122 157 144
f 155 178 156
f 156 124 83
f 100 145 157
f 100 125 145
f 124 112 84
f 125 158 145
f 113 174 158
f 102 117 147
f 102 147 175
f 148 165 126
f 118 103 126
f 165 148 166
f 128 119 163
f 130 128 149
f 163 149 128
f 169 162 129
f 150 88 130
f 150 195 104
f 132 93 152
f 136 153 135
f 134 139 120
f 133 109 139
f 109 110 139
f 138 154 153
f 120 139 140
f 143 141 177
f 142 177 141
f 143 185 155
f 142 144 164
f 124 156 172
f 172 187 124
f 124 187 112
f 112 173 188
f 159 220 146
f 160 115 146
f 166 161 181
f 194 163 119
f 149 163 168
f 152 133 134
f 134 133 139
f 135 153 108
f 108 153 154
f 108 154 137
f 164 177 142
f 171 144 157
f 187 173 112
f 158 174 189
f 220 159 188
f 102 175 179
f 165 201 126
f 118 126 183
f 167 119 118
f 119 167 194
f 168 163 184
f 130 207 150
f 149 207 130
f 169 170 206
f 104 195 208
f 151 104 208
f 132 152 134
f 144 171 164
f 178 186 156
f 172 156 186
f 171 157 145
f 179 200 174
f 179 175 241
f 146 191 160
f 147 222 175
f 182 180 166
f 166 180 165
f 181 182 166
f 167 118 183
f 181 161 203
f 194 176 163
f 163 176 184
f 205 149 168
f 207 195 150
f 205 207 149
f 170 227 206
f 151 230 170
f 196 143 177
f 155 185 178
f 178 185 197
f 164 171 217
f 158 211 145
f 199 188 173
f 220 191 146
f 193 160 191
f 147 160 193
f 147 213 222
f 193 213 147
f 204 161 162
f 143 196 185
f 178 197 186
f 188 235 220
f 189 174 190
f 200 190 174
f 241 200 179
f 126 201 183
f 169 226 162
f 226 169 206
f 227 170 230
f 196 233 185
f 197 218 186
f 172 186 187
f 198 187 186
f 173 187 198
f 198 199 173
f 199 240 188
f 158 189 211
f 240 235 188
f 220 221 191
f 180 228 165
f 165 228 201
f 201 257 183
f 167 183 202
f 194 216 176
f 161 204 225
f 184 237 168
f 162 226 204
f 230 151 208
f 164 209 177
f 196 177 209
f 185 233 197
f 164 217 209
f 171 255 217
f 171 145 210
f 186 218 198
f 145 211 210
f 190 200 212
f 192 191 221
f 194 167 215
f 194 215 216
f 176 224 184
f 237 205 168
f 207 205 243
f 231 208 195
f 195 207 231
f 171 210 255
f 211 189 219
f 219 189 190
f 339 200 241
f 241 175 269
f 175 222 269
f 214 202 183
f 202 223 167
f 167 223 215
f 203 161 236
f 236 161 225
f 224 260 184
f 184 260 237
f 205 237 243
f 232 204 226
f 229 226 206
f 229 206 227
f 209 233 196
f 233 267 197
f 267 218 197
f 218 239 198
f 199 198 239
f 268 212 200
f 221 220 235
f 193 191 192
f 269 270 241
f 201 228 257
f 216 224 176
f 204 261 225
f 229 232 226
f 232 238 204
f 232 246 238
f 210 211 234
f 199 239 240
f 239 306 240
f 211 219 234
f 219 190 212
f 339 268 200
f 242 193 192
f 213 193 242
f 222 271 269
f 213 271 222
f 182 181 286
f 183 257 214
f 258 181 203
f 203 236 258
f 290 237 260
f 207 243 231
f 229 227 273
f 208 244 230
f 231 244 208
f 230 273 227
f 232 229 274
f 204 238 261
f 274 245 232
f 238 246 261
f 232 245 246
f 255 209 217
f 234 219 307
f 307 219 212
f 240 337 235
f 180 182 286
f 180 286 228
f 202 214 223
f 215 287 216
f 288 224 216
f 237 290 243
f 273 315 229
f 274 229 315
f 245 274 275
f 246 276 261
f 245 262 246
f 295 262 245
f 247 249 264
f 248 249 247
f 248 250 249
f 265 263 264
f 251 249 250
f 251 250 278
f 251 252 249
f 249 252 264
f 252 253 264
f 251 280 252
f 252 254 253
f 280 254 252
f 218 267 239
f 255 210 281
f 256 239 282
f 239 256 306
f 240 306 337
f 242 384 213
f 213 283 271
f 228 286 433
f 223 214 314
f 181 258 286
f 215 223 287
f 258 236 272
f 272 236 259
f 260 224 288
f 236 225 259
f 293 259 225
f 291 243 290
f 231 243 292
f 292 244 231
f 230 508 273
f 225 261 293
f 275 295 245
f 246 262 276
f 298 262 295
f 298 297 262
f 248 247 299
f 247 264 263
f 277 250 248
f 278 250 277
f 278 300 251
f 265 264 253
f 266 301 265
f 253 266 265
f 300 279 251
f 279 280 251
f 233 209 323
f 255 323 209
f 267 282 239
f 234 307 336
f 212 268 307
f 235 308 221
f 308 192 221
f 270 339 241
f 271 283 385
f 257 228 314
f 257 314 214
f 367 287 223
f 216 287 288
f 289 260 288
f 260 289 290
f 230 244 508
f 294 293 261
f 261 276 294
f 297 294 276
f 295 296 298
f 262 297 276
f 320 248 299
f 320 277 248
f 299 247 351
f 247 263 351
f 278 277 352
f 279 300 335
f 253 302 266
f 254 302 253
f 322 280 279
f 280 303 254
f 303 280 322
f 304 255 281
f 210 234 281
f 281 234 305
f 336 305 234
f 337 308 235
f 269 402 270
f 402 269 271
f 283 213 384
f 364 284 366
f 327 284 312
f 285 343 366
f 366 284 285
f 284 327 285
f 228 433 314
f 223 314 367
f 272 259 328
f 292 243 291
f 295 275 317
f 347 295 317
f 347 296 295
f 297 331 294
f 318 394 297
f 297 298 318
f 319 277 320
f 376 300 278
f 356 300 332
f 335 300 356
f 321 301 266
f 335 322 279
f 304 323 255
f 323 267 233
f 267 324 282
f 306 359 337
f 271 309 402
f 309 311 310
f 309 271 311
f 312 284 363
f 284 364 362
f 327 313 285
f 288 389 289
f 329 328 259
f 289 370 290
f 259 293 329
f 346 329 293
f 292 291 344
f 244 292 344
f 372 315 273
f 274 315 275
f 315 316 275
f 330 293 294
f 275 316 317
f 331 330 294
f 374 347 317
f 297 394 331
f 350 394 318
f 263 353 351
f 278 352 376
f 265 441 263
f 303 357 254
f 256 282 383
f 383 306 256
f 306 383 359
f 307 268 338
f 337 360 308
f 268 339 338
f 192 308 361
f 192 361 242
f 309 325 402
f 309 310 325
f 325 468 402
f 311 385 468
f 311 468 325
f 311 325 310
f 385 311 271
f 340 363 362
f 363 284 362
f 366 341 364
f 342 312 326
f 327 312 342
f 285 431 343
f 313 431 285
f 258 432 286
f 287 409 288
f 389 288 409
f 289 389 370
f 370 371 290
f 290 371 291
f 345 244 344
f 345 508 244
f 508 372 273
f 330 346 293
f 375 318 298
f 375 298 296
f 320 299 415
f 415 299 351
f 352 277 319
f 376 352 440
f 355 441 265
f 333 332 354
f 301 355 265
f 334 356 333
f 302 321 266
f 254 357 302
f 303 322 382
f 382 357 303
f 323 324 267
f 324 383 282
f 305 304 281
f 305 336 358
f 336 307 338
f 360 337 359
f 339 401 338
f 424 339 270
f 242 361 384
f 403 384 361
f 385 519 468
f 467 283 384
f 385 283 404
f 312 363 365
f 326 312 365
f 366 387 341
f 366 343 387
f 286 432 433
f 314 433 367
f 272 432 258
f 287 367 388
f 287 388 409
f 291 371 344
f 316 411 317
f 411 374 317
f 393 330 331
f 331 394 393
f 348 296 347
f 349 296 348
f 375 350 318
f 320 415 395
f 487 352 319
f 353 417 351
f 263 441 353
f 300 376 332
f 354 332 376
f 397 333 354
f 332 333 356
f 397 334 333
f 356 334 380
f 335 356 322
f 382 322 381
f 323 399 324
f 323 304 399
f 399 304 463
f 423 463 304
f 423 304 305
f 358 423 305
f 336 338 400
f 466 361 308
f 424 401 339
f 283 467 404
f 425 362 364
f 326 407 342
f 475 327 450
f 313 327 475
f 272 368 432
f 368 272 328
f 328 329 369
f 369 329 391
f 371 480 344
f 344 480 345
f 329 346 391
f 372 410 315
f 346 330 373
f 348 347 374
f 296 349 375
f 319 320 395
f 415 351 417
f 487 319 416
f 418 417 353
f 396 354 376
f 377 354 396
f 442 334 397
f 301 321 398
f 398 321 378
f 444 380 334
f 356 380 379
f 379 322 356
f 421 321 302
f 381 322 419
f 359 383 446
f 360 466 308
f 425 448 362
f 447 340 362
f 363 340 405
f 363 405 365
f 365 386 326
f 428 341 387
f 407 326 386
f 407 430 342
f 367 433 408
f 367 408 388
f 328 477 368
f 389 390 370
f 371 370 478
f 373 391 346
f 315 410 316
f 316 410 411
f 411 392 374
f 373 330 452
f 330 393 452
f 412 452 393
f 393 394 437
f 437 394 455
f 394 350 455
f 350 457 455
f 350 438 457
f 414 375 349
f 414 350 375
f 414 438 350
f 416 319 395
f 415 417 459
f 353 460 418
f 396 376 440
f 353 441 460
f 489 441 355
f 397 354 377
f 301 398 355
f 444 542 380
f 419 322 379
f 357 462 302
f 382 381 465
f 324 399 464
f 464 383 324
f 382 422 357
f 446 383 464
f 338 401 400
f 466 518 361
f 402 424 270
f 361 518 403
f 404 519 385
f 362 448 447
f 448 425 472
f 365 405 426
f 531 364 341
f 407 406 429
f 429 430 407
f 450 342 430
f 342 450 327
f 388 434 409
f 328 369 477
f 371 436 480
f 413 374 392
f 454 412 393
f 374 413 348
f 437 454 393
f 459 458 415
f 416 395 439
f 395 415 458
f 352 487 440
f 377 396 488
f 444 334 442
f 398 378 443
f 419 379 445
f 379 380 445
f 380 420 445
f 419 513 381
f 302 462 421
f 399 547 464
f 491 357 422
f 491 462 357
f 465 422 382
f 359 446 492
f 358 400 549
f 336 400 358
f 359 492 360
f 466 360 492
f 517 401 424
f 467 384 403
f 404 467 574
f 519 404 494
f 473 405 340
f 473 426 405
f 364 531 425
f 365 426 386
f 428 531 341
f 407 386 427
f 427 506 407
f 407 506 406
f 475 451 313
f 564 409 434
f 564 389 409
f 370 390 435
f 478 370 435
f 371 478 436
f 410 481 411
f 411 481 392
f 437 455 482
f 456 414 349
f 438 439 457
f 483 438 414
f 439 395 458
f 417 512 459
f 418 512 417
f 487 416 634
f 396 599 488
f 539 460 441
f 461 539 441
f 489 461 441
f 398 489 355
f 442 397 540
f 321 421 378
f 380 542 420
f 543 420 542
f 547 399 463
f 604 465 381
f 549 400 401
f 494 404 574
f 473 340 447
f 426 474 427
f 386 426 427
f 428 387 657
f 532 449 406
f 429 406 449
f 387 343 592
f 451 431 313
f 432 593 433
f 408 433 476
f 389 564 390
f 369 391 510
f 391 373 510
f 452 412 453
f 349 348 628
f 456 349 628
f 456 483 414
f 485 538 457
f 457 458 485
f 457 439 458
f 483 439 438
f 483 486 439
f 485 458 459
f 416 439 486
f 599 396 440
f 489 398 601
f 443 601 398
f 542 444 442
f 378 421 603
f 602 543 542
f 445 490 419
f 419 490 513
f 445 420 490
f 544 604 381
f 462 515 421
f 641 463 423
f 423 358 605
f 358 549 605
f 491 422 516
f 492 548 466
f 549 401 517
f 493 403 518
f 551 424 402
f 551 402 468
f 552 403 493
f 469 499 521
f 469 470 499
f 470 501 499
f 503 447 471
f 447 448 471
f 473 447 503
f 473 504 426
f 472 425 505
f 425 531 505
f 474 529 506
f 474 506 427
f 506 591 406
f 406 591 532
f 592 657 387
f 449 659 429
f 429 450 430
f 408 594 388
f 477 369 535
f 390 595 435
f 478 479 436
f 480 565 345
f 509 372 508
f 372 509 410
f 510 373 452
f 481 536 392
f 536 413 392
f 413 511 348
f 537 454 437
f 348 511 628
f 437 482 537
f 455 457 538
f 484 483 456
f 486 483 484
f 416 486 568
f 699 416 568
f 459 512 633
f 634 416 699
f 570 418 460
f 377 600 397
f 540 397 600
f 542 442 637
f 515 603 421
f 547 463 641
f 465 516 422
f 424 551 767
f 403 552 467
f 495 497 496
f 496 469 557
f 497 469 496
f 497 470 469
f 497 522 470
f 498 469 521
f 522 500 470
f 499 524 521
f 500 501 470
f 499 526 524
f 499 501 526
f 561 526 501
f 560 471 472
f 471 448 472
f 504 503 502
f 503 504 473
f 472 505 560
f 474 426 504
f 563 529 474
f 429 533 450
f 621 592 343
f 343 431 621
f 451 475 534
f 408 476 594
f 434 388 594
f 564 595 390
f 597 535 369
f 369 510 597
f 479 478 435
f 436 507 480
f 507 436 479
f 345 565 508
f 507 565 480
f 510 452 566
f 452 453 566
f 454 667 412
f 667 454 537
f 455 538 482
f 486 484 568
f 632 485 459
f 632 459 633
f 418 635 512
f 487 634 569
f 599 440 569
f 570 460 539
f 377 488 572
f 572 600 377
f 489 601 541
f 540 637 442
f 443 378 636
f 603 636 378
f 544 381 513
f 420 573 490
f 573 420 514
f 543 514 420
f 545 604 544
f 607 465 604
f 641 423 605
f 546 462 491
f 492 446 606
f 548 492 606
f 516 707 491
f 550 466 548
f 466 550 518
f 468 608 551
f 608 468 519
f 467 552 737
f 580 497 554
f 497 495 554
f 495 496 555
f 556 496 557
f 557 469 498
f 520 522 497
f 522 520 523
f 523 558 522
f 500 522 558
f 524 526 525
f 501 500 617
f 526 559 525
f 617 528 501
f 561 527 526
f 501 528 561
f 561 503 527
f 527 471 559
f 560 559 471
f 471 527 503
f 504 562 474
f 563 619 529
f 529 530 506
f 591 506 530
f 658 659 449
f 533 475 450
f 476 433 593
f 368 662 432
f 508 693 509
f 509 598 410
f 481 410 598
f 629 537 482
f 482 538 729
f 485 632 538
f 635 633 512
f 418 570 635
f 487 569 440
f 805 570 539
f 461 489 541
f 490 573 513
f 513 573 544
f 462 546 515
f 546 639 515
f 640 464 547
f 446 464 640
f 606 446 640
f 546 491 707
f 549 517 643
f 574 467 737
f 578 611 554
f 580 553 576
f 580 554 553
f 495 555 578
f 554 495 578
f 555 613 577
f 555 556 613
f 496 556 555
f 579 497 580
f 556 557 613
f 613 557 581
f 579 520 497
f 557 498 581
f 523 520 614
f 524 582 521
f 558 617 500
f 526 527 559
f 503 561 502
f 505 589 560
f 502 590 504
f 563 474 562
f 531 775 505
f 655 531 428
f 432 795 593
f 535 368 477
f 434 624 564
f 508 565 693
f 597 510 665
f 510 566 665
f 598 536 481
f 453 412 667
f 536 567 413
f 630 456 628
f 729 629 482
f 484 456 630
f 632 729 538
f 630 568 484
f 599 571 488
f 600 572 701
f 600 732 540
f 540 899 637
f 542 637 602
f 668 603 515
f 514 638 573
f 607 516 465
f 518 705 493
f 517 424 767
f 575 553 647
f 575 576 553
f 610 609 577
f 611 578 577
f 553 554 611
f 577 612 610
f 579 580 576
f 578 555 577
f 520 579 680
f 743 581 498
f 614 520 681
f 582 498 521
f 585 582 524
f 584 586 615
f 586 583 615
f 587 586 584
f 583 558 523
f 586 588 583
f 583 588 558
f 587 588 586
f 683 588 587
f 717 683 587
f 525 585 524
f 588 685 558
f 558 685 617
f 559 560 589
f 618 528 617
f 528 502 561
f 528 590 502
f 590 562 504
f 655 775 531
f 591 620 532
f 620 656 532
f 656 449 532
f 656 658 449
f 659 533 429
f 592 621 846
f 476 622 594
f 434 594 623
f 434 623 624
f 624 595 564
f 535 597 688
f 596 688 597
f 664 435 595
f 625 598 509
f 627 536 598
f 567 536 627
f 566 453 727
f 696 727 453
f 453 667 696
f 567 511 413
f 630 631 568
f 571 599 761
f 636 601 443
f 573 638 544
f 544 638 545
f 668 515 639
f 604 669 607
f 669 604 545
f 765 641 605
f 642 550 548
f 607 706 516
f 705 518 550
f 551 608 787
f 494 608 519
f 712 644 609
f 647 609 644
f 712 609 610
f 647 611 609
f 647 553 611
f 611 577 609
f 610 612 791
f 576 677 579
f 577 613 612
f 613 741 612
f 613 581 741
f 680 579 678
f 679 581 743
f 681 520 680
f 743 498 582
f 648 615 614
f 615 523 614
f 648 584 615
f 649 584 648
f 523 615 583
f 649 587 584
f 650 587 649
f 717 587 650
f 525 684 585
f 528 652 590
f 562 619 563
f 748 505 775
f 718 529 619
f 718 530 529
f 530 620 591
f 655 428 657
f 720 658 656
f 659 660 533
f 451 621 431
f 432 662 795
f 476 593 622
f 593 722 622
f 623 594 661
f 595 624 664
f 479 664 690
f 435 664 479
f 479 692 507
f 625 725 598
f 596 597 626
f 626 597 665
f 665 566 727
f 697 667 537
f 537 629 697
f 730 631 630
f 634 700 569
f 488 784 572
f 572 784 701
f 541 601 702
f 732 899 540
f 703 637 899
f 637 733 602
f 602 734 543
f 514 543 734
f 763 514 734
f 638 764 545
f 763 638 514
f 547 641 640
f 640 670 606
f 765 605 643
f 548 606 670
f 548 670 642
f 639 546 671
f 605 549 643
f 642 671 550
f 671 705 550
f 671 546 672
f 707 516 706
f 643 517 766
f 517 767 766
f 673 493 705
f 673 552 493
f 709 574 737
f 676 645 575
f 576 575 645
f 646 576 645
f 676 647 644
f 676 575 647
f 579 677 678
f 581 679 741
f 744 614 681
f 744 716 614
f 614 682 648
f 682 649 648
f 588 616 685
f 683 616 588
f 684 747 585
f 559 589 651
f 652 528 618
f 653 590 652
f 590 653 562
f 748 589 505
f 776 653 652
f 562 654 619
f 653 654 562
f 619 654 718
f 749 620 530
f 533 721 475
f 752 621 451
f 593 795 722
f 622 661 594
f 368 687 662
f 535 687 368
f 623 661 663
f 623 663 624
f 689 624 663
f 664 624 689
f 690 692 479
f 507 694 565
f 692 694 507
f 627 598 725
f 627 666 567
f 728 759 567
f 759 511 567
f 696 667 697
f 511 698 628
f 698 630 628
f 729 632 781
f 568 631 699
f 569 761 599
f 635 570 833
f 833 570 805
f 571 784 488
f 732 600 959
f 603 762 636
f 807 603 668
f 764 638 763
f 640 641 765
f 639 642 670
f 642 639 671
f 669 706 607
f 671 672 705
f 546 707 672
f 552 673 708
f 551 787 767
f 494 768 608
f 769 494 574
f 713 644 712
f 674 646 714
f 675 714 645
f 646 645 714
f 739 646 674
f 713 676 644
f 675 676 713
f 645 676 675
f 677 646 739
f 576 646 677
f 712 610 773
f 715 678 677
f 612 741 791
f 680 742 681
f 682 614 716
f 650 649 746
f 747 887 582
f 747 582 585
f 650 816 717
f 559 651 525
f 685 618 617
f 658 751 659
f 751 660 659
f 660 721 533
f 622 722 686
f 622 686 661
f 663 661 777
f 689 690 664
f 690 691 692
f 565 694 693
f 693 724 509
f 509 724 625
f 625 695 725
f 567 666 728
f 759 698 511
f 697 629 729
f 698 730 630
f 731 631 730
f 781 632 633
f 700 782 569
f 782 761 569
f 805 539 785
f 539 461 785
f 541 785 461
f 636 702 601
f 733 637 703
f 807 762 603
f 668 639 735
f 670 640 704
f 640 765 704
f 736 670 704
f 643 766 765
f 673 705 672
f 812 737 552
f 709 769 574
f 712 711 713
f 711 710 713
f 739 674 738
f 714 713 710
f 714 675 713
f 814 712 773
f 677 739 715
f 610 791 773
f 742 680 678
f 742 744 681
f 582 774 743
f 649 682 745
f 815 649 745
f 649 815 746
f 816 650 746
f 683 717 865
f 525 651 684
f 817 685 616
f 776 652 842
f 618 842 652
f 653 794 654
f 776 794 653
f 718 719 530
f 530 719 749
f 620 821 656
f 656 821 720
f 721 534 475
f 795 662 687
f 686 777 661
f 777 797 663
f 663 797 689
f 689 797 723
f 687 535 688
f 596 753 688
f 723 690 689
f 692 691 694
f 778 693 694
f 753 596 726
f 596 626 726
f 757 726 626
f 626 665 757
f 780 627 725
f 627 780 666
f 801 757 665
f 727 801 665
f 727 696 758
f 697 729 803
f 731 699 631
f 699 975 700
f 699 700 634
f 633 635 760
f 701 959 600
f 636 762 702
f 639 670 735
f 735 670 736
f 545 809 669
f 669 786 706
f 672 707 673
f 707 708 673
f 708 707 706
f 708 812 552
f 608 906 787
f 768 906 608
f 768 494 769
f 711 771 710
f 710 771 772
f 770 739 738
f 772 714 710
f 772 674 714
f 738 674 772
f 711 712 814
f 770 740 739
f 739 740 715
f 678 715 792
f 679 743 774
f 887 774 582
f 682 716 745
f 616 683 817
f 865 817 683
f 685 817 818
f 618 685 818
f 794 718 654
f 718 794 719
f 657 592 750
f 451 534 752
f 722 795 822
f 778 691 824
f 691 778 694
f 693 778 724
f 754 753 726
f 724 755 625
f 625 755 695
f 756 695 755
f 695 756 725
f 780 725 756
f 804 730 698
f 781 633 760
f 760 635 833
f 783 571 761
f 733 734 602
f 735 807 668
f 809 545 764
f 763 810 764
f 766 767 857
f 786 811 706
f 708 706 811
f 708 811 812
f 767 787 857
f 768 836 906
f 789 738 772
f 770 738 789
f 740 770 788
f 860 814 773
f 792 715 740
f 773 791 860
f 860 791 861
f 791 741 861
f 742 678 792
f 792 863 742
f 679 774 862
f 744 742 863
f 887 747 793
f 819 748 775
f 655 819 775
f 722 822 686
f 795 687 796
f 688 796 687
f 796 688 753
f 723 824 691
f 690 723 691
f 724 778 779
f 755 779 827
f 779 755 724
f 799 755 827
f 755 799 756
f 754 726 829
f 800 780 756
f 830 726 757
f 873 759 728
f 758 696 802
f 696 697 802
f 804 731 730
f 975 699 731
f 701 784 806
f 785 938 805
f 917 785 541
f 541 702 960
f 734 901 763
f 808 735 736
f 901 810 763
f 764 810 809
f 736 704 835
f 835 808 736
f 669 809 786
f 765 855 704
f 786 809 879
f 766 855 765
f 766 857 943
f 904 737 812
f 836 768 922
f 768 769 922
f 907 769 709
f 711 858 771
f 789 772 771
f 740 788 790
f 711 814 858
f 861 741 862
f 741 679 862
f 774 887 864
f 744 745 716
f 815 841 746
f 816 865 717
f 651 589 748
f 867 794 776
f 794 820 719
f 820 843 719
f 719 843 749
f 655 657 953
f 821 620 749
f 751 658 720
f 751 869 660
f 869 721 660
f 796 822 795
f 822 777 686
f 823 797 777
f 825 796 753
f 798 778 824
f 825 753 754
f 826 825 754
f 798 779 778
f 756 799 800
f 830 829 726
f 853 780 800
f 757 801 830
f 780 853 666
f 801 727 758
f 895 728 666
f 895 873 728
f 873 698 759
f 697 803 802
f 803 729 854
f 854 729 781
f 974 975 731
f 781 760 831
f 700 916 782
f 571 783 784
f 874 732 959
f 960 917 541
f 918 732 874
f 702 961 960
f 732 918 899
f 734 733 876
f 735 834 807
f 835 704 855
f 810 878 809
f 943 855 766
f 904 812 813
f 922 769 907
f 839 789 771
f 839 837 788
f 837 838 788
f 771 858 905
f 789 839 770
f 770 839 788
f 838 790 788
f 790 946 740
f 946 792 740
f 840 863 792
f 928 746 841
f 746 928 816
f 684 951 747
f 748 866 651
f 842 618 930
f 866 748 819
f 953 657 750
f 621 913 846
f 621 752 913
f 870 534 721
f 777 822 823
f 797 823 847
f 797 847 723
f 847 798 824
f 723 847 824
f 848 825 826
f 798 848 826
f 779 798 826
f 826 754 851
f 779 826 849
f 849 826 851
f 851 754 829
f 827 779 849
f 799 827 828
f 799 828 800
f 852 829 830
f 800 915 853
f 802 896 758
f 974 731 804
f 781 831 854
f 783 832 784
f 703 939 733
f 876 733 939
f 734 876 901
f 808 941 735
f 855 877 835
f 878 879 809
f 811 786 813
f 812 811 813
f 709 737 904
f 771 905 880
f 839 771 880
f 840 792 946
f 862 774 864
f 744 863 909
f 745 744 909
f 745 888 815
f 841 815 888
f 816 889 865
f 747 951 987
f 817 890 818
f 952 684 651
f 618 818 930
f 867 776 891
f 891 776 842
f 655 953 819
f 820 794 868
f 868 794 867
f 750 592 844
f 821 954 720
f 751 845 869
f 592 846 844
f 870 752 534
f 796 848 822
f 823 822 848
f 847 823 848
f 848 796 825
f 847 848 798
f 827 849 828
f 849 851 850
f 828 849 850
f 828 894 800
f 852 871 829
f 915 800 894
f 830 801 872
f 801 758 872
f 853 895 666
f 935 758 896
f 873 804 698
f 897 761 782
f 761 897 783
f 938 833 805
f 784 832 806
f 701 806 898
f 702 762 875
f 900 875 762
f 807 900 762
f 835 877 808
f 855 856 877
f 943 856 855
f 857 787 980
f 837 839 880
f 709 904 884
f 883 790 838
f 858 814 859
f 924 946 790
f 886 814 860
f 926 860 861
f 949 863 840
f 888 745 909
f 928 889 816
f 817 865 910
f 890 817 910
f 951 684 952
f 952 651 866
f 843 931 749
f 892 721 869
f 721 1008 870
f 955 913 752
f 850 851 871
f 893 850 871
f 851 829 871
f 893 894 850
f 850 894 828
f 852 830 872
f 872 758 935
f 853 934 895
f 896 802 803
f 936 974 804
f 833 938 977
f 701 898 959
f 918 703 899
f 979 703 918
f 875 961 702
f 941 834 735
f 1013 901 876
f 877 856 902
f 962 810 901
f 810 962 878
f 813 786 879
f 945 885 881
f 882 883 838
f 881 885 883
f 709 884 907
f 858 859 944
f 924 790 883
f 883 885 924
f 923 925 885
f 859 814 908
f 886 908 814
f 886 860 926
f 861 862 927
f 927 862 950
f 968 863 949
f 862 864 950
f 863 968 909
f 864 887 1003
f 793 747 987
f 865 889 910
f 930 1005 842
f 842 1005 891
f 820 911 843
f 911 931 843
f 751 954 845
f 751 720 954
f 892 1008 721
f 915 894 914
f 972 852 872
f 915 933 853
f 934 853 933
f 873 936 804
f 803 854 937
f 937 854 831
f 916 700 975
f 782 916 897
f 977 1011 760
f 833 977 760
f 976 832 783
f 703 979 939
f 834 900 807
f 941 808 877
f 902 941 877
f 878 963 879
f 906 980 787
f 903 880 905
f 880 903 981
f 881 966 945
f 944 996 905
f 881 882 965
f 880 981 837
f 838 837 882
f 881 883 882
f 905 858 944
f 945 998 885
f 998 923 885
f 885 925 924
f 948 840 946
f 948 949 840
f 927 926 861
f 1003 887 793
f 928 841 986
f 929 889 928
f 868 911 820
f 867 969 868
f 953 750 912
f 931 821 749
f 870 955 752
f 914 894 893
f 893 871 956
f 956 871 852
f 915 914 933
f 936 873 895
f 936 993 974
f 783 897 976
f 832 1044 806
f 938 785 958
f 785 917 958
f 876 939 940
f 1013 962 901
f 856 942 902
f 856 943 942
f 813 879 919
f 857 995 943
f 964 813 919
f 881 965 920
f 966 881 920
f 903 905 996
f 813 964 904
f 981 882 837
f 999 922 907
f 1033 886 926
f 1003 950 864
f 888 986 841
f 793 987 1003
f 889 929 988
f 910 889 988
f 1062 951 952
f 911 868 969
f 869 845 971
f 846 913 1065
f 1008 1078 870
f 956 852 972
f 932 893 956
f 893 932 914
f 914 932 933
f 803 937 896
f 896 937 1009
f 831 957 937
f 976 1104 832
f 959 1029 874
f 960 961 1069
f 978 961 875
f 900 1107 875
f 1013 876 940
f 902 1048 941
f 919 879 963
f 878 962 963
f 857 980 995
f 945 966 967
f 982 980 906
f 945 967 998
f 904 921 884
f 984 907 884
f 1033 908 886
f 1000 924 925
f 923 1017 925
f 1017 1000 925
f 946 924 947
f 1002 1033 926
f 946 947 948
f 909 968 1093
f 909 1093 888
f 1024 866 953
f 866 819 953
f 990 867 891
f 969 989 911
f 911 989 931
f 954 821 931
f 892 869 971
f 1065 913 955
f 935 972 872
f 896 1026 935
f 1027 936 895
f 975 1102 916
f 760 1011 831
f 1029 959 898
f 960 1012 917
f 874 1116 918
f 918 1046 979
f 1107 978 875
f 941 1047 834
f 962 1013 1050
f 943 995 942
f 921 904 964
f 984 884 921
f 923 998 983
f 999 907 1037
f 984 1037 907
f 923 983 1017
f 1000 947 924
f 926 1020 1002
f 927 1021 926
f 948 985 949
f 1023 949 985
f 1023 968 949
f 1093 986 888
f 929 928 1004
f 818 1095 930
f 1063 1005 930
f 1006 891 1005
f 990 969 867
f 931 989 970
f 954 931 970
f 845 954 970
f 971 845 990
f 846 1007 844
f 955 870 1098
f 1098 870 1078
f 972 1040 956
f 932 1041 933
f 1026 972 935
f 934 933 973
f 934 973 1027
f 895 934 1027
f 1027 993 936
f 975 974 1177
f 1104 1044 832
f 938 1028 977
f 958 1028 938
f 1012 994 917
f 1116 874 1029
f 1069 961 978
f 939 979 1030
f 939 1030 940
f 900 834 1107
f 902 942 1048
f 963 962 1050
f 963 1050 919
f 1016 944 997
f 859 997 944
f 998 1136 983
f 1001 984 921
f 1019 1037 984
f 947 1036 948
f 1021 1020 926
f 948 1036 985
f 927 1058 1022
f 927 950 1058
f 928 986 1004
f 988 1061 910
f 1062 1124 951
f 818 890 1095
f 990 891 1006
f 969 970 989
f 970 969 990
f 1006 971 990
f 845 970 990
f 892 991 1008
f 1065 955 1159
f 956 1040 932
f 1026 992 972
f 1026 896 1009
f 993 1177 974
f 1009 937 957
f 1010 916 1102
f 897 1131 976
f 1011 977 1042
f 1044 1045 806
f 1045 898 806
f 1045 1029 898
f 1046 918 1116
f 960 1069 1012
f 1013 940 1085
f 1048 1047 941
f 1052 964 919
f 964 1052 1074
f 965 1071 920
f 903 1031 981
f 1051 1031 903
f 965 882 1031
f 1015 980 982
f 944 1016 996
f 1031 882 981
f 1053 998 967
f 922 1090 836
f 999 1090 922
f 921 964 1054
f 1032 908 1033
f 1001 1019 984
f 1036 947 1000
f 1021 927 1022
f 986 1093 1076
f 1003 987 1094
f 1124 987 951
f 890 910 1172
f 866 1024 952
f 953 912 1024
f 1095 1063 930
f 846 1065 1007
f 1041 932 1040
f 1026 1009 1100
f 957 831 1079
f 1102 975 1177
f 1010 897 916
f 1010 1131 897
f 977 1043 1042
f 917 994 958
f 834 1150 1107
f 1047 1150 834
f 1050 1013 1070
f 995 1048 942
f 1052 919 1050
f 995 980 1015
f 920 1071 1014
f 1014 966 920
f 903 996 1051
f 1031 1071 965
f 859 908 997
f 1090 906 836
f 1074 1054 964
f 1001 921 1054
f 1033 1002 1034
f 1018 1001 1054
f 1037 1057 999
f 1019 1001 1020
f 1018 1020 1001
f 1002 1020 1018
f 1019 1035 1037
f 1019 1021 1035
f 1020 1021 1019
f 1022 1035 1021
f 1004 1077 929
f 988 929 1077
f 1061 1172 910
f 1172 1175 890
f 1174 1062 952
f 1175 1095 890
f 912 750 1113
f 1005 1064 1006
f 1006 1025 971
f 971 1025 892
f 1025 991 892
f 1040 972 992
f 933 1041 973
f 1027 973 1067
f 992 1026 1100
f 977 1028 1043
f 1046 1148 979
f 979 1148 1030
f 1030 1085 940
f 1085 1070 1013
f 1050 1049 1052
f 1014 1071 1118
f 1053 1136 998
f 1121 906 1090
f 1136 1110 983
f 1110 1017 983
f 1057 1090 999
f 1000 1017 1091
f 1056 1018 1054
f 1036 1000 1091
f 968 1023 1038
f 968 1038 1093
f 1003 1112 950
f 1094 1112 1003
f 1039 1094 987
f 1124 1039 987
f 1061 988 1077
f 1174 952 1024
f 1113 750 844
f 1041 1040 1066
f 1066 1040 992
f 993 1140 1177
f 1011 1079 831
f 1082 1068 1043
f 1068 1042 1043
f 1028 958 1115
f 1083 958 994
f 1029 1165 1116
f 1116 1146 1046
f 1070 1049 1050
f 1072 1031 1051
f 996 1086 1051
f 1014 1088 966
f 1088 967 966
f 908 1032 997
f 1055 1032 1033
f 1055 1033 1034
f 1056 1002 1018
f 1034 1002 1056
f 1037 1035 1057
f 1035 1022 1111
f 985 1092 1023
f 1023 1092 1059
f 1058 950 1060
f 1063 1064 1005
f 1006 1064 1128
f 1006 1128 1025
f 1159 955 1098
f 1041 1066 973
f 973 1066 1067
f 1067 1101 1027
f 993 1027 1101
f 1114 1009 957
f 957 1079 1141
f 1011 1142 1079
f 1011 1042 1142
f 1144 1045 1044
f 1115 958 1083
f 1046 1146 1084
f 1049 1073 1052
f 1016 1086 996
f 1052 1073 1074
f 1016 997 1087
f 1087 997 1109
f 967 1088 1053
f 1121 982 906
f 1074 1089 1054
f 1091 1017 1110
f 1035 1075 1057
f 1092 1036 1091
f 1036 1092 985
f 1022 1058 1111
f 1023 1059 1038
f 950 1122 1060
f 950 1112 1122
f 986 1076 1004
f 1125 1124 1062
f 1024 1126 1174
f 1126 1024 912
f 1007 1187 1219
f 1007 1065 1187
f 1096 991 1025
f 991 1097 1008
f 992 1099 1066
f 1067 1066 1099
f 1099 992 1100
f 1140 993 1101
f 1009 1114 1100
f 1042 1068 1080
f 1103 1080 1081
f 1080 1068 1081
f 1068 1082 1081
f 1082 1133 1132
f 1082 1043 1133
f 1144 1044 1104
f 1144 1192 1045
f 1029 1045 1214
f 1083 994 1266
f 1084 1148 1046
f 978 1107 1147
f 1148 1195 1030
f 1150 1047 1048
f 1048 995 1183
f 995 1015 1183
f 1016 1119 1086
f 1088 1152 1053
f 982 1183 1015
f 1054 1089 1056
f 1075 1137 1057
f 1075 1035 1111
f 1038 1123 1093
f 1062 1206 1125
f 1174 1206 1062
f 1113 844 1007
f 1128 1096 1025
f 1096 1097 991
f 1097 1078 1008
f 1114 957 1141
f 1131 1104 976
f 1080 1103 1129
f 1082 1132 1081
f 1043 1105 1133
f 1043 1028 1105
f 1105 1028 1181
f 1115 1083 1213
f 1069 1106 1012
f 1147 1069 978
f 1149 1147 1107
f 1085 1166 1070
f 1183 1150 1048
f 1051 1086 1072
f 1071 1108 1118
f 1031 1108 1071
f 1119 1016 1087
f 1109 997 1032
f 1073 1153 1074
f 1074 1153 1089
f 1057 1121 1090
f 1034 1056 1089
f 1091 1110 1184
f 1155 1038 1059
f 1076 1093 1123
f 1077 1004 1138
f 1077 1138 1061
f 1138 1172 1061
f 1125 1206 1173
f 1207 912 1113
f 1063 1095 1139
f 1007 1219 1113
f 1100 1209 1099
f 1042 1130 1142
f 1129 1130 1080
f 1042 1080 1130
f 1103 1081 1162
f 1181 1028 1115
f 1192 1214 1045
f 1214 1253 1029
f 1029 1253 1165
f 1106 1069 1194
f 1107 1150 1149
f 1134 1070 1166
f 1070 1134 1049
f 1167 1072 1086
f 1088 1014 1151
f 1119 1087 1135
f 1152 1136 1053
f 1198 1110 1136
f 1120 1034 1089
f 1055 1034 1120
f 1137 1121 1057
f 1092 1091 1154
f 1154 1091 1184
f 1186 1075 1111
f 1058 1186 1111
f 1155 1123 1038
f 1004 1076 1204
f 1138 1004 1204
f 1039 1124 1158
f 1128 1127 1096
f 1065 1159 1187
f 1159 1098 1176
f 1160 1098 1078
f 1160 1176 1098
f 1099 1210 1067
f 1010 1233 1131
f 1162 1129 1103
f 1129 1179 1130
f 1081 1143 1162
f 1081 1132 1143
f 1164 1144 1104
f 1105 1145 1133
f 1165 1236 1116
f 1147 1194 1069
f 1195 1196 1030
f 1085 1030 1196
f 1166 1085 1196
f 1049 1134 1117
f 1086 1119 1167
f 1014 1118 1182
f 1031 1072 1108
f 1014 1182 1151
f 1087 1109 1135
f 1089 1153 1120
f 1184 1110 1198
f 1058 1060 1186
f 1112 1156 1122
f 1157 1156 1094
f 1094 1156 1112
f 1123 1204 1076
f 1039 1157 1094
f 1124 1125 1158
f 912 1207 1126
f 1064 1063 1229
f 1128 1229 1127
f 1064 1229 1128
f 1097 1160 1078
f 1096 1127 1097
f 1097 1127 1160
f 1101 1067 1210
f 1284 1010 1102
f 1284 1233 1010
f 1162 1161 1129
f 1190 1142 1130
f 1162 1143 1163
f 1143 1132 1180
f 1132 1133 1145
f 1193 994 1012
f 1146 1116 1236
f 1237 1147 1149
f 1119 1197 1167
f 1118 1108 1182
f 1073 1049 1117
f 1152 1088 1151
f 1152 1224 1136
f 1153 1258 1120
f 1092 1154 1059
f 1060 1122 1200
f 1172 1205 1175
f 1229 1063 1139
f 1099 1209 1210
f 1100 1188 1209
f 1100 1114 1188
f 1102 1177 1284
f 1179 1129 1161
f 1179 1190 1130
f 1212 1180 1132
f 1132 1145 1212
f 1181 1305 1105
f 1266 994 1193
f 1193 1012 1106
f 1195 1148 1084
f 1196 1268 1166
f 1238 1150 1183
f 1166 1268 1134
f 1072 1167 1168
f 1119 1135 1197
f 1108 1072 1168
f 1055 1244 1032
f 1136 1224 1198
f 1055 1120 1244
f 1170 1137 1075
f 1154 1171 1059
f 1171 1155 1059
f 1200 1122 1201
f 1227 1123 1155
f 1122 1156 1201
f 1157 1039 1203
f 1139 1095 1259
f 1113 1219 1207
f 1140 1101 1261
f 1114 1141 1251
f 1079 1142 1141
f 1189 1161 1162
f 1161 1178 1179
f 1163 1189 1162
f 1286 1164 1104
f 1181 1115 1213
f 1149 1150 1238
f 1117 1169 1073
f 1183 982 1242
f 1032 1241 1109
f 1032 1215 1241
f 982 1121 1242
f 1120 1258 1244
f 1170 1121 1137
f 1184 1216 1185
f 1184 1185 1154
f 1217 1075 1186
f 1186 1060 1199
f 1228 1157 1203
f 1039 1158 1203
f 1158 1125 1248
f 1125 1173 1248
f 1095 1175 1259
f 1176 1208 1159
f 1160 1208 1176
f 1140 1262 1177
f 1189 1163 1191
f 1232 1142 1190
f 1220 1131 1233
f 1163 1143 1191
f 1131 1286 1104
f 1305 1145 1105
f 1267 1084 1146
f 1194 1147 1237
f 1222 1182 1108
f 1269 1183 1242
f 1152 1151 1223
f 1152 1223 1224
f 1242 1121 1170
f 1032 1244 1215
f 1216 1184 1198
f 1186 1199 1245
f 1060 1200 1199
f 1227 1155 1171
f 1157 1228 1156
f 1123 1227 1202
f 1247 1172 1138
f 1172 1247 1205
f 1281 1174 1126
f 1207 1249 1126
f 1219 1260 1207
f 1127 1274 1160
f 1177 1262 1284
f 1142 1251 1141
f 1232 1251 1142
f 1178 1231 1179
f 1230 1189 1191
f 1231 1190 1179
f 1131 1220 1286
f 1191 1143 1265
f 1143 1180 1265
f 1213 1083 1396
f 1083 1266 1396
f 1193 1106 1235
f 1195 1288 1196
f 1268 1221 1134
f 1238 1183 1269
f 1311 1108 1168
f 1222 1108 1311
f 1135 1109 1241
f 1169 1153 1073
f 1224 1243 1198
f 1244 1258 1295
f 1170 1075 1217
f 1154 1185 1226
f 1156 1218 1201
f 1156 1228 1218
f 1123 1202 1204
f 1158 1248 1203
f 1138 1204 1247
f 1126 1249 1281
f 1207 1260 1249
f 1101 1210 1261
f 1276 1250 1161
f 1161 1189 1276
f 1178 1161 1250
f 1231 1232 1190
f 1233 1211 1220
f 1191 1265 1264
f 1180 1212 1252
f 1305 1332 1145
f 1192 1277 1214
f 1165 1287 1236
f 1235 1106 1194
f 1306 1146 1236
f 1084 1288 1195
f 1196 1288 1289
f 1237 1149 1290
f 1290 1149 1238
f 1167 1197 1239
f 1168 1167 1256
f 1167 1239 1256
f 1151 1182 1223
f 1216 1225 1272
f 1226 1171 1154
f 1273 1203 1248
f 1205 1247 1328
f 1173 1206 1299
f 1175 1205 1280
f 1280 1259 1175
f 1219 1187 1260
f 1159 1208 1187
f 1229 1356 1127
f 1160 1274 1208
f 1360 1114 1251
f 1276 1189 1230
f 1250 1231 1178
f 1191 1263 1230
f 1263 1191 1264
f 1180 1252 1265
f 1145 1320 1212
f 1145 1332 1320
f 1305 1181 1321
f 1181 1213 1321
f 1306 1267 1146
f 1267 1288 1084
f 1255 1194 1237
f 1255 1237 1290
f 1117 1134 1221
f 1291 1197 1135
f 1222 1240 1182
f 1135 1241 1291
f 1182 1240 1223
f 1243 1224 1223
f 1216 1198 1225
f 1243 1225 1198
f 1228 1203 1298
f 1202 1246 1204
f 1204 1246 1247
f 1174 1299 1206
f 1140 1261 1282
f 1251 1342 1360
f 1301 1276 1230
f 1263 1301 1230
f 1144 1277 1192
f 1214 1277 1234
f 1214 1344 1253
f 1266 1193 1322
f 1193 1235 1322
f 1287 1323 1236
f 1235 1194 1254
f 1236 1323 1306
f 1289 1268 1196
f 1221 1268 1347
f 1221 1348 1117
f 1239 1197 1291
f 1256 1311 1168
f 1271 1240 1222
f 1257 1241 1215
f 1217 1186 1245
f 1199 1200 1314
f 1200 1201 1314
f 1314 1201 1218
f 1227 1171 1297
f 1227 1297 1202
f 1298 1203 1273
f 1273 1248 1338
f 1338 1248 1173
f 1174 1281 1299
f 1375 1139 1259
f 1229 1139 1375
f 1187 1208 1300
f 1210 1209 1470
f 1275 1188 1114
f 1140 1282 1262
f 1275 1114 1360
f 1231 1250 1283
f 1231 1303 1232
f 1331 1277 1144
f 1321 1213 1396
f 1214 1234 1344
f 1194 1255 1254
f 1256 1239 1309
f 1241 1257 1291
f 1293 1222 1311
f 1271 1279 1240
f 1269 1242 1270
f 1223 1240 1278
f 1153 1169 1335
f 1153 1335 1258
f 1243 1223 1278
f 1243 1278 1225
f 1215 1244 1371
f 1258 1294 1295
f 1295 1294 1324
f 1170 1217 1337
f 1217 1245 1325
f 1171 1226 1296
f 1199 1314 1326
f 1247 1246 1327
f 1187 1300 1260
f 1250 1276 1302
f 1263 1264 1330
f 1284 1211 1233
f 1361 1264 1265
f 1265 1252 1304
f 1319 1304 1252
f 1212 1319 1252
f 1212 1320 1319
f 1331 1144 1164
f 1287 1165 1253
f 1289 1347 1268
f 1222 1293 1271
f 1240 1279 1278
f 1278 1279 1225
f 1225 1279 1272
f 1244 1295 1371
f 1393 1185 1216
f 1245 1199 1326
f 1171 1296 1297
f 1356 1229 1375
f 1127 1317 1274
f 1317 1127 1356
f 1210 1470 1261
f 1209 1188 1376
f 1302 1276 1301
f 1359 1284 1262
f 1301 1263 1395
f 1330 1329 1263
f 1231 1283 1303
f 1285 1342 1251
f 1285 1251 1232
f 1211 1284 1455
f 1305 1363 1332
f 1410 1254 1255
f 1410 1255 1346
f 1288 1267 1307
f 1255 1290 1346
f 1117 1348 1169
f 1334 1309 1239
f 1334 1239 1291
f 1309 1350 1256
f 1256 1350 1311
f 1257 1292 1291
f 1311 1350 1293
f 1293 1312 1271
f 1294 1258 1335
f 1242 1170 1353
f 1170 1337 1353
f 1272 1393 1216
f 1185 1393 1313
f 1185 1313 1226
f 1228 1298 1218
f 1173 1299 1416
f 1328 1280 1205
f 1302 1301 1318
f 1250 1302 1283
f 1395 1263 1329
f 1232 1303 1285
f 1286 1220 1343
f 1304 1361 1265
f 1277 1510 1234
f 1266 1322 1345
f 1235 1364 1322
f 1254 1364 1235
f 1306 1365 1267
f 1307 1333 1288
f 1333 1289 1288
f 1308 1346 1290
f 1308 1290 1238
f 1308 1238 1269
f 1221 1384 1348
f 1334 1291 1292
f 1169 1310 1335
f 1271 1312 1279
f 1388 1257 1352
f 1215 1352 1257
f 1370 1279 1312
f 1371 1352 1215
f 1272 1279 1370
f 1325 1245 1326
f 1296 1226 1313
f 1314 1218 1315
f 1218 1298 1315
f 1299 1438 1416
f 1339 1375 1259
f 1249 1316 1340
f 1260 1316 1249
f 1394 1300 1208
f 1209 1376 1470
f 1188 1275 1376
f 1301 1395 1318
f 1455 1284 1359
f 1220 1211 1442
f 1319 1362 1304
f 1286 1380 1164
f 1510 1277 1331
f 1363 1305 1382
f 1266 1345 1396
f 1344 1409 1253
f 1253 1409 1287
f 1267 1398 1307
f 1310 1169 1348
f 1334 1367 1309
f 1309 1367 1369
f 1310 1349 1335
f 1350 1386 1293
f 1257 1388 1292
f 1336 1294 1335
f 1294 1336 1324
f 1314 1372 1326
f 1297 1296 1403
f 1246 1202 1373
f 1327 1355 1247
f 1299 1281 1438
f 1249 1340 1281
f 1274 1317 1208
f 1357 1395 1329
f 1283 1341 1303
f 1330 1264 1377
f 1264 1361 1379
f 1220 1442 1343
f 1380 1286 1343
f 1380 1331 1164
f 1319 1320 1427
f 1322 1383 1345
f 1287 1409 1323
f 1323 1365 1306
f 1365 1398 1267
f 1369 1350 1309
f 1312 1293 1387
f 1390 1393 1272
f 1337 1217 1414
f 1414 1217 1325
f 1326 1372 1402
f 1315 1372 1314
f 1202 1297 1373
f 1298 1273 1405
f 1246 1373 1374
f 1327 1246 1374
f 1338 1173 1416
f 1328 1247 1355
f 1280 1328 1437
f 1339 1259 1280
f 1261 1470 1423
f 1261 1423 1282
f 1302 1318 1421
f 1303 1341 1408
f 1285 1303 1408
f 1264 1379 1377
f 1455 1442 1211
f 1362 1361 1304
f 1319 1426 1362
f 1381 1320 1332
f 1363 1381 1332
f 1305 1321 1382
f 1429 1344 1234
f 1307 1398 1333
f 1366 1346 1308
f 1289 1333 1411
f 1411 1347 1289
f 1308 1269 1399
f 1269 1270 1399
f 1369 1386 1350
f 1293 1386 1351
f 1387 1293 1351
f 1270 1242 1401
f 1335 1349 1336
f 1242 1353 1401
f 1272 1370 1390
f 1324 1336 1392
f 1436 1313 1393
f 1296 1313 1415
f 1501 1273 1338
f 1327 1374 1406
f 1354 1355 1327
f 1260 1300 1316
f 1536 1300 1394
f 1208 1317 1394
f 1358 1275 1360
f 1283 1302 1424
f 1283 1424 1341
f 1360 1342 1358
f 1285 1408 1378
f 1320 1381 1427
f 1321 1396 1428
f 1364 1383 1322
f 1409 1397 1323
f 1490 1364 1254
f 1254 1410 1490
f 1410 1346 1366
f 1366 1308 1430
f 1384 1347 1411
f 1310 1348 1431
f 1334 1368 1367
f 1334 1292 1447
f 1368 1334 1447
f 1270 1401 1399
f 1385 1292 1388
f 1387 1370 1312
f 1352 1371 1388
f 1400 1390 1370
f 1353 1337 1391
f 1414 1325 1467
f 1325 1326 1467
f 1296 1415 1403
f 1273 1501 1405
f 1524 1438 1281
f 1281 1340 1524
f 1317 1356 1418
f 1420 1318 1395
f 1302 1421 1453
f 1357 1329 1505
f 1302 1453 1424
f 1330 1407 1329
f 1407 1330 1377
f 1342 1285 1378
f 1361 1362 1379
f 1362 1426 1443
f 1380 1444 1331
f 1382 1321 1489
f 1397 1365 1323
f 1221 1347 1384
f 1308 1399 1430
f 1348 1384 1431
f 1400 1370 1387
f 1295 1389 1371
f 1433 1336 1349
f 1389 1295 1324
f 1392 1336 1433
f 1389 1324 1392
f 1391 1337 1414
f 1404 1372 1315
f 1297 1403 1373
f 1315 1298 1404
f 1338 1416 1480
f 1437 1328 1355
f 1440 1375 1339
f 1300 1536 1316
f 1454 1282 1423
f 1359 1262 1282
f 1425 1377 1379
f 1319 1427 1426
f 1510 1331 1444
f 1381 1363 1509
f 1321 1428 1489
f 1409 1344 1445
f 1383 1364 1461
f 1368 1446 1367
f 1385 1447 1292
f 1368 1447 1446
f 1367 1446 1369
f 1351 1386 1448
f 1432 1351 1448
f 1387 1351 1432
f 1387 1432 1400
f 1388 1371 1389
f 1353 1391 1401
f 1414 1467 1450
f 1326 1402 1467
f 1404 1298 1405
f 1373 1502 1374
f 1502 1406 1374
f 1501 1338 1480
f 1417 1416 1438
f 1439 1280 1437
f 1280 1439 1339
f 1375 1440 1356
f 1356 1419 1418
f 1317 1441 1394
f 1317 1418 1441
f 1468 1420 1357
f 1420 1395 1357
f 1468 1357 1505
f 1540 1376 1275
f 1453 1421 1422
f 1329 1407 1505
f 1541 1359 1282
f 1341 1507 1408
f 1542 1455 1359
f 1379 1456 1425
f 1343 1458 1380
f 1363 1382 1489
f 1510 1429 1234
f 1428 1396 1345
f 1366 1430 1463
f 1528 1384 1411
f 1386 1369 1413
f 1413 1448 1386
f 1388 1389 1495
f 1391 1449 1401
f 1433 1434 1392
f 1414 1435 1391
f 1436 1415 1313
f 1372 1404 1402
f 1354 1327 1406
f 1439 1440 1339
f 1318 1420 1483
f 1421 1318 1483
f 1341 1424 1507
f 1458 1343 1442
f 1488 1363 1489
f 1429 1445 1344
f 1445 1569 1409
f 1569 1397 1409
f 1461 1364 1490
f 1512 1411 1333
f 1384 1528 1431
f 1430 1399 1473
f 1431 1464 1310
f 1446 1531 1369
f 1531 1413 1369
f 1401 1449 1465
f 1433 1349 1494
f 1435 1449 1391
f 1434 1389 1392
f 1390 1520 1393
f 1414 1450 1435
f 1467 1402 1595
f 1373 1403 1477
f 1479 1354 1406
f 1417 1480 1416
f 1417 1438 1556
f 1424 1453 1471
f 1282 1454 1541
f 1425 1407 1377
f 1456 1379 1362
f 1408 1457 1378
f 1458 1442 1486
f 1487 1426 1427
f 1363 1488 1509
f 1345 1383 1459
f 1397 1460 1365
f 1462 1410 1366
f 1366 1463 1462
f 1513 1528 1411
f 1491 1430 1473
f 1399 1401 1473
f 1447 1385 1474
f 1349 1412 1494
f 1388 1495 1385
f 1400 1432 1466
f 1495 1389 1434
f 1476 1434 1433
f 1393 1520 1436
f 1436 1451 1415
f 1404 1500 1402
f 1405 1501 1521
f 1437 1355 1481
f 1437 1452 1439
f 1316 1646 1340
f 1439 1535 1440
f 1419 1356 1440
f 1418 1419 1525
f 1453 1422 1471
f 1407 1484 1505
f 1540 1275 1358
f 1359 1541 1542
f 1444 1380 1458
f 1426 1487 1443
f 1427 1381 1509
f 1444 1568 1510
f 1428 1345 1459
f 1459 1383 1461
f 1472 1365 1460
f 1365 1472 1398
f 1398 1511 1333
f 1512 1513 1411
f 1463 1430 1491
f 1310 1464 1492
f 1310 1492 1349
f 1465 1473 1401
f 1446 1447 1474
f 1432 1448 1466
f 1390 1400 1466
f 1466 1519 1390
f 1519 1520 1390
f 1450 1497 1435
f 1499 1450 1467
f 1403 1415 1477
f 1405 1521 1404
f 1373 1477 1502
f 1481 1355 1354
f 1438 1524 1556
f 1503 1419 1440
f 1482 1483 1420
f 1421 1483 1469
f 1422 1421 1469
f 1469 1471 1422
f 1423 1470 1539
f 1407 1425 1484
f 1424 1471 1507
f 1456 1362 1526
f 1543 1442 1455
f 1427 1565 1487
f 1510 1568 1429
f 1490 1410 1462
f 1472 1511 1398
f 1512 1333 1511
f 1549 1464 1431
f 1464 1549 1492
f 1349 1492 1412
f 1385 1613 1474
f 1465 1449 1515
f 1448 1413 1475
f 1466 1448 1475
f 1433 1494 1476
f 1435 1497 1449
f 1495 1434 1532
f 1476 1496 1532
f 1434 1476 1532
f 1498 1497 1450
f 1533 1467 1595
f 1404 1596 1500
f 1478 1404 1521
f 1502 1522 1406
f 1522 1479 1406
f 1481 1452 1437
f 1646 1524 1340
f 1394 1600 1536
f 1560 1470 1376
f 1454 1423 1539
f 1425 1456 1506
f 1408 1507 1508
f 1630 1358 1342
f 1485 1630 1342
f 1408 1508 1457
f 1342 1378 1485
f 1378 1457 1485
f 1443 1527 1362
f 1543 1486 1442
f 1487 1545 1443
f 1427 1509 1565
f 1488 1489 1589
f 1590 1445 1429
f 1428 1459 1660
f 1548 1462 1463
f 1463 1491 1591
f 1528 1514 1431
f 1514 1549 1431
f 1531 1446 1530
f 1412 1493 1494
f 1517 1413 1531
f 1516 1515 1449
f 1475 1413 1517
f 1494 1493 1476
f 1475 1517 1518
f 1449 1497 1516
f 1476 1493 1496
f 1496 1493 1497
f 1496 1497 1498
f 1498 1532 1496
f 1498 1450 1499
f 1402 1500 1595
f 1523 1354 1479
f 1523 1481 1354
f 1480 1417 1555
f 1418 1647 1441
f 1420 1468 1538
f 1482 1420 1538
f 1483 1504 1469
f 1539 1470 1560
f 1471 1469 1580
f 1425 1506 1484
f 1507 1582 1508
f 1543 1455 1542
f 1585 1457 1508
f 1362 1527 1526
f 1547 1444 1458
f 1566 1509 1488
f 1567 1488 1589
f 1459 1461 1636
f 1490 1462 1570
f 1512 1511 1638
f 1514 1609 1549
f 1473 1465 1550
f 1612 1493 1529
f 1412 1529 1493
f 1446 1474 1530
f 1495 1613 1385
f 1475 1552 1466
f 1516 1497 1493
f 1475 1518 1552
f 1495 1532 1594
f 1466 1552 1519
f 1669 1519 1552
f 1573 1498 1499
f 1415 1451 1534
f 1477 1415 1534
f 1404 1478 1596
f 1553 1502 1477
f 1522 1502 1616
f 1501 1480 1555
f 1439 1597 1535
f 1536 1620 1316
f 1535 1578 1440
f 1503 1578 1558
f 1578 1503 1440
f 1558 1537 1503
f 1468 1505 1625
f 1484 1625 1505
f 1469 1504 1580
f 1506 1626 1484
f 1540 1358 1708
f 1507 1471 1582
f 1457 1585 1586
f 1457 1586 1562
f 1457 1562 1544
f 1457 1544 1485
f 1565 1685 1487
f 1566 1488 1567
f 1567 1589 1546
f 1489 1428 1659
f 1568 1590 1429
f 1461 1490 1570
f 1570 1462 1548
f 1512 1638 1639
f 1513 1512 1639
f 1591 1491 1592
f 1465 1515 1940
f 1611 1515 1516
f 1493 1612 1516
f 1551 1474 1613
f 1519 1669 1574
f 1519 1574 1520
f 1498 1573 1532
f 1573 1499 1533
f 1499 1467 1533
f 1520 1451 1436
f 1534 1553 1477
f 1502 1553 1616
f 1521 1501 1555
f 1555 1417 1617
f 1417 1556 1617
f 1452 1481 1577
f 1316 1598 1646
f 1316 1620 1598
f 1537 1558 1621
f 1441 1600 1394
f 1419 1559 1525
f 1675 1441 1647
f 1525 1647 1418
f 1468 1625 1538
f 1483 1482 1504
f 1625 1484 1626
f 1376 1540 1681
f 1539 1603 1454
f 1630 1708 1358
f 1506 1456 1584
f 1456 1526 1584
f 1544 1587 1485
f 1443 1713 1527
f 1443 1545 1713
f 1486 1543 1795
f 1545 1487 1685
f 1565 1509 1566
f 1547 1568 1444
f 1589 1489 1659
f 1590 1661 1445
f 1608 1397 1569
f 1636 1461 1570
f 1548 1463 1591
f 1514 1528 1641
f 1641 1528 1513
f 1473 1666 1491
f 1465 1940 1550
f 1515 1611 1940
f 1612 1611 1516
f 1474 1551 1530
f 1531 1530 1572
f 1531 1572 1517
f 1594 1613 1495
f 1518 1517 1571
f 1518 1571 1552
f 1479 1522 1554
f 1524 1646 1557
f 1439 1452 1597
f 1600 1620 1536
f 1537 1621 1622
f 1537 1559 1503
f 1503 1559 1419
f 1559 1700 1525
f 1560 1561 1539
f 1561 1603 1539
f 1376 1681 1560
f 1454 1603 1581
f 1582 1471 1580
f 1506 1584 1704
f 1582 1583 1508
f 1508 1583 1585
f 1527 1605 1526
f 1527 1713 1605
f 1563 1587 1544
f 1544 1562 1563
f 1546 1564 1567
f 1458 1588 1547
f 1607 1546 1589
f 1660 1459 1636
f 1397 1608 1460
f 1638 1511 1472
f 1592 1689 1591
f 1513 1639 1641
f 1412 1492 1939
f 1939 1529 1412
f 1529 1745 1612
f 1572 1571 1517
f 1571 1642 1552
f 1642 1571 1614
f 1669 1552 1642
f 1594 1532 1573
f 1520 1574 1451
f 1595 1575 1533
f 1615 1576 1451
f 1576 1534 1451
f 1478 1643 1596
f 1617 1556 1557
f 1556 1524 1557
f 1621 1618 1599
f 1558 1618 1621
f 1441 1675 1600
f 1482 1601 1504
f 1603 1561 1623
f 1626 1506 1704
f 1526 1731 1584
f 1607 1564 1546
f 1486 1795 1588
f 1458 1486 1588
f 1564 1566 1567
f 1688 1590 1568
f 1445 1661 1569
f 1548 1768 1570
f 1548 1591 1739
f 1663 1641 1639
f 1665 1549 1609
f 1666 1610 1592
f 1491 1666 1592
f 1721 1492 1549
f 1744 1492 1721
f 1939 1492 1744
f 1864 1745 1529
f 1572 1593 1614
f 1572 1614 1571
f 1595 1670 1575
f 1595 1500 1670
f 1500 1596 1670
f 1553 1534 1696
f 1616 1553 1696
f 1644 1478 1521
f 1644 1521 1555
f 1522 1616 1671
f 1479 1554 1523
f 1645 1481 1523
f 1481 1645 1577
f 1673 1578 1535
f 1578 1618 1558
f 1618 1619 1599
f 1538 1624 1482
f 1482 1624 1601
f 1579 1561 1602
f 1623 1561 1579
f 1625 1626 1678
f 1561 1560 1602
f 1560 1681 1602
f 1681 1540 1789
f 1603 1627 1581
f 1628 1581 1627
f 1708 1789 1540
f 1582 1580 1629
f 1541 1454 1581
f 1582 1629 1651
f 1583 1582 1651
f 1630 1485 1653
f 1542 1711 1543
f 1526 1605 1731
f 1604 1585 1583
f 1585 1604 1586
f 1562 1586 1633
f 1562 1633 1563
f 1606 1563 1633
f 1587 1563 1606
f 1682 1545 1685
f 1566 1564 1657
f 1656 1566 1657
f 1566 1714 1565
f 1634 1607 1589
f 1635 1568 1547
f 1634 1589 1659
f 1428 1660 1659
f 1641 1640 1609
f 1641 1609 1514
f 1689 1592 1664
f 1721 1549 1665
f 1530 1551 1667
f 1530 1593 1572
f 1594 1573 1748
f 1574 1615 1451
f 1616 1696 1697
f 1554 1522 1671
f 1809 1452 1577
f 1673 1535 1597
f 1600 1875 1620
f 1579 1602 1648
f 1603 1623 1627
f 1678 1626 1703
f 1504 1601 1650
f 1707 1541 1581
f 1652 1542 1541
f 1542 1652 1711
f 1651 1654 1583
f 1485 1587 1653
f 1583 1654 1604
f 1631 1604 1654
f 1604 1631 1633
f 1604 1633 1586
f 1655 1606 1633
f 1713 1735 1605
f 1632 1587 1606
f 1714 1566 1656
f 1565 1714 1685
f 1686 1607 1634
f 1635 1688 1568
f 1636 1570 1637
f 1768 1548 1739
f 1740 1639 1638
f 1689 1739 1591
f 1663 1640 1641
f 1799 1665 1609
f 1473 1550 1666
f 1745 1611 1612
f 1668 1530 1667
f 1530 1668 1593
f 1594 1692 1613
f 1692 1551 1613
f 1593 1668 1693
f 1593 1693 1614
f 1694 1614 1693
f 1642 1614 1694
f 1574 1749 1615
f 1695 1576 1615
f 1696 1534 1576
f 1644 1555 1808
f 1555 1617 1808
f 1617 1557 1699
f 1597 1452 1809
f 1673 1873 1578
f 1619 1778 1599
f 1621 1599 1752
f 1537 1622 1559
f 1622 1674 1559
f 1700 1559 1674
f 1625 1678 1649
f 1538 1625 1649
f 1624 1538 1649
f 1678 1703 1785
f 1584 1705 1704
f 1581 1628 1706
f 1708 1630 1710
f 1629 1709 1651
f 1654 1651 1733
f 1587 1632 1653
f 1712 1606 1655
f 1735 1713 1736
f 1545 1682 1713
f 1684 1656 1657
f 1656 1683 1714
f 1657 1686 1684
f 1657 1564 1686
f 1564 1607 1686
f 1658 1547 1588
f 1658 1635 1547
f 1634 1659 1687
f 1688 1661 1590
f 1608 1716 1460
f 1717 1460 1716
f 1717 1472 1460
f 1638 1472 1717
f 1718 1663 1639
f 1609 1640 1741
f 1592 1610 1664
f 1665 1743 1721
f 1610 1666 1691
f 1939 1864 1529
f 1692 1594 1748
f 1642 1694 1669
f 1749 1574 1724
f 1643 1670 1596
f 1643 1478 1644
f 1523 1554 1645
f 1646 1598 1672
f 1618 1578 1751
f 1618 1751 1619
f 1675 1647 1676
f 1579 1648 1755
f 1623 1729 1758
f 1624 1649 1679
f 1624 1679 1601
f 1601 1679 1650
f 1677 1602 1680
f 1627 1623 1758
f 1626 1704 1703
f 1504 1650 1820
f 1680 1602 1681
f 1580 1504 1820
f 1580 1759 1629
f 1584 1731 1705
f 1581 1706 1707
f 1541 1707 1652
f 1605 1790 1731
f 1791 1631 1734
f 1655 1633 1631
f 1631 1654 1734
f 1712 1632 1606
f 1683 1656 1684
f 1715 1686 1634
f 1928 1658 1588
f 1687 1715 1634
f 1661 1662 1569
f 1662 1608 1569
f 1716 1608 1662
f 1637 1570 1768
f 1638 1769 1740
f 1740 1718 1639
f 1799 1609 1741
f 1664 1610 1742
f 1720 1690 1610
f 1610 1691 1720
f 1691 1666 1550
f 1745 1864 1746
f 1551 1692 1905
f 1667 1551 1905
f 1693 1668 1722
f 1723 1693 1722
f 1694 1693 1723
f 1669 1694 1724
f 1669 1724 1574
f 1533 1725 1573
f 1615 1749 1695
f 1695 1696 1576
f 1643 1644 1807
f 1808 1617 1870
f 1777 1809 1577
f 1646 1672 1557
f 1873 1751 1578
f 1598 1620 1810
f 1752 1599 1778
f 1752 1622 1621
f 1701 1726 1753
f 1701 1728 1726
f 1702 1579 1755
f 1756 1623 1702
f 1623 1579 1702
f 1648 1602 1677
f 1623 1756 1729
f 1703 1704 1730
f 1627 1758 1628
f 1706 1628 1758
f 1580 1820 1759
f 1651 1732 1733
f 1630 1653 1710
f 1605 1735 1790
f 1851 1712 1655
f 1655 1631 1791
f 1654 1733 1734
f 1792 1543 1711
f 1955 1632 1712
f 1543 1792 1795
f 1713 1682 1736
f 1714 1683 1764
f 1683 1684 1737
f 1686 1767 1684
f 1769 1638 1717
f 1740 1770 1718
f 1798 1640 1718
f 1663 1718 1640
f 1742 1610 1690
f 1665 1799 1719
f 1743 1665 1719
f 1667 1747 1668
f 1668 1747 1722
f 1692 1748 1905
f 1694 1723 1724
f 1573 1725 1748
f 1533 1575 1725
f 1773 1697 1696
f 1644 1808 1807
f 1616 1697 1671
f 1554 1750 1645
f 1750 1698 1645
f 1698 1577 1645
f 1617 1699 1870
f 1672 1598 1810
f 1620 1875 1909
f 1619 1874 1778
f 1622 1837 1674
f 1675 1836 1600
f 1647 1525 1676
f 1726 1811 1753
f 1753 1780 1701
f 1727 1701 1780
f 1754 1701 1727
f 1701 1783 1728
f 1783 1701 1754
f 1702 1755 1814
f 1757 1755 1648
f 1757 1648 1677
f 1678 1785 1649
f 1703 1815 1785
f 1679 1786 1650
f 1704 1705 1730
f 1731 1760 1705
f 1759 1709 1629
f 1844 1789 1708
f 1844 1708 1710
f 1731 1790 1760
f 1762 1651 1709
f 1651 1762 1732
f 1791 1851 1655
f 1732 1762 1821
f 1733 1821 1734
f 1733 1732 1821
f 1685 1714 1794
f 1764 1794 1714
f 1737 1684 1766
f 1767 1766 1684
f 1686 1958 1767
f 1928 1856 1658
f 1658 1826 1635
f 1687 1659 1738
f 1738 1659 1660
f 1660 1636 1827
f 1859 1636 1637
f 1689 1830 1739
f 1718 1770 1798
f 1798 1741 1640
f 1664 1861 1689
f 1861 1664 1742
f 1802 1719 1801
f 1743 1719 1802
f 1690 1720 1969
f 1743 1803 1721
f 1721 1803 1744
f 1940 1611 1745
f 1905 1747 1667
f 1747 1905 1832
f 1905 1748 1805
f 1771 1747 1832
f 1722 1747 1771
f 1771 1723 1722
f 1723 1771 1804
f 1869 1695 1749
f 1697 1773 1835
f 1697 1774 1671
f 1671 1750 1554
f 1777 1577 1698
f 1597 1872 1673
f 1619 1751 1874
f 1620 1909 1810
f 1837 1700 1674
f 1753 1779 1780
f 1811 1726 1878
f 1727 1781 1754
f 1880 1728 1783
f 1883 1814 1755
f 1885 1758 1729
f 1679 1649 1786
f 1730 1815 1703
f 1788 1759 1820
f 1680 1681 1789
f 1845 1851 1791
f 1791 1734 1821
f 1853 1710 1653
f 1852 1853 1653
f 1955 1852 1632
f 1653 1632 1852
f 1736 1682 1763
f 1763 1682 1794
f 1764 1793 1794
f 1685 1794 1682
f 1764 1683 1765
f 1737 1765 1683
f 1927 1588 1795
f 1686 1715 1958
f 1635 1826 1857
f 1635 1857 1688
f 1661 1688 1858
f 1827 1636 1859
f 1661 1930 1662
f 1769 1717 1900
f 1797 1770 1740
f 1798 1770 1796
f 1969 1720 2002
f 2089 1744 1803
f 1771 1832 1833
f 1771 1833 1804
f 1724 1723 1804
f 1806 1724 1834
f 1725 1867 1748
f 1749 1724 1806
f 1806 1869 1749
f 1575 1772 1725
f 1575 1670 1772
f 1695 1869 1773
f 1868 1670 1643
f 1695 1773 1696
f 1807 1868 1643
f 1774 1750 1671
f 1750 1775 1698
f 1775 1777 1698
f 1673 1872 1873
f 1600 1836 1875
f 1811 1779 1753
f 1726 1728 1878
f 1754 1781 1879
f 1754 1782 1783
f 1784 1702 1814
f 1784 1756 1702
f 1755 1757 1883
f 1841 1729 1756
f 1757 1677 1840
f 1917 1757 1840
f 1677 1680 1840
f 1840 1680 1886
f 1649 1785 1786
f 1787 1815 1730
f 1730 1705 1787
f 1819 1650 1786
f 1650 1819 1820
f 1705 1760 1787
f 1706 1817 1707
f 1847 1709 1759
f 1847 1850 1709
f 1707 1893 1652
f 1850 1762 1709
f 1735 1846 1790
f 1791 1821 1761
f 1850 1849 1762
f 1762 1849 1821
f 1792 1711 1652
f 1712 1851 1955
f 1736 1763 1735
f 1764 1825 1793
f 1765 1825 1764
f 1765 1854 1825
f 1765 1737 1854
f 1854 1737 1766
f 1927 1929 1588
f 1928 1588 1929
f 1896 1715 1687
f 1687 1738 1896
f 1856 1826 1658
f 1716 1662 1898
f 1797 1828 1796
f 1829 1797 1769
f 1740 1769 1797
f 1796 1770 1797
f 1796 1995 1798
f 1689 1861 1830
f 1800 1861 1742
f 1690 1800 1742
f 1799 1938 1719
f 1903 1800 1690
f 1801 1719 1938
f 1690 1969 1903
f 1802 1863 1743
f 1743 1863 1803
f 2089 1939 1744
f 1940 1941 1550
f 1804 1833 1834
f 1804 1834 1724
f 1725 1772 1867
f 1697 1835 1774
f 1835 1775 1774
f 1774 1775 1750
f 1777 1775 1776
f 1871 1872 1809
f 2066 1557 1672
f 1809 1872 1597
f 1907 1751 1873
f 1946 1874 1751
f 1752 1778 1908
f 1908 1622 1752
f 1837 1622 2012
f 1811 1878 1877
f 1812 1727 1780
f 1727 1812 1813
f 1728 1838 1878
f 1727 1813 1781
f 1728 1880 1838
f 1754 1879 1782
f 1912 1880 1783
f 1783 1782 1912
f 1839 1784 1814
f 1883 1757 1884
f 1884 1757 1917
f 1841 1885 1729
f 1815 1786 1785
f 1758 1885 1817
f 1819 1786 1816
f 1820 1819 1788
f 1758 1817 1706
f 1844 1710 2020
f 1790 1846 1760
f 1821 1919 1761
f 1851 2076 1955
f 1792 1652 1894
f 1793 1823 1822
f 1824 1823 1793
f 1822 1763 1794
f 1793 1822 1794
f 1793 1825 1824
f 1927 1795 1792
f 1896 1738 1897
f 1856 1992 1826
f 1738 1660 1827
f 1661 1858 1930
f 1662 1932 1898
f 1637 1768 1961
f 1900 1717 1716
f 1961 1768 1739
f 1739 1830 2152
f 1797 1829 1828
f 1796 1828 1995
f 1862 1962 1800
f 1800 1962 1861
f 1741 1831 1799
f 1938 1831 1902
f 1799 1831 1938
f 2003 1720 1691
f 1940 1745 1941
f 1941 1745 1746
f 1832 1865 1833
f 1748 1867 1805
f 1670 1868 1772
f 1835 1773 1869
f 1906 1807 1808
f 1776 1775 1835
f 1944 1777 1776
f 1944 1871 1809
f 1777 1944 1809
f 1699 1557 2066
f 1778 1874 1947
f 1700 1837 1876
f 1949 2106 1811
f 1779 1811 2106
f 1877 1949 1811
f 1779 1910 1780
f 1780 1910 1812
f 1878 1838 1911
f 1838 1983 1911
f 2013 1912 1782
f 1784 1839 1951
f 1814 1883 1881
f 1916 1784 1951
f 1916 1756 1784
f 1841 1756 1916
f 1887 1817 1885
f 1815 1818 1786
f 1786 1818 1816
f 1818 1815 1787
f 1842 1816 1818
f 1842 1818 1843
f 1818 1787 1760
f 1843 1818 1760
f 1891 1788 1918
f 1680 1789 1888
f 1888 1789 1844
f 1788 1891 1759
f 1843 1760 1846
f 1953 1761 1919
f 1845 1791 1761
f 1845 2076 1851
f 1821 1849 1919
f 1652 1893 1894
f 1847 1848 1850
f 1892 1849 1850
f 1710 1853 1926
f 1955 1924 1852
f 1763 1822 1922
f 1852 2047 1853
f 2078 1823 1824
f 1824 1825 1854
f 1766 1767 1855
f 1856 1928 1929
f 1857 1826 1992
f 1857 1858 1688
f 1662 1930 1932
f 1637 1961 1859
f 1898 1935 1716
f 1935 1900 1716
f 1899 1860 1900
f 1900 1860 1829
f 1769 1900 1829
f 2021 1828 1860
f 1829 1860 1828
f 1828 2021 1995
f 1798 1995 1741
f 1861 1936 1830
f 1937 1862 1968
f 1862 1800 1968
f 1831 1966 1902
f 1800 1903 1968
f 2025 1801 1938
f 1801 2025 1802
f 1802 2001 1863
f 2002 1720 2003
f 2026 2002 2003
f 1832 1905 1865
f 1866 1833 1865
f 1834 1833 1866
f 1970 1905 1805
f 1866 1971 1834
f 1973 1834 1971
f 1834 1973 1806
f 1806 1973 2007
f 1806 2007 1869
f 1835 1869 1776
f 1870 1906 1808
f 1870 1945 1906
f 1945 1870 1699
f 1751 1907 1946
f 1947 1908 1778
f 1909 1875 1836
f 1675 2033 1836
f 1676 2033 1675
f 1779 2106 1910
f 1838 1880 1950
f 1782 1879 2037
f 1782 2037 2013
f 1913 1839 1881
f 1985 1839 1913
f 1951 1839 1985
f 1839 1814 1881
f 1881 1883 1882
f 1888 1886 1680
f 1887 2146 1817
f 1889 1816 1842
f 1816 1889 1819
f 1889 1788 1819
f 1842 1890 1889
f 1889 1918 1788
f 1890 1842 1843
f 1890 1843 1846
f 1891 1847 1759
f 1847 1891 1921
f 1845 1761 1953
f 1817 1893 1707
f 1735 1925 1846
f 1919 1849 1892
f 1763 1925 1735
f 1923 1847 1921
f 1923 1848 1847
f 1850 1848 1892
f 1923 1921 1822
f 1822 1921 1922
f 1923 1822 1895
f 1823 1895 1822
f 1823 2078 1895
f 2078 1824 1854
f 1767 2080 1855
f 1958 2080 1767
f 1992 1856 1993
f 1992 1994 1857
f 1857 1994 1858
f 1959 1827 1859
f 1935 1899 1900
f 1739 2152 1961
f 1861 1962 1936
f 1862 1901 1962
f 1802 2025 2001
f 1863 2089 1803
f 1904 1691 1550
f 1865 1905 1970
f 1866 1865 1972
f 1865 1970 1972
f 1971 1866 1972
f 1868 1942 1943
f 1868 1807 1942
f 1807 1906 1942
f 2066 1945 1699
f 1874 2103 1947
f 1622 1908 2012
f 1676 1525 1700
f 2106 2035 1910
f 1911 1877 1878
f 1911 1983 2036
f 1838 1950 1983
f 1981 1879 1781
f 1880 1912 2039
f 1914 1881 1882
f 1986 1916 1951
f 1882 1883 1915
f 1916 1986 2073
f 1883 1884 1915
f 2073 1841 1916
f 1840 1988 1917
f 1841 1987 1885
f 1886 1988 1840
f 1954 1889 1890
f 1889 1954 1918
f 1954 1890 1920
f 1891 1918 1954
f 1920 1890 1846
f 1925 1920 1846
f 1954 1921 1891
f 1956 2018 1892
f 1919 1892 2018
f 1921 1920 1922
f 1892 1848 1956
f 1848 1923 1956
f 1922 1920 1925
f 1922 1925 1763
f 1926 1853 1990
f 1766 1855 1854
f 1958 1715 1991
f 1715 2116 1991
f 1715 1896 2116
f 1856 1929 1993
f 1993 1994 1992
f 1994 1931 1858
f 1858 1931 1930
f 1930 1931 1932
f 1932 1931 1960
f 1932 1960 1898
f 1898 1960 1933
f 1898 1933 1935
f 1899 1933 1934
f 1899 1935 1933
f 1860 1899 1934
f 1830 1936 2152
f 1831 1998 1966
f 2000 1902 1966
f 2000 1967 1902
f 1902 1967 1938
f 2025 1938 1967
f 1691 1904 2003
f 1970 1805 2004
f 2092 1867 1772
f 2092 1772 1868
f 1776 1869 1974
f 2008 1942 1906
f 1974 1944 1776
f 1871 2010 1872
f 1872 1975 1873
f 1873 1975 1907
f 2012 1948 1837
f 1837 1948 1876
f 1977 1949 1877
f 1910 1978 1812
f 1978 1813 1812
f 1813 1981 1781
f 1983 1982 2036
f 2014 1983 1950
f 2039 2038 1950
f 1880 2039 1950
f 2014 1982 1983
f 2014 1984 1982
f 1984 1913 1982
f 1985 1913 1984
f 1913 1881 1914
f 1952 1884 1917
f 2073 1987 1841
f 2074 1885 1987
f 2019 1953 1919
f 1954 1920 1921
f 1957 1956 1923
f 1895 2078 1957
f 1957 1923 1895
f 1893 1989 1894
f 1792 1894 1927
f 2116 1896 1897
f 1738 1827 1959
f 1931 1994 2051
f 1960 1931 2051
f 1934 1933 2052
f 2022 1741 1995
f 2084 1936 1962
f 1741 2022 1831
f 1963 2084 1962
f 1963 1962 1901
f 1996 1963 1901
f 1996 1901 1999
f 1964 1998 1831
f 1901 1862 1999
f 2000 1966 1965
f 1965 1966 1998
f 1937 1999 1862
f 1968 1903 2181
f 1941 1904 1550
f 1972 1970 2004
f 2004 1805 1867
f 1972 2004 2027
f 2092 1868 1943
f 1942 2028 1943
f 2007 1974 1869
f 1945 2096 1906
f 2066 2097 1945
f 1871 2064 2010
f 1872 2010 1975
f 1975 1976 1907
f 1907 1976 1946
f 1672 1810 2101
f 1874 1946 2103
f 2068 1810 1909
f 2029 1909 1836
f 2035 1978 1910
f 1877 1911 2070
f 1911 2036 2070
f 2110 1980 1813
f 2036 1982 1979
f 1981 1813 1980
f 2193 2039 1912
f 1912 2013 2193
f 1982 1913 1914
f 1951 1985 2016
f 1986 1951 2016
f 1914 1882 2042
f 1915 1884 1952
f 1885 2074 1887
f 2019 1919 2018
f 1888 1844 2044
f 2018 1956 2046
f 2020 1710 1926
f 2047 1852 1924
f 2047 1990 1853
f 1854 2217 2078
f 1855 2217 1854
f 1958 1991 2080
f 2052 1960 2051
f 1933 1960 2052
f 1860 1934 2021
f 1998 2057 1997
f 1964 2056 1998
f 2024 1996 1999
f 1997 1965 1998
f 1968 2181 1937
f 1903 1969 2181
f 2158 1969 2002
f 2060 1864 1939
f 2160 1941 1746
f 1971 1972 2005
f 1971 2005 1973
f 1972 2027 2005
f 2004 1867 2061
f 2007 1973 2006
f 2007 2006 1974
f 2028 1942 2008
f 1974 2009 1944
f 1906 2096 2008
f 2009 1871 1944
f 2062 1945 2097
f 1975 2010 2065
f 1975 2065 2011
f 1975 2011 1976
f 2101 1810 2068
f 1948 2031 1876
f 1836 2032 2029
f 1836 2033 2032
f 2105 1676 1700
f 1676 2105 2033
f 1949 2034 2106
f 2070 1977 1877
f 1978 2110 1813
f 1979 1982 2015
f 2138 1879 1981
f 2138 2037 1879
f 1950 2038 2014
f 1982 1914 2015
f 2040 1984 2014
f 2040 1985 1984
f 2042 2041 1914
f 1915 2042 1882
f 1987 2073 2043
f 1952 1917 2017
f 1917 1988 2017
f 1988 1886 2113
f 2146 2114 1817
f 2044 1844 2020
f 1845 1953 2076
f 1817 2114 1893
f 1955 2045 1924
f 1955 2147 2045
f 1956 1957 2046
f 1893 2114 1989
f 2079 2047 1924
f 1927 1894 2149
f 2080 2048 1855
f 1929 1927 2149
f 2177 1929 2149
f 1993 1929 2177
f 1897 1738 2050
f 2050 1738 1959
f 1936 2083 2152
f 2021 2022 1995
f 2022 1964 1831
f 2084 1963 2119
f 2053 2056 1964
f 2054 2086 1963
f 2054 1963 1996
f 2023 2054 1996
f 2056 2057 1998
f 2024 2023 1996
f 1997 2057 2058
f 2058 1965 1997
f 1999 2059 2024
f 2059 1999 1937
f 2058 2000 1965
f 2000 2058 1967
f 2181 1969 2158
f 2158 2002 2026
f 2001 2125 1863
f 1939 2089 2060
f 2160 1746 1864
f 2027 2004 2061
f 2005 2027 2090
f 2027 2061 2090
f 2005 2090 2091
f 2061 1867 2092
f 2005 2091 1973
f 2061 2092 2090
f 1973 2091 2006
f 2028 2008 2127
f 1945 2062 2096
f 1871 2009 2064
f 2064 2065 2010
f 2011 2102 1976
f 2066 1672 2101
f 2135 1908 1947
f 2030 2012 1908
f 1948 2012 2030
f 1948 2030 2031
f 1977 2034 1949
f 2071 2036 1979
f 1981 1980 2137
f 1981 2137 2138
f 2138 2139 2037
f 2039 2207 2038
f 2040 2016 1985
f 2015 1914 2041
f 2075 2018 2046
f 2147 1955 2076
f 2172 2020 1926
f 2047 2174 1990
f 1855 2048 2217
f 2080 1991 2049
f 1897 2081 2116
f 1993 2051 1994
f 1961 2082 1859
f 1934 2052 2198
f 2056 2087 2055
f 2053 2087 2056
f 2055 2086 2054
f 2023 2055 2054
f 2056 2055 2057
f 2055 2023 2057
f 2059 1937 2181
f 2025 2088 2001
f 2159 2026 2003
f 2159 2003 1904
f 2182 1904 1941
f 2092 1943 2028
f 2093 2092 2028
f 2006 2094 1974
f 2008 2096 2127
f 2062 2129 2096
f 2064 2009 2063
f 2064 2063 2132
f 2064 2132 2065
f 2132 2098 2065
f 2065 2067 2011
f 2066 2163 2097
f 2067 2102 2011
f 1976 2102 1946
f 2102 2134 1946
f 2134 2103 1946
f 2108 1977 2070
f 2070 2036 2109
f 1979 2015 2071
f 2140 2037 2139
f 2140 2013 2037
f 2207 2112 2038
f 2039 2193 2207
f 2038 2040 2014
f 2038 2112 2040
f 2016 2072 1986
f 2142 2041 2042
f 1986 2072 2073
f 2043 2073 2072
f 2144 1987 2043
f 2144 2074 1987
f 2017 1988 2113
f 2113 1886 2145
f 1887 2074 2146
f 2145 1886 1888
f 1888 2044 2145
f 2044 2020 2171
f 2148 2046 2077
f 2046 1957 2077
f 1957 2078 2077
f 1926 1990 2246
f 2174 2047 2079
f 1990 2174 2115
f 2151 1991 2116
f 1897 2050 2081
f 1993 2224 2051
f 1959 1859 2082
f 1961 2226 2082
f 2226 1961 2152
f 1934 2153 2021
f 2022 2021 2179
f 2022 2053 1964
f 2155 2119 2086
f 2119 1963 2086
f 2053 2085 2121
f 2121 2155 2087
f 2121 2087 2053
f 2087 2155 2086
f 2122 2087 2086
f 2087 2123 2055
f 2087 2122 2123
f 2055 2123 2124
f 2055 2124 2122
f 2055 2122 2086
f 2123 2023 2124
f 2057 2023 2123
f 2023 2024 2059
f 2058 2157 2231
f 2058 2231 1967
f 2231 2088 1967
f 1967 2088 2025
f 2001 2088 2125
f 2060 2160 1864
f 2182 1941 2160
f 2091 2090 2093
f 2091 2094 2006
f 2093 2090 2092
f 2093 2028 2126
f 2127 2126 2028
f 2094 2128 2009
f 2094 2009 1974
f 2096 2095 2127
f 2095 2096 2129
f 2131 2062 2097
f 2067 2065 2098
f 2067 2098 2099
f 2067 2099 2100
f 2066 2101 2163
f 2102 2067 2133
f 2067 2100 2133
f 2103 2069 1947
f 1909 2185 2068
f 2069 2135 1947
f 2135 2030 1908
f 2256 2030 2135
f 2033 2104 2032
f 2104 2033 2105
f 2165 2034 1977
f 2107 2035 2106
f 1978 2035 2166
f 2036 2071 2109
f 2192 2071 2015
f 2142 2192 2015
f 2013 2140 2111
f 2013 2111 2193
f 2015 2041 2142
f 2016 2040 2112
f 2143 2142 2042
f 1915 2143 2042
f 1952 2143 1915
f 2074 2211 2146
f 2170 2018 2075
f 2019 2018 2170
f 2215 2075 2046
f 2215 2046 2148
f 2020 2172 2171
f 2078 2217 2077
f 2219 1894 1989
f 2150 2048 2080
f 2080 2049 2150
f 2175 2049 1991
f 2081 2196 2176
f 2224 1993 2177
f 2224 2178 2051
f 2051 2118 2052
f 2083 2226 2152
f 2198 2153 1934
f 1936 2084 2083
f 2119 2154 2084
f 2022 2179 2053
f 2053 2156 2085
f 2085 2155 2180
f 2085 2120 2121
f 2085 2180 2120
f 2121 2180 2155
f 2180 2121 2124
f 2121 2122 2124
f 2123 2122 2121
f 2120 2123 2121
f 2120 2057 2123
f 2124 2023 2059
f 2057 2120 2058
f 2157 2058 2120
f 2091 2093 2094
f 2094 2093 2126
f 2126 2127 2095
f 2128 2094 2126
f 2126 2095 2128
f 2128 2095 2130
f 2130 2095 2129
f 2128 2063 2009
f 2063 2128 2130
f 2062 2131 2129
f 2063 2234 2132
f 2131 2097 2161
f 2163 2161 2097
f 2134 2102 2133
f 1909 2029 2185
f 2185 2029 2136
f 2031 2030 2256
f 2106 2034 2107
f 1977 2108 2165
f 1978 2166 2186
f 2110 2188 1980
f 1980 2188 2137
f 2137 2188 2190
f 2112 2141 2016
f 2208 2192 2142
f 2141 2167 2072
f 2016 2141 2072
f 2043 2072 2167
f 2143 1952 2017
f 2145 2044 2171
f 2146 2169 2114
f 2076 1953 2213
f 2147 2076 2213
f 1924 2045 2079
f 1926 2246 2172
f 1990 2115 2246
f 2219 1989 2173
f 1894 2219 2149
f 1991 2151 2175
f 2151 2116 2223
f 2081 2223 2116
f 2117 2050 1959
f 2082 2117 1959
f 2051 2178 2118
f 2118 2198 2052
f 2179 2021 2153
f 2154 2083 2084
f 2156 2155 2085
f 2200 2124 2059
f 2157 2120 2290
f 1863 2125 2337
f 2337 2089 1863
f 2089 2337 2060
f 1904 2182 2159
f 2131 2233 2129
f 2233 2131 2161
f 2130 2234 2063
f 2132 2162 2098
f 2098 2162 2099
f 2133 2164 2134
f 2134 2164 2103
f 2103 2164 2069
f 2135 2069 2276
f 2136 2029 2032
f 2035 2107 2166
f 2109 2108 2070
f 2186 2187 1978
f 1978 2187 2110
f 2187 2188 2110
f 2137 2190 2138
f 2190 2139 2138
f 2139 2191 2140
f 2140 2191 2111
f 2113 2145 2210
f 2172 2212 2171
f 2246 2245 2172
f 2174 2220 2115
f 2220 2246 2115
f 2049 2175 2150
f 2176 2223 2081
f 2249 2196 2081
f 2251 2179 2153
f 2154 2199 2083
f 2229 2154 2119
f 2155 2229 2119
f 2179 2156 2053
f 2200 2180 2124
f 2336 2158 2026
f 2130 2129 2183
f 2183 2129 2233
f 2234 2130 2183
f 2183 2184 2234
f 2234 2162 2132
f 2099 2162 2201
f 2099 2201 2100
f 2100 2202 2133
f 2202 2100 2201
f 2236 2133 2202
f 2236 2164 2133
f 2101 2068 2203
f 2069 2164 2255
f 2031 2256 2204
f 2031 2204 1876
f 2032 2104 2136
f 2321 2108 2109
f 2187 2280 2188
f 2190 2188 2189
f 2190 2191 2139
f 2111 2191 2206
f 2194 2208 2142
f 2142 2143 2194
f 2168 2017 2113
f 2144 2261 2074
f 2074 2261 2211
f 2211 2169 2146
f 2145 2171 2240
f 2171 2212 2240
f 2075 2215 2242
f 1953 2019 2305
f 2305 2213 1953
f 2216 2212 2172
f 2214 1989 2114
f 2079 2045 2266
f 1989 2214 2173
f 2216 2172 2245
f 2079 2266 2218
f 2174 2079 2218
f 2247 2246 2220
f 2287 2149 2219
f 2176 2196 2195
f 2249 2081 2050
f 2117 2249 2050
f 2197 2082 2226
f 2225 2118 2178
f 2083 2250 2226
f 2199 2250 2083
f 2179 2228 2156
f 2229 2155 2156
f 2230 2290 2180
f 2120 2180 2290
f 2200 2059 2273
f 2059 2181 2273
f 2414 2125 2088
f 2337 2315 2060
f 2182 2232 2159
f 2315 2160 2060
f 2182 2160 2358
f 2253 2234 2184
f 2162 2234 2254
f 2163 2101 2235
f 2203 2235 2101
f 2069 2255 2276
f 2136 2339 2185
f 1876 2204 2205
f 1876 2105 1700
f 1876 2238 2105
f 2278 2186 2166
f 2258 2109 2071
f 2258 2071 2192
f 2190 2299 2191
f 2191 2299 2206
f 2141 2209 2167
f 2167 2209 2043
f 2209 2144 2043
f 2143 2017 2168
f 2168 2113 2282
f 2282 2113 2210
f 2210 2145 2240
f 2211 2326 2169
f 2240 2212 2241
f 2075 2345 2170
f 2214 2169 2263
f 2169 2214 2114
f 2215 2148 2243
f 2213 2264 2147
f 2267 2173 2214
f 2173 2267 2311
f 2311 2219 2173
f 2174 2218 2308
f 2174 2308 2220
f 2220 2308 2248
f 2221 2247 2220
f 2285 2195 2221
f 2222 2221 2195
f 2195 2285 2176
f 2223 2286 2151
f 2196 2222 2195
f 2149 2287 2177
f 2177 2313 2224
f 2225 2198 2118
f 2198 2251 2153
f 2179 2251 2228
f 2227 2199 2154
f 2154 2229 2227
f 2228 2229 2156
f 2272 2230 2180
f 2180 2200 2272
f 2290 2230 2252
f 2231 2374 2088
f 2291 2181 2158
f 2336 2026 2159
f 2254 2201 2162
f 2254 2318 2201
f 2201 2318 2202
f 2318 2237 2202
f 2202 2237 2236
f 2068 2185 2203
f 2135 2276 2256
f 2320 2105 2238
f 2166 2107 2278
f 2107 2298 2278
f 2186 2257 2187
f 2109 2258 2321
f 2258 2192 2239
f 2280 2189 2188
f 2281 2190 2189
f 2190 2281 2299
f 2207 2259 2112
f 2192 2208 2239
f 2194 2143 2260
f 2260 2143 2168
f 2211 2261 2326
f 2302 2241 2212
f 2075 2242 2262
f 2345 2075 2262
f 2170 2346 2019
f 2019 2346 2305
f 2242 2215 2306
f 2243 2306 2215
f 2327 2212 2216
f 2243 2148 2307
f 2045 2147 2266
f 2327 2216 2244
f 2283 2267 2214
f 2148 2077 2307
f 2327 2244 2265
f 2217 2348 2077
f 2244 2216 2245
f 2220 2248 2221
f 2268 2048 2150
f 2284 2268 2150
f 2150 2175 2284
f 2221 2248 2285
f 2247 2221 2222
f 2286 2223 2285
f 2176 2285 2223
f 2222 2196 2249
f 2117 2082 2197
f 2226 2269 2197
f 2269 2226 2250
f 2225 2288 2251
f 2225 2251 2198
f 2251 2288 2270
f 2251 2270 2228
f 2374 2414 2088
f 2415 2337 2125
f 2159 2338 2336
f 2315 2358 2160
f 2183 2274 2184
f 2253 2184 2274
f 2183 2233 2274
f 2234 2253 2254
f 2236 2255 2164
f 2186 2278 2257
f 2112 2259 2141
f 2260 2168 2282
f 2300 2261 2144
f 2212 2327 2302
f 2263 2283 2214
f 2303 2327 2265
f 2283 2303 2265
f 2147 2264 2266
f 2283 2265 2267
f 2267 2265 2244
f 2310 2244 2245
f 2311 2353 2219
f 2247 2245 2246
f 2219 2353 2287
f 2285 2248 2329
f 2351 2284 2175
f 2351 2175 2151
f 2354 2247 2222
f 2354 2222 2249
f 2177 2287 2313
f 2117 2355 2249
f 2250 2372 2269
f 2314 2250 2199
f 2227 2314 2199
f 2270 2271 2228
f 2227 2229 2228
f 2271 2227 2228
f 2181 2291 2273
f 2157 2374 2231
f 2125 2414 2415
f 2254 2253 2318
f 2161 2163 2293
f 2293 2163 2235
f 2318 2294 2237
f 2237 2275 2236
f 2255 2236 2277
f 2277 2236 2275
f 2277 2276 2255
f 2277 2256 2276
f 2256 2277 2204
f 2277 2205 2204
f 2297 2339 2136
f 2104 2297 2136
f 2297 2104 2105
f 2205 2238 1876
f 2165 2392 2034
f 2108 2321 2165
f 2278 2279 2257
f 2257 2322 2187
f 2280 2187 2322
f 2259 2207 2323
f 2323 2207 2193
f 2239 2208 2260
f 2209 2141 2324
f 2208 2194 2260
f 2325 2282 2210
f 2378 2325 2210
f 2210 2240 2378
f 2378 2240 2241
f 2241 2302 2301
f 2304 2283 2263
f 2170 2345 2346
f 2213 2305 2433
f 2283 2304 2303
f 2347 2306 2243
f 2266 2367 2218
f 2309 2217 2048
f 2267 2244 2310
f 2308 2350 2248
f 2048 2268 2309
f 2247 2312 2245
f 2249 2355 2354
f 2313 2178 2224
f 2355 2117 2197
f 2355 2197 2269
f 2372 2250 2314
f 2330 2271 2270
f 2386 2230 2272
f 2289 2252 2230
f 2200 2387 2272
f 2290 2252 2334
f 2200 2273 2387
f 2158 2336 2291
f 2338 2159 2232
f 2233 2317 2274
f 2317 2233 2292
f 2233 2161 2292
f 2253 2316 2318
f 2161 2293 2292
f 2294 2275 2237
f 2296 2235 2203
f 2185 2296 2203
f 2296 2185 2339
f 2275 2295 2277
f 2277 2295 2205
f 2295 2340 2205
f 2320 2297 2105
f 2034 2392 2107
f 2258 2420 2321
f 2343 2299 2281
f 2193 2111 2441
f 2193 2441 2323
f 2239 2260 2342
f 2209 2324 2144
f 2324 2300 2144
f 2261 2300 2363
f 2363 2326 2261
f 2301 2378 2241
f 2169 2364 2263
f 2379 2302 2327
f 2364 2304 2263
f 2304 2327 2303
f 2242 2306 2366
f 2305 2346 2433
f 2213 2433 2264
f 2347 2243 2307
f 2077 2348 2307
f 2266 2381 2367
f 2310 2311 2267
f 2268 2405 2309
f 2310 2245 2312
f 2268 2284 2405
f 2285 2329 2286
f 2178 2373 2225
f 2373 2288 2225
f 2332 2372 2314
f 2332 2314 2331
f 2331 2314 2227
f 2330 2331 2271
f 2331 2227 2271
f 2289 2230 2386
f 2252 2289 2333
f 2386 2272 2426
f 2290 2357 2157
f 2357 2374 2157
f 2273 2291 2335
f 2182 2358 2232
f 2317 2253 2274
f 2253 2317 2316
f 2316 2294 2318
f 2275 2294 2295
f 2295 2294 2319
f 2339 2297 2359
f 2297 2320 2359
f 2165 2321 2341
f 2279 2360 2257
f 2239 2420 2258
f 2280 2377 2189
f 2420 2239 2342
f 2206 2441 2111
f 2299 2396 2206
f 2324 2398 2300
f 2398 2344 2300
f 2260 2282 2361
f 2300 2344 2363
f 2379 2301 2302
f 2364 2423 2304
f 2262 2328 2345
f 2262 2242 2366
f 2264 2381 2266
f 2308 2218 2456
f 2349 2217 2309
f 2248 2350 2329
f 2310 2312 2369
f 2311 2310 2369
f 2311 2383 2353
f 2369 2312 2354
f 2247 2354 2312
f 2371 2313 2287
f 2313 2373 2178
f 2356 2330 2270
f 2288 2356 2270
f 2334 2252 2333
f 2334 2357 2290
f 2428 2315 2337
f 2235 2296 2293
f 2319 2340 2295
f 2205 2340 2391
f 2205 2391 2238
f 2320 2376 2359
f 2392 2165 2341
f 2392 2478 2107
f 2107 2478 2298
f 2479 2278 2298
f 2322 2257 2360
f 2396 2299 2343
f 2206 2396 2441
f 2342 2260 2361
f 2259 2324 2141
f 2361 2282 2362
f 2282 2325 2362
f 2169 2326 2364
f 2365 2379 2327
f 2365 2327 2304
f 2366 2328 2262
f 2345 2380 2346
f 2306 2347 2445
f 2366 2306 2445
f 2434 2264 2433
f 2307 2500 2347
f 2284 2351 2405
f 2352 2286 2329
f 2151 2286 2382
f 2311 2369 2383
f 2353 2371 2287
f 2354 2355 2370
f 2355 2269 2372
f 2288 2373 2356
f 2356 2408 2330
f 2331 2330 2332
f 2412 2357 2334
f 2291 2336 2389
f 2315 2450 2358
f 2292 2293 2390
f 2293 2296 2390
f 2319 2294 2316
f 2296 2339 2390
f 2390 2339 2359
f 2320 2238 2376
f 2298 2478 2479
f 2278 2479 2279
f 2394 2280 2322
f 2377 2280 2394
f 2189 2377 2430
f 2430 2343 2281
f 2430 2281 2189
f 2421 2361 2362
f 2402 2326 2363
f 2365 2304 2423
f 2424 2380 2345
f 2471 2445 2347
f 2486 2471 2347
f 2307 2348 2403
f 2218 2367 2456
f 2348 2217 2368
f 2368 2217 2349
f 2350 2308 2456
f 2353 2383 2384
f 2406 2369 2354
f 2371 2353 2384
f 2406 2354 2370
f 2313 2371 2373
f 2355 2372 2370
f 2407 2408 2373
f 2385 2372 2332
f 2373 2408 2356
f 2332 2330 2408
f 2410 2333 2289
f 2409 2333 2410
f 2289 2386 2410
f 2411 2334 2333
f 2412 2334 2411
f 2426 2272 2387
f 2437 2374 2357
f 2389 2413 2291
f 2389 2336 2338
f 2428 2337 2415
f 2232 2416 2338
f 2428 2450 2315
f 2358 2417 2232
f 2450 2417 2358
f 2317 2292 2390
f 2375 2317 2390
f 2316 2375 2319
f 2238 2391 2376
f 2392 2463 2478
f 2321 2420 2393
f 2322 2360 2394
f 2342 2361 2397
f 2398 2324 2259
f 2344 2398 2431
f 2400 2363 2344
f 2362 2325 2378
f 2363 2400 2402
f 2301 2401 2378
f 2364 2326 2402
f 2365 2444 2379
f 2328 2424 2345
f 2472 2346 2380
f 2433 2346 2472
f 2347 2500 2486
f 2264 2434 2381
f 2403 2500 2307
f 2368 2349 2404
f 2329 2350 2456
f 2329 2435 2352
f 2351 2151 2425
f 2425 2151 2382
f 2352 2382 2286
f 2383 2369 2406
f 2371 2384 2407
f 2371 2407 2373
f 2372 2385 2370
f 2408 2385 2332
f 2411 2333 2409
f 2412 2437 2357
f 2273 2493 2387
f 2427 2388 2374
f 2413 2335 2291
f 2414 2374 2388
f 2417 2416 2232
f 2317 2375 2316
f 2319 2419 2340
f 2419 2391 2340
f 2392 2341 2463
f 2420 2342 2395
f 2396 2343 2430
f 2395 2342 2397
f 2441 2396 2452
f 2397 2361 2421
f 2421 2362 2399
f 2362 2401 2399
f 2362 2378 2401
f 2422 2401 2301
f 2379 2422 2301
f 2444 2422 2379
f 2364 2402 2432
f 2432 2423 2364
f 2349 2458 2404
f 2349 2309 2458
f 2329 2456 2435
f 2384 2383 2406
f 2384 2406 2407
f 2407 2406 2370
f 2407 2370 2385
f 2407 2385 2408
f 2436 2410 2386
f 2273 2335 2493
f 2437 2427 2374
f 2461 2335 2413
f 2415 2414 2462
f 2428 2495 2450
f 2375 2390 2418
f 2419 2375 2418
f 2375 2419 2319
f 2359 2418 2390
f 2376 2418 2359
f 2419 2418 2376
f 2391 2419 2376
f 2393 2341 2321
f 2279 2439 2360
f 2430 2377 2394
f 2259 2323 2465
f 2398 2259 2431
f 2400 2432 2402
f 2443 2444 2365
f 2423 2443 2365
f 2456 2457 2435
f 2351 2425 2447
f 2449 2386 2426
f 2436 2386 2449
f 2460 2412 2411
f 2388 2462 2414
f 2413 2389 2494
f 2389 2416 2494
f 2389 2338 2416
f 2279 2479 2439
f 2395 2429 2420
f 2482 2396 2430
f 2396 2482 2452
f 2323 2441 2498
f 2421 2466 2397
f 2466 2421 2399
f 2467 2344 2431
f 2400 2344 2467
f 2442 2399 2401
f 2432 2400 2470
f 2469 2442 2401
f 2422 2469 2401
f 2454 2469 2422
f 2454 2422 2444
f 2432 2443 2423
f 2328 2366 2485
f 2366 2445 2499
f 2434 2501 2381
f 2348 2446 2403
f 2381 2456 2367
f 2446 2348 2368
f 2368 2473 2446
f 2404 2473 2368
f 2405 2351 2447
f 2425 2382 2352
f 2459 2409 2410
f 2459 2411 2409
f 2428 2415 2462
f 2438 2416 2417
f 2360 2439 2451
f 2393 2420 2429
f 2360 2451 2394
f 2451 2440 2394
f 2394 2440 2430
f 2395 2397 2453
f 2453 2397 2466
f 2452 2505 2441
f 2465 2323 2498
f 2465 2431 2259
f 2400 2467 2470
f 2432 2470 2443
f 2454 2444 2443
f 2328 2455 2424
f 2366 2499 2485
f 2501 2457 2381
f 2435 2448 2352
f 2448 2425 2352
f 2459 2410 2436
f 2449 2426 2492
f 2492 2426 2387
f 2387 2520 2492
f 2521 2437 2412
f 2460 2521 2412
f 2493 2520 2387
f 2413 2494 2477
f 2416 2438 2494
f 2495 2417 2450
f 2439 2479 2480
f 2341 2393 2496
f 2395 2453 2429
f 2482 2430 2440
f 2441 2483 2498
f 2399 2442 2466
f 2443 2470 2454
f 2328 2485 2455
f 2380 2424 2472
f 2472 2487 2433
f 2539 2433 2487
f 2434 2433 2539
f 2501 2434 2539
f 2501 2502 2457
f 2403 2446 2488
f 2473 2488 2446
f 2381 2457 2456
f 2473 2404 2458
f 2309 2447 2458
f 2447 2309 2405
f 2436 2517 2459
f 2459 2460 2411
f 2462 2495 2428
f 2438 2417 2604
f 2604 2417 2495
f 2496 2463 2341
f 2439 2480 2464
f 2451 2439 2464
f 2505 2452 2482
f 2442 2507 2466
f 2431 2506 2467
f 2468 2507 2442
f 2467 2523 2470
f 2468 2442 2469
f 2468 2469 2454
f 2484 2454 2470
f 2455 2537 2424
f 2499 2445 2538
f 2445 2471 2538
f 2509 2471 2486
f 2526 2435 2457
f 2448 2435 2513
f 2425 2448 2447
f 2475 2490 2474
f 2514 2475 2474
f 2475 2476 2490
f 2503 2436 2449
f 2518 2459 2517
f 2518 2460 2459
f 2521 2460 2519
f 2493 2335 2461
f 2522 2388 2427
f 2413 2477 2461
f 2451 2548 2440
f 2548 2549 2440
f 2549 2482 2440
f 2535 2498 2550
f 2498 2535 2465
f 2465 2506 2431
f 2484 2468 2454
f 2471 2509 2538
f 2553 2486 2500
f 2403 2511 2500
f 2488 2511 2403
f 2473 2512 2488
f 2473 2458 2512
f 2435 2526 2513
f 2515 2489 2514
f 2489 2475 2514
f 2489 2491 2475
f 2475 2491 2476
f 2517 2436 2503
f 2590 2503 2449
f 2518 2519 2460
f 2521 2522 2437
f 2522 2427 2437
f 2461 2477 2564
f 2479 2478 2480
f 2463 2532 2481
f 2429 2453 2497
f 2453 2466 2497
f 2441 2582 2483
f 2535 2506 2465
f 2507 2497 2466
f 2506 2523 2467
f 2484 2508 2507
f 2523 2508 2484
f 2468 2484 2507
f 2470 2523 2484
f 2485 2524 2455
f 2488 2512 2511
f 2526 2457 2502
f 2447 2527 2458
f 2514 2474 2556
f 2474 2490 2542
f 2541 2489 2515
f 2476 2528 2490
f 2449 2492 2590
f 2602 2590 2492
f 2477 2494 2438
f 2478 2463 2481
f 2565 2463 2496
f 2532 2463 2565
f 2496 2393 2534
f 2565 2496 2534
f 2393 2429 2504
f 2393 2504 2534
f 2548 2451 2464
f 2497 2504 2429
f 2482 2580 2505
f 2441 2505 2582
f 2498 2483 2550
f 2508 2497 2507
f 2499 2551 2524
f 2485 2499 2524
f 2552 2455 2524
f 2455 2552 2537
f 2472 2424 2537
f 2553 2509 2486
f 2487 2472 2510
f 2500 2525 2553
f 2511 2525 2500
f 2554 2502 2501
f 2448 2540 2447
f 2474 2542 2556
f 2476 2491 2576
f 2503 2516 2517
f 2544 2517 2516
f 2517 2544 2518
f 2519 2530 2521
f 2563 2493 2461
f 2545 2388 2522
f 2563 2461 2564
f 2478 2481 2480
f 2464 2480 2566
f 2482 2549 2580
f 2550 2483 2581
f 2535 2536 2506
f 2506 2536 2523
f 2523 2536 2508
f 2570 2499 2538
f 2537 2586 2472
f 2585 2509 2553
f 2539 2487 2510
f 2502 2555 2526
f 2527 2447 2540
f 2540 2448 2513
f 2514 2556 2515
f 2542 2490 2543
f 2490 2528 2543
f 2541 2559 2489
f 2489 2559 2491
f 2558 2543 2528
f 2476 2560 2528
f 2576 2560 2476
f 2561 2544 2516
f 2518 2529 2519
f 2520 2602 2492
f 2520 2493 2577
f 2493 2563 2577
f 2521 2531 2522
f 2388 2545 2546
f 2546 2462 2388
f 2579 2564 2477
f 2546 2495 2462
f 2464 2566 2548
f 2533 2534 2504
f 2567 2504 2497
f 2567 2497 2508
f 2569 2535 2550
f 2567 2508 2536
f 2570 2551 2499
f 2538 2509 2585
f 2472 2586 2510
f 2539 2554 2501
f 2614 2525 2511
f 2554 2555 2502
f 2512 2614 2511
f 2573 2512 2527
f 2458 2527 2512
f 2555 2574 2526
f 2513 2526 2574
f 2574 2540 2513
f 2559 2620 2491
f 2491 2620 2576
f 2600 2561 2516
f 2601 2516 2503
f 2529 2518 2544
f 2530 2531 2521
f 2579 2477 2438
f 2546 2547 2495
f 2495 2547 2604
f 2534 2597 2565
f 2597 2534 2533
f 2597 2533 2607
f 2533 2504 2567
f 2608 2533 2567
f 2569 2536 2535
f 2505 2580 2582
f 2582 2581 2483
f 2524 2551 2552
f 2570 2538 2583
f 2539 2588 2554
f 2515 2556 2557
f 2515 2557 2644
f 2644 2541 2515
f 2575 2559 2541
f 2528 2560 2600
f 2600 2516 2601
f 2560 2561 2600
f 2544 2561 2562
f 2503 2590 2601
f 2591 2590 2602
f 2529 2592 2519
f 2519 2592 2530
f 2577 2563 2593
f 2531 2545 2522
f 2563 2564 2594
f 2546 2578 2547
f 2481 2532 2595
f 2480 2481 2595
f 2480 2595 2566
f 2605 2532 2565
f 2548 2566 2596
f 2608 2607 2533
f 2569 2608 2567
f 2549 2568 2580
f 2569 2567 2536
f 2581 2569 2550
f 2581 2582 2598
f 2552 2551 2571
f 2552 2571 2584
f 2583 2538 2585
f 2552 2586 2537
f 2553 2587 2585
f 2553 2572 2587
f 2572 2553 2525
f 2588 2539 2510
f 2572 2525 2614
f 2588 2599 2554
f 2554 2599 2555
f 2555 2599 2574
f 2527 2540 2574
f 2556 2542 2557
f 2575 2541 2644
f 2542 2543 2589
f 2528 2600 2558
f 2600 2601 2558
f 2544 2562 2529
f 2631 2577 2593
f 2564 2579 2594
f 2604 2579 2438
f 2532 2605 2595
f 2596 2568 2548
f 2549 2548 2568
f 2584 2586 2552
f 2614 2512 2573
f 2616 2527 2574
f 2557 2542 2589
f 2575 2645 2559
f 2576 2562 2560
f 2646 2562 2576
f 2561 2560 2562
f 2520 2631 2602
f 2520 2577 2631
f 2531 2660 2545
f 2669 2578 2546
f 2604 2633 2579
f 2566 2595 2621
f 2565 2597 2605
f 2609 2608 2569
f 2581 2609 2569
f 2570 2611 2571
f 2583 2624 2611
f 2611 2570 2583
f 2551 2570 2571
f 2624 2583 2585
f 2587 2624 2585
f 2510 2626 2588
f 2573 2527 2616
f 2599 2615 2574
f 2619 2557 2618
f 2619 2644 2557
f 2557 2589 2618
f 2589 2543 2629
f 2629 2543 2558
f 2559 2645 2620
f 2620 2646 2576
f 2630 2601 2590
f 2592 2647 2530
f 2593 2563 2603
f 2545 2660 2669
f 2545 2669 2546
f 2603 2563 2594
f 2633 2594 2579
f 2621 2595 2605
f 2605 2597 2606
f 2596 2566 2621
f 2597 2607 2606
f 2623 2568 2596
f 2598 2582 2610
f 2609 2598 2610
f 2610 2582 2580
f 2598 2609 2581
f 2571 2611 2625
f 2625 2584 2571
f 2612 2586 2584
f 2586 2612 2626
f 2586 2626 2510
f 2613 2588 2626
f 2587 2572 2638
f 2588 2613 2599
f 2572 2614 2638
f 2599 2613 2615
f 2627 2614 2573
f 2616 2627 2573
f 2574 2615 2616
f 2617 2618 2640
f 2619 2617 2628
f 2617 2619 2618
f 2589 2629 2618
f 2575 2644 2645
f 2645 2651 2620
f 2646 2652 2562
f 2590 2591 2630
f 2529 2562 2647
f 2529 2647 2592
f 2594 2632 2603
f 2632 2594 2633
f 2547 2578 2661
f 2662 2633 2547
f 2547 2633 2604
f 2621 2605 2606
f 2622 2606 2607
f 2622 2621 2606
f 2622 2607 2608
f 2623 2610 2568
f 2622 2608 2609
f 2568 2610 2580
f 2623 2609 2610
f 2612 2625 2635
f 2612 2584 2625
f 2624 2587 2634
f 2638 2634 2587
f 2627 2638 2614
f 2613 2639 2615
f 2615 2639 2616
f 2616 2639 2627
f 2617 2640 2642
f 2617 2642 2628
f 2619 2628 2643
f 2619 2643 2644
f 2618 2629 2667
f 2558 2679 2629
f 2558 2601 2630
f 2562 2652 2647
f 2530 2647 2531
f 2631 2593 2654
f 2662 2632 2633
f 2596 2621 2623
f 2621 2622 2623
f 2623 2622 2609
f 2634 2611 2624
f 2635 2611 2634
f 2625 2611 2635
f 2636 2612 2635
f 2635 2634 2638
f 2626 2612 2636
f 2636 2635 2638
f 2626 2636 2637
f 2627 2636 2638
f 2627 2637 2636
f 2626 2637 2613
f 2639 2637 2627
f 2613 2637 2639
f 2640 2618 2648
f 2648 2618 2667
f 2558 2630 2679
f 2620 2651 2646
f 2602 2653 2591
f 2653 2602 2631
f 2647 2660 2531
f 2603 2670 2593
f 2661 2578 2669
f 2547 2661 2662
f 2641 2642 2640
f 2642 2678 2628
f 2641 2640 2648
f 2678 2666 2628
f 2666 2643 2628
f 2643 2649 2644
f 2649 2645 2644
f 2654 2593 2670
f 2662 2681 2632
f 2641 2663 2642
f 2641 2648 2665
f 2643 2666 2649
f 2651 2645 2650
f 2673 2646 2651
f 2652 2646 2673
f 2652 2657 2647
f 2653 2631 2658
f 2631 2654 2658
f 2647 2657 2660
f 2657 2659 2660
f 2670 2603 2632
f 2664 2663 2641
f 2664 2641 2665
f 2663 2678 2642
f 2679 2672 2629
f 2652 2673 2657
f 2670 2632 2681
f 2696 2661 2669
f 2664 2665 2671
f 2629 2672 2667
f 2649 2650 2645
f 2630 2656 2679
f 2650 2699 2651
f 2653 2658 2674
f 2673 2668 2657
f 2657 2668 2659
f 2677 2654 2670
f 2669 2660 2659
f 2687 2681 2662
f 2661 2687 2662
f 2671 2665 2685
f 2665 2648 2685
f 2666 2655 2649
f 2655 2650 2649
f 2699 2673 2651
f 2630 2591 2675
f 2668 2673 2699
f 2674 2658 2676
f 2676 2658 2677
f 2658 2654 2677
f 2696 2687 2661
f 2683 2663 2664
f 2648 2667 2685
f 2693 2655 2666
f 2672 2692 2667
f 2699 2650 2694
f 2656 2630 2689
f 2591 2653 2675
f 2675 2653 2674
f 2659 2668 2701
f 2696 2669 2659
f 2681 2677 2670
f 2691 2671 2684
f 2663 2683 2678
f 2671 2685 2684
f 2693 2666 2678
f 2685 2667 2692
f 2656 2672 2679
f 2655 2694 2650
f 2702 2659 2701
f 2659 2702 2696
f 2677 2681 2680
f 2687 2696 2703
f 2671 2683 2664
f 2691 2684 2682
f 2684 2688 2682
f 2678 2683 2693
f 2684 2685 2688
f 2689 2675 2700
f 2675 2674 2700
f 2668 2699 2701
f 2676 2686 2674
f 2676 2677 2690
f 2680 2690 2677
f 2687 2680 2681
f 2683 2671 2705
f 2683 2705 2693
f 2693 2694 2655
f 2672 2656 2695
f 2630 2675 2689
f 2700 2674 2686
f 2680 2697 2690
f 2697 2680 2687
f 2697 2687 2703
f 2671 2691 2712
f 2705 2671 2712
f 2685 2692 2688
f 2692 2695 2706
f 2692 2672 2695
f 2695 2656 2689
f 2699 2716 2701
f 2686 2676 2690
f 2704 2691 2682
f 2712 2691 2704
f 2688 2714 2682
f 2706 2714 2688
f 2688 2692 2706
f 2716 2699 2694
f 2700 2686 2717
f 2686 2707 2717
f 2686 2690 2707
f 2697 2707 2690
f 2702 2710 2703
f 2702 2703 2696
f 2693 2705 2698
f 2693 2698 2694
f 2698 2718 2694
f 2694 2718 2716
f 2689 2700 2715
f 2716 2702 2701
f 2710 2711 2697
f 2710 2697 2703
f 2704 2682 2713
f 2705 2712 2721
f 2708 2714 2706
f 2706 2695 2708
f 2689 2715 2695
f 2711 2707 2697
f 2702 2709 2710
f 2704 2713 2720
f 2682 2714 2713
f 2715 2700 2717
f 2716 2709 2702
f 2717 2707 2711
f 2710 2725 2711
f 2709 2725 2710
f 2721 2712 2704
f 2705 2721 2698
f 2708 2695 2715
f 2721 2723 2698
f 2718 2698 2723
f 2717 2719 2715
f 2724 2709 2716
f 2725 2717 2711
f 2720 2721 2704
f 2713 2714 2722
f 2714 2708 2722
f 2725 2719 2717
f 2713 2722 2727
f 2722 2708 2719
f 2708 2715 2719
f 2718 2724 2716
f 2720 2713 2727
f 2720 2728 2721
f 2728 2723 2721
f 2729 2725 2709
f 2719 2725 2729
f 2720 2727 2728
f 2727 2722 2726
f 2729 2726 2722
f 2719 2729 2722
f 2724 2718 2723
f 2728 2727 2726
f 2723 2728 2724
f 2729 2724 2726
f 2724 2729 2709
f 2728 2726 2724
f 2730 2733 2734
f 2731 2730 2734
f 2732 2733 2730
f 2731 2735 2730
f 2741 2731 2734
f 2735 2731 2736
f 2738 2737 2733
f 2738 2733 2732
f 2740 2741 2734
f 2735 2732 2730
f 2733 2737 2734
f 2731 2741 2747
f 2736 2731 2747
f 2739 2735 2736
f 2738 2732 2742
f 2740 2734 2737
f 2735 2739 2750
f 2751 2736 2747
f 2736 2744 2739
f 2751 2744 2736
f 2732 2735 2746
f 2750 2746 2735
f 2747 2741 2749
f 2737 2743 2740
f 2740 2743 2741
f 2741 2743 2755
f 2744 2750 2739
f 2738 2742 2745
f 2749 2741 2755
f 2748 2744 2751
f 2747 2749 2774
f 2743 2737 2758
f 2745 2737 2738
f 2732 2746 2742
f 2751 2747 2774
f 2737 2754 2758
f 2773 2743 2758
f 2754 2737 2745
f 2752 2753 2764
f 2752 2756 2753
f 2753 2760 2764
f 2756 2757 2753
f 2745 2742 2795
f 2755 2780 2749
f 2759 2750 2744
f 2759 2744 2748
f 2764 2760 2762
f 2753 2757 2772
f 2755 2743 2779
f 2780 2774 2749
f 2780 2811 2774
f 2752 2764 2765
f 2748 2751 2775
f 2774 2775 2751
f 2765 2764 2785
f 2786 2756 2771
f 2786 2757 2756
f 2753 2777 2760
f 2777 2753 2772
f 2743 2773 2779
f 2742 2746 2788
f 2780 2755 2796
f 2746 2750 2801
f 2759 2767 2750
f 2775 2759 2748
f 2769 2763 2768
f 2769 2784 2763
f 2761 2763 2770
f 2784 2770 2763
f 2762 2785 2764
f 2799 2756 2752
f 2762 2760 2766
f 2756 2799 2771
f 2757 2786 2787
f 2787 2772 2757
f 2796 2755 2779
f 2750 2767 2801
f 2802 2775 2774
f 2768 2763 2783
f 2763 2776 2783
f 2776 2763 2761
f 2787 2807 2772
f 2758 2754 2794
f 2773 2758 2794
f 2773 2794 2808
f 2811 2780 2809
f 2789 2767 2759
f 2759 2775 2789
f 2790 2768 2781
f 2790 2791 2768
f 2768 2783 2781
f 2769 2768 2791
f 2791 2782 2769
f 2770 2784 2792
f 2752 2765 2822
f 2785 2766 2805
f 2762 2766 2785
f 2760 2777 2766
f 2766 2777 2800
f 2777 2778 2793
f 2772 2778 2777
f 2807 2778 2772
f 2788 2746 2801
f 2774 2811 2802
f 2812 2789 2775
f 2770 2814 2776
f 2770 2776 2761
f 2893 2765 2785
f 2752 2822 2799
f 2876 2785 2805
f 2806 2786 2771
f 2806 2787 2786
f 2780 2796 2829
f 2809 2780 2829
f 2789 2810 2767
f 2802 2812 2775
f 2791 2790 2813
f 2804 2791 2813
f 2804 2782 2791
f 2783 2776 2798
f 2822 2765 2893
f 2805 2766 2827
f 2800 2777 2793
f 2778 2807 2819
f 2779 2834 2796
f 2812 2836 2789
f 2813 2790 2803
f 2821 2781 2797
f 2781 2783 2797
f 2776 2814 2798
f 2770 2792 2814
f 2799 2849 2771
f 2766 2800 2827
f 2806 2771 2815
f 2807 2787 2820
f 2819 2793 2778
f 2829 2796 2834
f 2790 2781 2821
f 2813 2816 2804
f 2816 2817 2804
f 2804 2817 2782
f 2782 2784 2769
f 2792 2784 2818
f 2799 2822 2823
f 2849 2815 2771
f 2806 2820 2787
f 2854 2754 2745
f 2811 2809 2865
f 2801 2767 2810
f 2803 2857 2813
f 2803 2790 2821
f 2825 2816 2813
f 2783 2798 2797
f 2782 2817 2826
f 2782 2826 2784
f 2826 2818 2784
f 2822 2893 2823
f 2893 2785 2876
f 2820 2806 2832
f 2793 2824 2800
f 2819 2824 2793
f 2819 2807 2820
f 2854 2745 2795
f 2742 2788 2795
f 2903 2788 2801
f 2810 2844 2801
f 2825 2813 2857
f 2814 2860 2798
f 2815 2868 2806
f 2831 2827 2800
f 2868 2832 2806
f 2820 2832 2838
f 2854 2840 2754
f 2844 2903 2801
f 2836 2810 2789
f 2845 2803 2821
f 2875 2792 2818
f 2840 2794 2754
f 2773 2808 2779
f 2829 2834 2835
f 2857 2856 2825
f 2845 2857 2803
f 2821 2847 2845
f 2847 2821 2797
f 2825 2846 2816
f 2859 2817 2816
f 2830 2826 2817
f 2800 2824 2831
f 2808 2828 2779
f 2779 2828 2834
f 2864 2795 2788
f 2809 2829 2835
f 2855 2865 2809
f 2811 2865 2802
f 2802 2871 2812
f 2797 2874 2847
f 2859 2830 2817
f 2826 2830 2848
f 2848 2818 2826
f 2875 2892 2792
f 2849 2917 2815
f 2827 2831 2877
f 2819 2837 2824
f 2833 2837 2819
f 2833 2819 2839
f 2819 2820 2839
f 2839 2828 2833
f 2808 2794 2851
f 2851 2833 2808
f 2828 2808 2833
f 2795 2864 2854
f 2809 2835 2855
f 2812 2871 2836
f 2859 2816 2846
f 2797 2798 2874
f 2814 2861 2860
f 2917 2868 2815
f 2837 2833 2851
f 2851 2794 2840
f 2828 2853 2834
f 2853 2869 2834
f 2825 2841 2846
f 2846 2841 2873
f 2830 2859 2901
f 2792 2930 2814
f 2867 2823 2893
f 2842 2799 2823
f 2799 2842 2849
f 2850 2832 2868
f 2838 2832 2850
f 2824 2837 2831
f 2839 2820 2838
f 2839 2853 2828
f 2843 2840 2854
f 2865 2927 2802
f 2836 2881 2810
f 2915 2871 2802
f 2856 2872 2825
f 2874 2798 2866
f 2860 2866 2798
f 2875 2818 2848
f 2827 2877 2805
f 2862 2838 2850
f 2843 2854 2864
f 2834 2912 2835
f 2825 2872 2841
f 2847 2858 2845
f 2901 2848 2830
f 2930 2792 2892
f 2877 2831 2918
f 2878 2831 2837
f 2837 2851 2878
f 2852 2851 2840
f 2839 2838 2863
f 2863 2853 2839
f 2853 2863 2869
f 2889 2856 2857
f 2857 2845 2889
f 2859 2846 2873
f 2874 2900 2847
f 2861 2814 2941
f 2941 2814 2930
f 2842 2823 2867
f 2876 2805 2877
f 2878 2851 2852
f 2838 2862 2863
f 2834 2869 2912
f 2855 2835 2870
f 2865 2855 2885
f 2836 2871 2881
f 2927 2915 2802
f 2856 2889 2888
f 2889 2845 2858
f 2841 2883 2873
f 2900 2858 2847
f 2902 2875 2848
f 2876 2877 2894
f 2849 2895 2917
f 2864 2788 2920
f 2855 2870 2885
f 2886 2880 2879
f 2880 2882 2879
f 2880 2899 2882
f 2872 2856 2922
f 2875 2891 2892
f 2849 2842 2909
f 2884 2868 2917
f 2852 2840 2843
f 2869 2896 2912
f 2788 2903 2920
f 2870 2835 2912
f 2963 2903 2844
f 2879 2898 2897
f 2897 2886 2879
f 2880 2886 2887
f 2882 2898 2879
f 2921 2871 2915
f 2888 2922 2856
f 2890 2882 2899
f 2883 2841 2872
f 2873 2908 2859
f 2874 2866 2900
f 2928 2859 2908
f 2859 2928 2901
f 2866 2860 2957
f 2891 2875 2902
f 2892 2891 2944
f 2867 2909 2842
f 2893 2876 2910
f 2849 2909 2895
f 2884 2850 2868
f 2884 2919 2850
f 2843 2934 2852
f 2896 2869 2863
f 2897 2904 2886
f 2810 2881 2844
f 2881 2871 2921
f 2882 2906 2898
f 2887 2923 2880
f 2880 2907 2899
f 2907 2880 2923
f 2882 2890 2925
f 2858 2981 2889
f 2873 2883 2953
f 2953 2908 2873
f 2860 2861 2957
f 2910 2867 2893
f 2862 2850 2911
f 2896 2863 2862
f 2903 2963 2920
f 2886 2935 2887
f 2905 2898 2906
f 2937 2888 2889
f 2981 2858 2940
f 2925 2906 2882
f 2907 2967 2899
f 2883 2982 2953
f 2899 2929 2890
f 2901 2902 2848
f 2892 2944 2930
f 2909 3007 2895
f 2876 2894 2932
f 2894 2877 2918
f 2918 2831 2878
f 2911 2850 2919
f 2852 2933 2878
f 2933 2852 2934
f 2897 2898 2913
f 2898 2905 2913
f 2914 2886 2904
f 2935 2886 2914
f 2865 2885 2951
f 2927 2865 2951
f 2905 2906 2916
f 2915 2888 2921
f 2922 2888 2915
f 2938 2883 2872
f 2924 2906 2925
f 2899 2967 2929
f 2942 2924 2925
f 2928 2956 2901
f 2901 3075 2902
f 2909 2867 2962
f 2910 2876 2932
f 2946 2862 2911
f 2896 2862 2946
f 2913 2904 2897
f 2913 2905 2950
f 2935 2952 2887
f 2951 2926 2927
f 2927 2926 2915
f 2888 2937 2921
f 2952 2923 2887
f 2916 2906 2924
f 2937 2889 2981
f 2858 2900 2940
f 2967 2907 2923
f 2900 2866 2984
f 2925 2931 2942
f 2890 2931 2925
f 2929 2931 2890
f 2986 2891 2902
f 2918 2878 2933
f 2896 2946 2912
f 2946 3009 2912
f 2936 2905 2916
f 2936 2950 2905
f 3013 3011 2881
f 2921 3013 2881
f 2926 2922 2915
f 2938 2872 2922
f 2936 2924 2994
f 2916 2924 2936
f 2952 2993 2923
f 2993 2939 2923
f 2924 2942 2954
f 2954 2942 2955
f 2984 2866 2957
f 2943 2930 2944
f 2929 2958 2931
f 2909 2962 3007
f 2917 2895 2977
f 2918 3029 2894
f 3090 2911 2919
f 2912 3009 2870
f 2904 2913 2948
f 2904 2948 2914
f 2949 2935 2947
f 2949 2952 2935
f 2926 2938 2922
f 2924 2954 2994
f 2923 3017 2967
f 2908 3034 2928
f 2941 2930 2943
f 2986 2944 2891
f 2931 2969 2942
f 2931 2945 2969
f 2931 2958 2945
f 2917 2977 2884
f 2978 2918 2933
f 2864 2920 3091
f 2920 2963 3071
f 2935 2914 2947
f 2870 3051 2885
f 2950 2948 2913
f 2936 2965 2950
f 2844 2881 3011
f 3012 2952 2949
f 2921 2937 3033
f 2923 2939 3017
f 2900 2984 3073
f 3035 2984 2957
f 3075 2901 2956
f 2861 2985 2957
f 2941 2985 2861
f 2929 2967 2958
f 3018 2955 2942
f 2986 2943 2944
f 2968 2958 2967
f 2969 3018 2942
f 2969 2945 2998
f 2970 2945 2958
f 2960 2973 2959
f 2960 2961 2973
f 2974 2961 2960
f 2961 2975 2973
f 2933 2934 3008
f 2911 3090 2946
f 3009 2946 3048
f 3091 2920 3071
f 2914 2980 2947
f 2980 2914 2948
f 2950 2964 2948
f 2947 3010 2949
f 2949 3010 2992
f 2965 2964 2950
f 3011 2963 2844
f 3012 2949 2992
f 3013 2921 3033
f 3095 2938 2926
f 2965 2936 3014
f 3012 2993 2952
f 2981 3033 2937
f 2940 2900 3073
f 2908 2983 3034
f 2954 2955 2966
f 3034 2956 2928
f 3075 3076 2902
f 3076 2986 2902
f 2941 2943 2995
f 2968 2967 3017
f 2968 2970 2958
f 2999 2945 2970
f 2945 2999 2998
f 2987 2972 2971
f 2971 2959 3000
f 2959 2988 3000
f 2972 2959 2971
f 2972 2960 2959
f 3001 2960 2972
f 2973 2988 2959
f 2974 2976 2961
f 2989 2975 2961
f 2976 2989 2961
f 3029 2932 2894
f 2919 2884 2991
f 3090 2919 2991
f 2934 2843 3008
f 2979 2947 2980
f 2979 3010 2947
f 2963 3032 3071
f 3051 2870 3009
f 3072 2951 2885
f 2883 2938 3095
f 2981 3056 3033
f 3014 2936 2994
f 2883 3095 2982
f 2982 2983 2953
f 2994 2954 2966
f 2953 2983 2908
f 2968 3017 3062
f 2997 2968 3062
f 2996 3018 2969
f 2970 2968 2997
f 2970 3064 2999
f 3019 2998 2999
f 3000 2988 3020
f 3039 3001 2972
f 2960 3001 3041
f 2973 3002 2988
f 3041 2974 2960
f 2973 2975 3002
f 2974 3003 2976
f 2976 2990 2989
f 2910 2932 3086
f 3088 2884 2977
f 2918 2978 3029
f 2978 2933 3008
f 2864 3030 2843
f 2946 3090 3048
f 2980 2948 2964
f 2885 3051 3072
f 3032 2963 3011
f 2926 2951 3176
f 3054 2993 3012
f 3095 2926 3176
f 2993 3015 2939
f 3035 2957 3016
f 2985 3016 2957
f 2995 2985 2941
f 2955 3018 3061
f 2969 3036 2996
f 2969 2998 3036
f 3064 2970 2997
f 3064 3065 2999
f 3099 2998 3019
f 2987 2971 3000
f 3038 3039 2972
f 3021 2974 3041
f 2990 2976 3023
f 3003 3023 2976
f 3003 3004 3023
f 3022 3004 3003
f 3022 3003 3042
f 3022 3005 3004
f 3025 3004 3005
f 3024 3006 3022
f 3022 3006 3005
f 3046 3028 3006
f 3026 3006 3028
f 3247 2962 2867
f 2910 3247 2867
f 2895 3007 3173
f 3088 2991 2884
f 3030 2864 3091
f 2979 2980 3031
f 3010 2979 3049
f 2980 2964 3031
f 3031 2964 3050
f 3050 2964 2965
f 3054 3015 2993
f 3056 2981 2940
f 2994 2966 3058
f 2966 2955 3114
f 3114 2955 3061
f 2986 3076 3060
f 2986 3060 2943
f 2996 3061 3018
f 3077 2997 3062
f 3099 3036 2998
f 2999 3065 3101
f 2999 3066 3019
f 3101 3066 2999
f 3066 3067 3019
f 2987 3038 2972
f 3020 2988 3040
f 3040 2988 3002
f 3003 2974 3021
f 3081 3002 2975
f 3042 3003 3021
f 2989 3068 2975
f 3168 2989 2990
f 3004 3025 3023
f 3024 3022 3042
f 3005 3006 3025
f 3006 3024 3046
f 3044 3025 3026
f 3006 3026 3025
f 3082 3026 3027
f 3026 3028 3027
f 3046 3070 3028
f 3070 3027 3028
f 3007 2962 3173
f 2977 2895 3173
f 3029 3087 2932
f 3008 2843 3030
f 3008 3030 3089
f 2979 3031 3049
f 3092 3049 3110
f 3092 3010 3049
f 3052 3010 3092
f 3052 2992 3010
f 3009 3111 3051
f 2992 3053 3012
f 2965 3014 3050
f 3075 2956 3059
f 3097 2939 3015
f 2939 3097 3017
f 3017 3097 3062
f 3064 2997 3077
f 3019 3067 3099
f 3037 3000 3020
f 2987 3000 3037
f 3038 2987 3037
f 3038 3104 3039
f 3104 3080 3039
f 3039 3080 3001
f 3080 3041 3001
f 3040 3002 3106
f 3041 3107 3021
f 3002 3081 3106
f 2975 3068 3081
f 3068 2989 3168
f 2990 3023 3043
f 3129 3024 3042
f 3043 3023 3025
f 3109 3024 3129
f 3046 3024 3109
f 3045 3044 3026
f 3045 3026 3069
f 3069 3026 3082
f 3027 3070 3084
f 3087 3086 2932
f 3008 3089 3047
f 3031 3050 3094
f 2992 3052 3053
f 3053 3054 3012
f 3013 3033 3055
f 3050 3014 3058
f 3033 3056 3055
f 3054 3113 3015
f 3056 2940 3057
f 3014 2994 3058
f 3073 2984 3035
f 3034 3074 2956
f 3077 3062 3063
f 3078 3036 3099
f 3064 3118 3065
f 3067 3100 3099
f 3101 3079 3066
f 3102 3037 3020
f 3121 3038 3037
f 3081 3127 3106
f 3107 3108 3021
f 3021 3108 3042
f 3044 3043 3025
f 3109 3132 3046
f 3070 3046 3132
f 3083 3082 3027
f 3084 3136 3027
f 3029 2978 3087
f 2978 3309 3087
f 2978 3008 3047
f 3049 3031 3094
f 3110 3049 3094
f 3093 3052 3092
f 3009 3048 3111
f 3053 3052 3112
f 3050 3058 3156
f 2982 3197 2983
f 3015 3113 3097
f 3059 3076 3075
f 3062 3097 3063
f 3063 3116 3077
f 2996 3036 3098
f 3078 3098 3036
f 3066 3079 3067
f 3104 3038 3121
f 3020 3187 3123
f 3020 3040 3187
f 3040 3124 3187
f 3105 3041 3080
f 3129 3042 3108
f 3081 3068 3128
f 3128 3068 3207
f 3130 3044 3045
f 3069 3082 3133
f 3132 3084 3070
f 3132 3085 3084
f 3083 3027 3136
f 2962 3247 3173
f 3247 2910 3086
f 3091 3071 3216
f 3072 3051 3111
f 3055 3194 3013
f 3054 3174 3113
f 3073 3057 2940
f 2983 3074 3034
f 2966 3114 3058
f 3113 3096 3097
f 3074 3059 2956
f 3096 3063 3097
f 2943 3201 2995
f 3060 3201 2943
f 3076 3115 3060
f 3061 2996 3098
f 3118 3064 3077
f 3078 3099 3184
f 3099 3100 3184
f 3065 3164 3101
f 3100 3119 3185
f 3100 3067 3119
f 3067 3079 3119
f 3102 3121 3037
f 3205 3104 3121
f 3102 3020 3103
f 3105 3080 3104
f 3103 3123 3122
f 3041 3105 3107
f 3124 3040 3106
f 3128 3127 3081
f 3043 3147 2990
f 3147 3043 3044
f 3044 3130 3147
f 3132 3109 3149
f 3069 3133 3131
f 3082 3083 3133
f 3083 3136 3134
f 3085 3135 3084
f 3136 3084 3135
f 2977 3173 3342
f 2978 3047 3309
f 3048 3090 3192
f 3110 3138 3092
f 3093 3092 3139
f 3092 3138 3139
f 3151 3110 3094
f 3112 3052 3093
f 2951 3072 3154
f 3053 3112 3054
f 3154 3176 2951
f 3094 3050 3156
f 3054 3112 3174
f 3055 3056 3057
f 3057 3073 3178
f 3073 3035 3179
f 3144 3116 3063
f 3162 3098 3078
f 3116 3117 3077
f 3078 3184 3163
f 3100 3185 3184
f 3065 3118 3164
f 3186 3185 3119
f 3120 3101 3164
f 3101 3120 3079
f 3079 3236 3119
f 3120 3236 3079
f 3145 3105 3104
f 3020 3123 3103
f 3122 3123 3187
f 3188 3107 3105
f 3124 3106 3125
f 3125 3106 3127
f 3126 3107 3206
f 3108 3107 3126
f 3146 3129 3108
f 3168 3167 3068
f 3167 3168 3147
f 3168 2990 3147
f 3166 3148 3129
f 3109 3129 3148
f 3109 3148 3149
f 3045 3069 3169
f 3045 3169 3130
f 3069 3131 3169
f 3190 3085 3132
f 3134 3133 3083
f 3173 3247 3342
f 3089 3137 3047
f 3030 3091 3216
f 3032 3011 3281
f 3152 3155 3157
f 3140 3158 3157
f 3196 3141 3157
f 3157 3141 3140
f 3140 3160 3158
f 3141 3142 3140
f 3142 3183 3140
f 3183 3160 3140
f 3143 3076 3059
f 3115 3201 3060
f 3096 3144 3063
f 3114 3061 3203
f 3061 3098 3203
f 3203 3098 3162
f 3116 3229 3117
f 3077 3117 3118
f 3118 3117 3232
f 3164 3118 3232
f 3237 3122 3187
f 3206 3107 3188
f 3125 3127 3333
f 3108 3126 3146
f 3127 3128 3238
f 3068 3167 3207
f 3130 3208 3147
f 3130 3169 3208
f 3149 3190 3132
f 3134 3170 3133
f 3190 3150 3085
f 3150 3135 3085
f 3213 3134 3136
f 3213 3136 3135
f 3047 3137 3309
f 3110 3151 3138
f 3111 3048 3250
f 3111 3250 3251
f 3111 3217 3072
f 3154 3072 3217
f 3157 3153 3152
f 3094 3156 3151
f 3112 3257 3174
f 3157 3158 3153
f 3013 3194 3011
f 3153 3158 3195
f 3095 3177 2982
f 3196 3157 3155
f 3057 3178 3055
f 3174 3175 3113
f 3175 3096 3113
f 3195 3158 3160
f 3073 3179 3178
f 3196 3202 3141
f 3202 3182 3141
f 3182 3142 3141
f 3115 3076 3143
f 3180 3114 3181
f 3183 3228 3160
f 3142 3182 3183
f 3144 3161 3116
f 3161 3229 3116
f 3235 3119 3236
f 3266 3297 3102
f 3121 3102 3297
f 3103 3267 3266
f 3102 3103 3266
f 3145 3104 3205
f 3124 3125 3165
f 3238 3333 3127
f 3238 3128 3272
f 3129 3146 3166
f 3147 3208 3167
f 3148 3166 3189
f 3189 3149 3148
f 3189 3190 3149
f 3170 3131 3133
f 3134 3191 3170
f 3150 3171 3135
f 3172 3191 3134
f 3213 3172 3134
f 3213 3135 3171
f 3086 3087 3343
f 3087 3309 3343
f 3089 3214 3137
f 2991 3192 3090
f 3089 3030 3214
f 3030 3216 3214
f 3193 3155 3152
f 3153 3195 3218
f 3011 3194 3281
f 3176 3154 3177
f 3194 3055 3220
f 3176 3177 3095
f 3156 3058 3284
f 2982 3177 3197
f 3058 3221 3284
f 3175 3198 3096
f 3197 3262 2983
f 3160 3199 3195
f 3179 3035 3016
f 3202 3196 3261
f 3058 3114 3222
f 3096 3159 3287
f 3160 3225 3199
f 3287 3144 3096
f 3114 3180 3222
f 3160 3228 3225
f 3182 3290 3183
f 3162 3078 3230
f 3184 3185 3293
f 3119 3233 3186
f 3119 3235 3233
f 3266 3583 3297
f 3121 3297 3205
f 3103 3122 3267
f 3124 3363 3187
f 3165 3363 3124
f 3206 3188 3268
f 3333 3396 3125
f 3212 3150 3190
f 3247 3086 3446
f 3088 3310 2991
f 2991 3310 3249
f 3215 3312 3152
f 3215 3152 3153
f 3093 3257 3112
f 3251 3217 3111
f 3279 3153 3218
f 3151 3156 3282
f 3194 3347 3281
f 3174 3257 3175
f 3282 3156 3284
f 3175 3257 3256
f 3220 3055 3178
f 3196 3155 3283
f 3261 3196 3283
f 3197 3259 3262
f 3058 3222 3221
f 3198 3159 3096
f 2983 3262 3074
f 3016 3223 3179
f 3322 3202 3261
f 3143 3059 3200
f 2995 3201 3418
f 3201 3115 3224
f 3143 3224 3115
f 3202 3265 3182
f 3114 3203 3181
f 3228 3226 3225
f 3290 3358 3183
f 3161 3144 3204
f 3327 3162 3230
f 3117 3229 3231
f 3117 3231 3232
f 3184 3293 3163
f 3232 3329 3164
f 3186 3293 3185
f 3293 3186 3233
f 3329 3234 3164
f 3164 3234 3120
f 3235 3294 3233
f 3267 3122 3237
f 3105 3332 3188
f 3187 3363 3237
f 3396 3165 3125
f 3126 3270 3146
f 3128 3207 3272
f 3166 3274 3189
f 3276 3169 3131
f 3189 3209 3190
f 3212 3190 3209
f 3211 3239 3210
f 3339 3131 3170
f 3211 3210 3243
f 3242 3211 3243
f 3212 3244 3150
f 3244 3243 3246
f 3343 3446 3086
f 3342 3088 2977
f 2991 3249 3192
f 3152 3312 3193
f 3215 3153 3279
f 3214 3216 3318
f 3250 3048 3192
f 3252 3139 3138
f 3139 3252 3093
f 3071 3412 3216
f 3071 3032 3412
f 3151 3252 3138
f 3345 3155 3193
f 3283 3155 3345
f 3217 3254 3154
f 3154 3219 3177
f 3256 3198 3175
f 3195 3260 3254
f 3262 3379 3074
f 3195 3199 3260
f 3418 3016 2985
f 3222 3180 3263
f 2995 3418 2985
f 3323 3199 3225
f 3144 3287 3227
f 3202 3355 3265
f 3204 3144 3227
f 3182 3265 3290
f 3203 3162 3327
f 3358 3228 3183
f 3230 3078 3163
f 3293 3292 3163
f 3329 3232 3231
f 3392 3292 3293
f 3235 3295 3294
f 3266 3267 3464
f 3145 3332 3105
f 3126 3206 3298
f 3166 3146 3270
f 3207 3335 3272
f 3208 3436 3167
f 3208 3169 3276
f 3274 3209 3189
f 3339 3276 3131
f 3241 3240 3211
f 3239 3211 3240
f 3211 3242 3241
f 3212 3242 3244
f 3243 3210 3277
f 3244 3242 3243
f 3245 3243 3277
f 3243 3245 3246
f 3246 3403 3244
f 3403 3306 3244
f 3150 3244 3306
f 3171 3150 3306
f 3172 3213 3369
f 3171 3305 3213
f 3342 3247 3502
f 3310 3344 3249
f 3215 3278 3312
f 3447 3193 3312
f 3251 3279 3218
f 3218 3217 3251
f 3252 3151 3280
f 3280 3253 3252
f 3252 3253 3093
f 3093 3253 3257
f 3218 3254 3217
f 3151 3282 3280
f 3256 3257 3253
f 3254 3255 3154
f 3280 3282 3346
f 3255 3219 3154
f 3218 3195 3254
f 3260 3258 3254
f 3198 3256 3285
f 3177 3219 3197
f 3197 3219 3258
f 3197 3258 3259
f 3260 3259 3258
f 3260 3262 3259
f 3222 3377 3221
f 3260 3199 3262
f 3222 3263 3321
f 3418 3223 3016
f 3200 3059 3074
f 3224 3143 3200
f 3180 3264 3263
f 3322 3355 3202
f 3181 3264 3180
f 3290 3359 3358
f 3161 3289 3229
f 3289 3328 3229
f 3231 3229 3328
f 3292 3291 3163
f 3236 3120 3462
f 3296 3236 3462
f 3236 3296 3235
f 3296 3295 3235
f 3493 3145 3205
f 3362 3266 3464
f 3165 3395 3363
f 3270 3126 3269
f 3270 3269 3398
f 3272 3397 3238
f 3271 3397 3272
f 3274 3166 3270
f 3335 3207 3167
f 3273 3336 3301
f 3300 3304 3274
f 3338 3239 3301
f 3273 3301 3239
f 3240 3273 3239
f 3209 3274 3304
f 3208 3276 3302
f 3304 3275 3209
f 3209 3275 3212
f 3242 3275 3241
f 3275 3242 3212
f 3338 3277 3210
f 3191 3368 3170
f 3469 3368 3191
f 3403 3246 3245
f 3191 3172 3469
f 3171 3306 3305
f 3248 3088 3342
f 3278 3215 3311
f 3279 3313 3215
f 3316 3313 3279
f 3214 3314 3137
f 3447 3315 3193
f 3251 3250 3317
f 3317 3279 3251
f 3315 3345 3193
f 3412 3318 3216
f 3253 3280 3319
f 3280 3346 3319
f 3319 3256 3253
f 3255 3254 3258
f 3219 3255 3258
f 3284 3320 3282
f 3220 3178 3416
f 3284 3221 3320
f 3198 3285 3376
f 3376 3159 3198
f 3261 3283 3448
f 3222 3321 3377
f 3379 3262 3286
f 3199 3286 3262
f 3353 3286 3199
f 3227 3288 3204
f 3181 3324 3383
f 3181 3203 3324
f 3324 3203 3327
f 3204 3289 3161
f 3228 3391 3226
f 3391 3228 3358
f 3357 3290 3265
f 3230 3388 3327
f 3230 3163 3291
f 3233 3330 3293
f 3331 3330 3233
f 3331 3233 3294
f 3234 3462 3120
f 3583 3266 3362
f 3493 3332 3145
f 3464 3267 3394
f 3267 3237 3394
f 3268 3298 3206
f 3298 3269 3126
f 3238 3397 3333
f 3398 3299 3270
f 3299 3274 3270
f 3337 3274 3299
f 3335 3467 3272
f 3337 3300 3274
f 3273 3366 3336
f 3436 3335 3167
f 3303 3273 3240
f 3241 3303 3240
f 3239 3338 3210
f 3275 3304 3241
f 3368 3339 3170
f 3369 3469 3172
f 3440 3306 3403
f 3369 3213 3305
f 3307 3340 3406
f 3307 3308 3340
f 3371 3308 3307
f 3248 3374 3088
f 3088 3374 3310
f 3447 3312 3278
f 3311 3215 3313
f 3309 3137 3314
f 3344 3316 3249
f 3192 3249 3317
f 3316 3317 3249
f 3279 3317 3316
f 3317 3250 3192
f 3032 3281 3412
f 3320 3375 3346
f 3282 3320 3346
f 3256 3319 3285
f 3194 3220 3347
f 3348 3320 3221
f 3377 3348 3221
f 3178 3179 3509
f 3377 3321 3449
f 3261 3480 3322
f 3199 3323 3353
f 3287 3350 3227
f 3422 3264 3181
f 3382 3355 3322
f 3382 3384 3355
f 3324 3327 3325
f 3225 3226 3323
f 3265 3355 3326
f 3391 3356 3226
f 3326 3357 3265
f 3359 3290 3357
f 3328 3360 3231
f 3231 3360 3329
f 3294 3295 3519
f 3296 3361 3295
f 3205 3297 3492
f 3394 3237 3465
f 3269 3298 3496
f 3399 3337 3299
f 3520 3271 3272
f 3334 3364 3336
f 3365 3336 3364
f 3336 3366 3334
f 3337 3303 3300
f 3301 3336 3365
f 3273 3303 3366
f 3300 3303 3304
f 3208 3302 3436
f 3303 3241 3304
f 3245 3277 3367
f 3369 3305 3370
f 3370 3305 3306
f 3404 3307 3406
f 3405 3307 3404
f 3405 3341 3307
f 3341 3371 3307
f 3308 3471 3340
f 3407 3371 3341
f 3471 3308 3472
f 3308 3408 3472
f 3371 3408 3308
f 3371 3409 3408
f 3247 3503 3502
f 3502 3248 3342
f 3309 3476 3343
f 3476 3309 3477
f 3310 3374 3344
f 3505 3314 3214
f 3283 3345 3448
f 3479 3346 3375
f 3346 3479 3319
f 3179 3223 3509
f 3287 3508 3350
f 3508 3287 3159
f 3378 3223 3418
f 3419 3379 3286
f 3074 3379 3200
f 3450 3321 3263
f 3352 3450 3263
f 3381 3227 3350
f 3263 3264 3352
f 3323 3451 3353
f 3422 3352 3264
f 3420 3382 3322
f 3288 3227 3381
f 3181 3383 3422
f 3455 3204 3288
f 3204 3455 3289
f 3323 3226 3386
f 3427 3355 3385
f 3325 3327 3387
f 3355 3427 3326
f 3356 3386 3226
f 3387 3327 3388
f 3328 3289 3458
f 3357 3326 3390
f 3230 3291 3389
f 3357 3488 3359
f 3359 3391 3358
f 3328 3458 3360
f 3293 3330 3392
f 3490 3330 3331
f 3583 3658 3297
f 3237 3363 3465
f 3586 3396 3333
f 3333 3397 3586
f 3398 3466 3299
f 3399 3366 3337
f 3467 3520 3272
f 3303 3337 3366
f 3301 3365 3401
f 3301 3401 3338
f 3437 3277 3338
f 3339 3368 3438
f 3367 3277 3437
f 3245 3367 3439
f 3440 3370 3306
f 3340 3530 3406
f 3372 3409 3371
f 3248 3502 3373
f 3474 3311 3313
f 3314 3477 3309
f 3411 3315 3447
f 3412 3281 3413
f 3347 3413 3281
f 3413 3347 3506
f 3348 3375 3320
f 3220 3604 3347
f 3319 3415 3285
f 3416 3604 3220
f 3178 3509 3416
f 3376 3508 3159
f 3448 3349 3261
f 3509 3223 3378
f 3351 3200 3379
f 3261 3349 3480
f 3224 3200 3351
f 3201 3224 3568
f 3353 3419 3286
f 3381 3450 3380
f 3450 3352 3380
f 3350 3450 3381
f 3480 3420 3322
f 3451 3354 3353
f 3288 3381 3424
f 3324 3382 3383
f 3324 3325 3384
f 3385 3355 3384
f 3384 3325 3425
f 3323 3386 3451
f 3325 3387 3425
f 3426 3425 3387
f 3455 3458 3289
f 3456 3390 3326
f 3230 3428 3388
f 3428 3230 3389
f 3356 3391 3548
f 3392 3460 3292
f 3360 3432 3329
f 3432 3553 3329
f 3234 3329 3553
f 3490 3331 3518
f 3433 3462 3234
f 3294 3519 3331
f 3296 3462 3393
f 3393 3361 3296
f 3658 3492 3297
f 3492 3493 3205
f 3332 3708 3188
f 3165 3396 3660
f 3269 3496 3398
f 3399 3434 3334
f 3364 3334 3435
f 3366 3399 3334
f 3400 3365 3364
f 3401 3365 3400
f 3468 3401 3400
f 3402 3436 3302
f 3591 3276 3339
f 3339 3438 3591
f 3245 3439 3403
f 3403 3439 3440
f 3469 3369 3528
f 3441 3370 3440
f 3370 3441 3369
f 3341 3442 3407
f 3471 3530 3340
f 3442 3470 3407
f 3371 3407 3372
f 3372 3407 3499
f 3408 3443 3472
f 3372 3500 3409
f 3473 3408 3409
f 3409 3410 3473
f 3500 3410 3409
f 3446 3503 3247
f 3374 3248 3373
f 3538 3278 3311
f 3343 3476 3446
f 3311 3474 3538
f 3447 3278 3475
f 3313 3344 3474
f 3344 3374 3504
f 3313 3316 3344
f 3505 3541 3314
f 3214 3318 3505
f 3414 3479 3375
f 3414 3375 3348
f 3415 3376 3285
f 3542 3348 3377
f 3542 3377 3417
f 3417 3377 3449
f 3508 3376 3507
f 3449 3321 3450
f 3508 3450 3350
f 3351 3379 3481
f 3379 3419 3481
f 3568 3418 3201
f 3351 3544 3224
f 3481 3419 3353
f 3420 3480 3571
f 3481 3353 3354
f 3380 3352 3452
f 3380 3452 3381
f 3352 3422 3452
f 3381 3452 3424
f 3421 3383 3382
f 3383 3421 3511
f 3422 3383 3452
f 3452 3383 3423
f 3324 3384 3382
f 3288 3424 3455
f 3425 3385 3384
f 3425 3426 3385
f 3427 3385 3426
f 3386 3484 3451
f 3387 3388 3426
f 3426 3388 3427
f 3427 3456 3326
f 3428 3456 3427
f 3388 3428 3427
f 3458 3455 3514
f 3456 3429 3390
f 3356 3457 3386
f 3389 3291 3430
f 3459 3360 3458
f 3390 3488 3357
f 3291 3292 3430
f 3551 3391 3359
f 3488 3550 3359
f 3460 3392 3431
f 3431 3392 3549
f 3392 3330 3549
f 3553 3433 3234
f 3295 3463 3519
f 3361 3463 3295
f 3583 3362 3584
f 3362 3464 3614
f 3268 3188 3708
f 3496 3466 3398
f 3466 3497 3299
f 3497 3434 3299
f 3399 3299 3434
f 3434 3435 3334
f 3364 3435 3400
f 3367 3437 3524
f 3528 3369 3441
f 3406 3530 3529
f 3407 3470 3499
f 3499 3444 3372
f 3444 3500 3372
f 3408 3473 3443
f 3500 3445 3410
f 3410 3537 3473
f 3538 3475 3278
f 3541 3477 3314
f 3673 3505 3318
f 3315 3627 3345
f 3345 3627 3448
f 3414 3478 3479
f 3319 3479 3415
f 3415 3507 3376
f 3416 3509 3629
f 3382 3420 3421
f 3451 3510 3354
f 3424 3452 3483
f 3383 3511 3423
f 3452 3423 3482
f 3483 3452 3482
f 3511 3453 3423
f 3453 3482 3423
f 3424 3483 3454
f 3424 3454 3455
f 3386 3457 3484
f 3457 3486 3484
f 3428 3389 3456
f 3389 3429 3456
f 3356 3516 3457
f 3487 3390 3429
f 3516 3356 3548
f 3389 3430 3429
f 3488 3390 3487
f 3430 3292 3460
f 3548 3391 3551
f 3550 3551 3359
f 3549 3330 3461
f 3330 3489 3461
f 3490 3489 3330
f 3433 3702 3462
f 3331 3491 3518
f 3519 3491 3331
f 3493 3494 3332
f 3395 3465 3363
f 3395 3165 3495
f 3165 3660 3495
f 3496 3298 3585
f 3434 3497 3435
f 3335 3498 3467
f 3335 3436 3498
f 3302 3522 3402
f 3522 3302 3276
f 3276 3591 3522
f 3368 3527 3438
f 3469 3527 3368
f 3440 3439 3557
f 3557 3441 3440
f 3405 3404 3594
f 3529 3404 3406
f 3594 3664 3405
f 3405 3664 3341
f 3472 3443 3560
f 3499 3561 3444
f 3473 3532 3443
f 3445 3501 3410
f 3410 3501 3537
f 3539 3447 3475
f 3374 3373 3504
f 3474 3344 3504
f 3627 3315 3411
f 3412 3673 3318
f 3448 3627 3649
f 3348 3542 3414
f 3508 3449 3450
f 3568 3224 3544
f 3453 3511 3512
f 3513 3453 3512
f 3482 3453 3513
f 3485 3483 3482
f 3454 3514 3455
f 3483 3514 3454
f 3487 3429 3430
f 3460 3487 3430
f 3515 3488 3487
f 3550 3488 3517
f 3432 3360 3459
f 3553 3432 3579
f 3552 3518 3491
f 3393 3462 3702
f 3582 3519 3463
f 3614 3464 3755
f 3464 3394 3755
f 3708 3332 3494
f 3708 3793 3268
f 3268 3585 3298
f 3396 3586 3660
f 3586 3397 3683
f 3496 3639 3466
f 3497 3466 3639
f 3683 3397 3271
f 3497 3587 3435
f 3435 3587 3400
f 3401 3468 3521
f 3437 3338 3401
f 3642 3591 3438
f 3367 3525 3439
f 3557 3439 3526
f 3529 3617 3404
f 3404 3617 3594
f 3866 3341 3664
f 3341 3866 3442
f 3470 3442 3666
f 3561 3499 3559
f 3472 3560 3531
f 3471 3472 3531
f 3562 3444 3561
f 3532 3560 3443
f 3534 3500 3444
f 3500 3534 3445
f 3473 3537 3533
f 3534 3535 3445
f 3502 3564 3373
f 3447 3539 3411
f 3373 3564 3504
f 3413 3673 3412
f 3448 3649 3349
f 3417 3449 3543
f 3449 3508 3543
f 3508 3507 3543
f 3568 3378 3418
f 3349 3571 3480
f 3351 3570 3544
f 3481 3570 3351
f 3572 3570 3481
f 3481 3354 3572
f 3354 3510 3572
f 3421 3420 3573
f 3511 3421 3573
f 3484 3510 3451
f 3485 3482 3574
f 3546 3513 3512
f 3482 3513 3574
f 3483 3485 3514
f 3575 3485 3574
f 3514 3485 3575
f 3458 3514 3575
f 3516 3486 3457
f 3458 3607 3459
f 3460 3431 3515
f 3487 3460 3515
f 3515 3517 3488
f 3517 3515 3431
f 3431 3549 3517
f 3489 3490 3580
f 3580 3490 3518
f 3609 3433 3553
f 3491 3519 3582
f 3361 3613 3463
f 3707 3493 3492
f 3638 3494 3493
f 3683 3769 3586
f 3400 3587 3468
f 3498 3588 3467
f 3401 3521 3590
f 3590 3556 3401
f 3556 3437 3401
f 3437 3523 3524
f 3527 3642 3438
f 3526 3439 3525
f 3469 3528 3527
f 3593 3528 3441
f 3594 3617 3616
f 3666 3442 3818
f 3470 3558 3499
f 3558 3559 3499
f 3562 3534 3444
f 3532 3473 3533
f 3537 3536 3533
f 3535 3501 3445
f 3501 3536 3537
f 3647 3538 3474
f 3474 3504 3602
f 3603 3502 3503
f 3502 3603 3564
f 3411 3539 3648
f 3446 3476 3540
f 3477 3540 3476
f 3541 3626 3477
f 3347 3604 3506
f 3479 3478 3415
f 3567 3414 3542
f 3543 3542 3417
f 3573 3420 3571
f 3512 3511 3545
f 3546 3547 3513
f 3574 3513 3547
f 3575 3607 3458
f 3550 3517 3549
f 3516 3548 3679
f 3549 3576 3550
f 3577 3550 3576
f 3577 3551 3550
f 3577 3608 3551
f 3580 3552 3577
f 3580 3518 3552
f 3577 3552 3581
f 3581 3552 3491
f 3702 3433 3609
f 3582 3554 3491
f 3582 3463 3613
f 3492 3658 3682
f 3493 3707 3638
f 3468 3684 3521
f 3436 3589 3498
f 3556 3523 3437
f 3524 3525 3367
f 3663 3527 3528
f 3557 3526 3593
f 3557 3593 3441
f 3442 3866 3818
f 3530 3471 3596
f 3531 3596 3471
f 3532 3533 3598
f 3599 3622 3534
f 3534 3622 3535
f 3535 3563 3501
f 3501 3563 3536
f 3601 3646 3538
f 3538 3646 3475
f 3647 3474 3602
f 3602 3504 3564
f 3446 3540 3503
f 3477 3626 3540
f 3505 3566 3541
f 3478 3414 3567
f 3478 3567 3415
f 3605 3604 3416
f 3542 3543 3567
f 3415 3543 3507
f 3567 3543 3415
f 3605 3416 3629
f 3378 3629 3509
f 3569 3568 3544
f 3570 3569 3544
f 3571 3349 3630
f 3545 3511 3573
f 3512 3545 3546
f 3510 3484 3676
f 3486 3676 3484
f 3633 3547 3606
f 3574 3547 3633
f 3635 3574 3633
f 3575 3574 3635
f 3548 3608 3679
f 3701 3579 3432
f 3576 3549 3461
f 3576 3578 3577
f 3461 3578 3576
f 3578 3461 3489
f 3548 3551 3608
f 3489 3580 3578
f 3578 3580 3577
f 3608 3577 3581
f 3610 3608 3581
f 3581 3554 3610
f 3581 3491 3554
f 3361 3393 3555
f 3584 3362 3614
f 3638 3792 3494
f 3394 3465 3615
f 3793 3585 3268
f 3271 3710 3683
f 3730 3587 3497
f 3271 3640 3710
f 3640 3271 3520
f 3468 3587 3684
f 3520 3467 3641
f 3467 3588 3641
f 3436 3402 3589
f 3592 3526 3525
f 3592 3593 3526
f 3528 3593 3663
f 3529 3713 3617
f 3594 3688 3664
f 3530 3714 3595
f 3530 3595 3529
f 3530 3596 3714
f 3666 3618 3470
f 3618 3558 3470
f 3596 3531 3619
f 3619 3531 3597
f 3597 3531 3560
f 3560 3532 3597
f 3599 3534 3562
f 3533 3621 3598
f 3622 3670 3535
f 3533 3536 3621
f 3535 3670 3563
f 3563 3670 3623
f 3600 3621 3536
f 3563 3600 3536
f 3563 3623 3600
f 3646 3691 3600
f 3600 3623 3646
f 3601 3538 3692
f 3692 3538 3647
f 3539 3475 3646
f 3623 3624 3646
f 3624 3539 3646
f 3648 3539 3624
f 3648 3565 3411
f 3625 3602 3564
f 3564 3603 3625
f 3627 3763 3649
f 3413 3694 3673
f 3649 3742 3349
f 3572 3569 3570
f 3652 3572 3510
f 3546 3697 3547
f 3697 3606 3547
f 3486 3516 3653
f 3575 3635 3607
f 3636 3459 3607
f 3432 3459 3636
f 3701 3432 3636
f 3610 3679 3608
f 3393 3702 3751
f 3751 3555 3393
f 3613 3361 3555
f 3707 3492 3682
f 3639 3585 3659
f 3496 3585 3639
f 3497 3639 3730
f 3520 3641 3640
f 3498 3661 3588
f 3498 3589 3661
f 3522 3662 3402
f 3642 3522 3591
f 3523 3686 3524
f 3527 3711 3642
f 3527 3663 3711
f 3687 3593 3592
f 3616 3712 3594
f 3561 3559 3643
f 3561 3643 3562
f 3597 3532 3668
f 3599 3562 3620
f 3532 3598 3668
f 3621 3600 3691
f 3624 3623 3670
f 3503 3693 3603
f 3627 3411 3565
f 3627 3565 3763
f 3672 3541 3566
f 3505 3673 3566
f 3604 3605 3695
f 3605 3629 3674
f 3568 3650 3378
f 3571 3630 3631
f 3675 3573 3571
f 3697 3632 3606
f 3486 3653 3676
f 3633 3606 3634
f 3634 3606 3632
f 3633 3634 3655
f 3635 3633 3655
f 3635 3636 3607
f 3653 3516 3678
f 3516 3679 3678
f 3553 3579 3749
f 3553 3749 3609
f 3554 3611 3610
f 3555 3612 3613
f 3637 3554 3582
f 3613 3637 3582
f 3637 3613 3612
f 3705 3583 3584
f 3707 3682 3826
f 3465 3395 3729
f 3587 3732 3684
f 3521 3733 3590
f 3662 3865 3402
f 3686 3525 3524
f 3617 3713 3773
f 3529 3595 3713
f 3558 3667 3559
f 3559 3667 3643
f 3597 3668 3716
f 3644 3599 3620
f 3599 3644 3622
f 3738 3622 3644
f 3598 3621 3690
f 3670 3622 3738
f 3621 3691 3690
f 3645 3624 3670
f 3691 3646 3601
f 3647 3602 3873
f 3624 3645 3648
f 3602 3625 3873
f 3540 3693 3503
f 3541 3719 3626
f 3413 3506 3628
f 3506 3604 3695
f 3629 3378 3674
f 3378 3650 3674
f 3349 3742 3630
f 3650 3568 3569
f 3651 3569 3572
f 3572 3652 3651
f 3675 3545 3573
f 3652 3510 3676
f 3546 3545 3697
f 3654 3634 3632
f 3655 3634 3654
f 3635 3655 3656
f 3656 3655 3677
f 3636 3635 3656
f 3636 3656 3657
f 3636 3657 3701
f 3680 3679 3610
f 3751 3612 3555
f 3554 3704 3611
f 3704 3554 3637
f 3658 3583 3705
f 3705 3584 3706
f 3682 3658 3727
f 3755 3394 3615
f 3729 3395 3794
f 3395 3495 3794
f 3586 3769 3660
f 3730 3732 3587
f 3733 3521 3684
f 3770 3661 3589
f 3685 3556 3590
f 3589 3402 3865
f 3556 3685 3523
f 3642 3771 3522
f 3685 3756 3523
f 3523 3756 3686
f 3525 3686 3757
f 3525 3757 3592
f 3593 3687 3663
f 3617 3773 3616
f 3596 3665 3714
f 3558 3618 3778
f 3665 3596 3619
f 3619 3597 3715
f 3716 3715 3597
f 3562 3643 3737
f 3562 3737 3620
f 3716 3668 3717
f 3717 3668 3669
f 3668 3598 3669
f 3690 3669 3598
f 3645 3670 3738
f 3647 3873 3821
f 3648 3671 3565
f 3719 3541 3672
f 3566 3673 3694
f 3413 3628 3694
f 3763 3720 3649
f 3742 3649 3720
f 3696 3695 3605
f 3605 3674 3696
f 3571 3631 3823
f 3655 3654 3677
f 3749 3579 3701
f 3680 3678 3679
f 3609 3681 3702
f 3610 3703 3680
f 3610 3611 3703
f 3705 3727 3658
f 3792 3638 3791
f 3494 3792 3708
f 3495 3660 3795
f 3659 3861 3639
f 3796 3769 3683
f 3683 3710 3731
f 3757 3687 3592
f 3664 3688 3774
f 3866 3664 3776
f 3558 3778 3759
f 3759 3667 3558
f 3665 3619 3736
f 3760 3667 3759
f 3715 3736 3619
f 3667 3689 3643
f 3689 3737 3643
f 3625 3603 3740
f 3740 3603 3693
f 3626 3693 3540
f 3566 3694 3672
f 3506 3741 3628
f 3506 3695 3741
f 3674 3650 3743
f 3571 3823 3675
f 3652 3676 3698
f 3698 3676 3653
f 3765 3698 3653
f 3784 3632 3697
f 3632 3784 3654
f 3699 3677 3654
f 3700 3677 3699
f 3677 3700 3656
f 3749 3722 3609
f 3723 3702 3681
f 3723 3751 3702
f 3612 3751 3724
f 3752 3703 3611
f 3611 3704 3752
f 3637 3612 3788
f 3753 3637 3788
f 3725 3637 3753
f 3637 3725 3704
f 3706 3584 3728
f 3728 3584 3614
f 3465 3729 3615
f 3793 3709 3585
f 3796 3683 3731
f 3590 3733 3685
f 3685 3733 3734
f 3685 3734 3756
f 3522 3771 3662
f 3686 3756 3800
f 3800 3757 3686
f 3616 3773 3758
f 3712 3688 3594
f 3776 3664 3774
f 3775 3595 3714
f 3620 3762 3644
f 3738 3644 3762
f 3690 3691 3718
f 3718 3691 3601
f 3601 3692 3718
f 3692 3647 3821
f 3739 3645 3738
f 3648 3645 3671
f 3945 3873 3625
f 3693 3626 3719
f 3671 3781 3565
f 3781 3763 3565
f 3628 3741 3694
f 3741 3695 3696
f 3696 3674 3743
f 3651 3650 3569
f 3651 3652 3764
f 3700 3699 3744
f 3766 3700 3744
f 3721 3700 3766
f 3656 3700 3721
f 3653 3678 3746
f 3747 3657 3656
f 3657 3748 3701
f 3680 3750 3678
f 3701 3748 3749
f 3609 3722 3681
f 3726 3705 3706
f 3727 3705 3726
f 3825 3706 3728
f 3794 3495 3795
f 3883 3585 3709
f 3659 3585 3883
f 3861 3978 3639
f 3978 3730 3639
f 3864 3710 3640
f 3641 3864 3640
f 3684 3732 3733
f 3589 3816 3770
f 3816 3589 3865
f 3642 3711 3771
f 3735 3711 3663
f 3772 3735 3687
f 3687 3735 3663
f 3757 3772 3687
f 3712 3616 3758
f 3688 3712 3852
f 3666 3818 3833
f 3833 3618 3666
f 3736 3715 3802
f 3667 3760 3689
f 3715 3716 3761
f 3689 3804 3737
f 3737 3762 3620
f 3717 3669 3779
f 3690 3779 3669
f 3738 3780 3739
f 3645 3739 3671
f 3625 3740 3945
f 3719 3740 3693
f 3781 3842 3763
f 3696 3843 3741
f 3696 3743 3843
f 3783 3630 3742
f 3697 3545 3855
f 3697 3855 3784
f 3654 3784 3699
f 3699 3784 3744
f 3653 3746 3765
f 3721 3766 3745
f 3656 3721 3747
f 3657 3747 3748
f 3746 3678 3750
f 3750 3680 3787
f 3703 3787 3680
f 3751 3811 3724
f 3788 3612 3724
f 3704 3767 3752
f 3704 3725 3767
f 3753 3726 3725
f 3726 3753 3789
f 3725 3726 3767
f 3825 3767 3726
f 3726 3706 3825
f 3768 3726 3789
f 3768 3727 3726
f 3614 3755 3827
f 3792 3791 3828
f 3730 3863 3732
f 3798 3588 3661
f 3771 3817 3662
f 3800 3772 3757
f 3714 3665 3775
f 3716 3717 3761
f 3780 3738 3762
f 3779 3690 3820
f 3690 3718 3820
f 3672 3694 3719
f 3694 3741 3876
f 3805 3876 3741
f 3763 3842 3720
f 3742 3720 3783
f 3843 3743 3806
f 3743 3650 3806
f 3650 3651 3806
f 3630 3822 3631
f 3675 3844 3545
f 3652 3698 3764
f 3698 3765 3807
f 3845 3765 3746
f 3766 3785 3745
f 3808 3721 3745
f 3721 3808 3747
f 3722 3749 3748
f 3681 3722 3824
f 3880 3750 3787
f 3703 3752 3847
f 3789 3753 3788
f 3768 3826 3727
f 3682 3727 3826
f 3790 3754 3826
f 3754 3707 3826
f 3882 3755 3615
f 3936 3794 3795
f 3978 3797 3730
f 3798 3661 3770
f 3816 3830 3770
f 3734 3800 3756
f 3711 3735 3831
f 3775 3665 3777
f 3665 3736 3777
f 3819 3759 3778
f 3759 3801 3760
f 3803 3689 3760
f 3689 3803 3804
f 3715 3761 3802
f 3761 3717 3839
f 3839 3717 3779
f 3804 3854 3737
f 3737 3854 3762
f 3718 3692 3895
f 3895 3692 3821
f 3694 3876 3719
f 3842 3782 3720
f 3843 3805 3741
f 3822 3630 3783
f 3822 3823 3631
f 3823 3878 3675
f 3675 3878 3844
f 3765 3845 3807
f 3744 3785 3766
f 3808 3785 3786
f 3808 3745 3785
f 3746 3917 3845
f 3747 3810 3748
f 3746 3750 3917
f 3681 3824 3723
f 3751 3723 3811
f 3811 3812 3724
f 3847 3787 3703
f 3788 3724 3813
f 3752 3767 3847
f 3728 3614 3827
f 3638 3707 3754
f 3791 3638 3754
f 3793 3708 3858
f 3615 3729 3901
f 3793 3859 3709
f 3795 3660 3862
f 3660 3769 3862
f 3797 3863 3730
f 3904 3641 3798
f 3588 3798 3641
f 3798 3770 3830
f 3938 3865 3662
f 3817 3938 3662
f 3771 3831 3817
f 3771 3711 3831
f 3829 3772 3800
f 3833 3835 3618
f 3819 3801 3759
f 3801 3803 3760
f 3802 3761 3838
f 3762 3854 3780
f 3720 3782 3783
f 3545 3844 3855
f 3764 3698 3807
f 3879 3744 3784
f 3747 3808 3809
f 3722 3748 3810
f 3723 3824 3918
f 3723 3918 3856
f 3789 3788 3813
f 3814 3789 3813
f 3881 3847 3767
f 3789 3814 3768
f 3825 3728 3881
f 3708 3792 3828
f 3901 3729 3860
f 3729 3794 3860
f 3732 3863 3885
f 3731 3710 3851
f 3710 3864 3851
f 3733 3732 3886
f 3864 3641 3904
f 3921 3830 3816
f 3829 3800 3734
f 3830 3799 3798
f 3735 3887 3831
f 3887 3735 3772
f 3852 3712 3940
f 3595 3941 3713
f 3922 3595 3775
f 3777 3736 3834
f 3778 3618 3835
f 3835 3836 3778
f 3819 3867 3801
f 3837 3834 3736
f 3736 3802 3837
f 3801 3870 3803
f 3837 3802 3838
f 3761 3839 3838
f 3895 3931 3718
f 3820 3718 3931
f 3719 3875 3740
f 3671 3877 3781
f 3822 3948 3823
f 3806 3651 3916
f 3651 3764 3916
f 3823 3948 3878
f 3916 3764 3807
f 3786 3809 3808
f 3880 3917 3750
f 3787 3934 3880
f 3812 3813 3724
f 3825 3881 3767
f 3768 3814 3826
f 3826 3814 3815
f 3881 3728 3857
f 3728 3827 3857
f 3754 3990 3849
f 3754 3849 3791
f 3828 3858 3708
f 3858 3859 3793
f 3709 3859 3976
f 3936 3860 3794
f 3734 3733 3886
f 3816 3902 3921
f 3865 3902 3816
f 3829 3887 3772
f 3712 3758 3940
f 3773 3713 3957
f 3758 3773 3957
f 3941 3595 3922
f 3891 3777 3834
f 3836 3892 3778
f 3870 3912 3803
f 3803 3912 3804
f 3804 3912 3854
f 3854 3841 3780
f 3928 3779 3840
f 3779 3820 3840
f 3840 3820 3931
f 3780 3841 3739
f 3740 3875 3945
f 3781 3877 3842
f 3843 3932 3805
f 3879 3785 3744
f 3786 3785 3846
f 3810 3809 3898
f 3809 3810 3747
f 3811 3723 3856
f 3787 3847 3934
f 3812 3900 3813
f 3813 3848 3814
f 3990 3754 3790
f 3828 3791 3849
f 3659 3883 3861
f 3769 3796 3862
f 3796 3731 3979
f 3850 3979 3731
f 3851 3850 3731
f 3888 3798 3799
f 3941 3957 3713
f 3688 3852 3774
f 3775 3832 3922
f 3832 3775 3777
f 3890 3818 3866
f 3907 3833 3818
f 3834 3837 3868
f 3837 3838 3853
f 3839 3779 3928
f 3841 3874 3739
f 3874 3671 3739
f 3877 3671 3874
f 3842 3947 3782
f 4023 3843 3806
f 3896 4023 3806
f 3783 3915 3822
f 3897 3896 3806
f 3806 3916 3897
f 3807 3933 3916
f 3855 3879 3784
f 3879 3846 3785
f 3899 3824 3722
f 3918 3824 3899
f 3812 3811 3856
f 3882 3827 3755
f 3883 3709 3976
f 3920 3886 3732
f 3734 3886 3829
f 3886 3887 3829
f 3903 3817 3831
f 3888 3904 3798
f 3758 3889 3940
f 3889 3758 3957
f 3905 3774 3852
f 3832 3777 3906
f 3777 3891 3906
f 3907 3835 3833
f 3835 3961 3836
f 3893 3778 3892
f 3893 3819 3778
f 3867 3894 3801
f 3801 3894 3870
f 3868 3837 3869
f 3837 3853 3869
f 3853 3838 3871
f 3872 3854 3912
f 3854 3872 3841
f 3872 3874 3841
f 3719 3876 3875
f 3877 3947 3842
f 3783 3782 3915
f 3878 3948 4026
f 3845 3933 3807
f 3845 3917 3933
f 3809 3949 3898
f 3899 3810 3898
f 3810 3899 3722
f 3934 3847 4028
f 3900 3848 3813
f 4028 3847 3881
f 3814 3950 3815
f 3790 3826 3815
f 3827 3882 3857
f 3901 3860 3952
f 3795 3862 3936
f 3831 3887 3903
f 3902 4069 3921
f 3865 3938 3902
f 3817 3903 3938
f 3905 3776 3774
f 3866 3776 3890
f 3893 3924 3819
f 3819 3924 3867
f 3834 3923 3891
f 3834 3868 3923
f 3894 3867 3924
f 3926 3870 3894
f 3911 3912 3870
f 3871 3838 3927
f 3839 3927 3838
f 3928 3927 3839
f 3944 3873 3945
f 3877 3874 3913
f 3822 3915 4051
f 3973 3879 3855
f 3786 3949 3809
f 3846 3949 3786
f 3880 3975 3917
f 3880 3934 4079
f 3900 3812 3856
f 3881 3857 3935
f 3860 3936 3977
f 3992 4032 3861
f 3861 4032 3978
f 3796 3884 3862
f 3979 3850 3919
f 3830 3939 3799
f 3956 3888 3799
f 3922 3832 3906
f 3926 3894 3924
f 3923 3868 3910
f 3868 3869 3910
f 3869 3853 3925
f 3925 3853 3871
f 3870 3926 3911
f 3928 3840 3930
f 3930 3840 3931
f 3985 3821 3873
f 3872 3913 3874
f 3805 3932 3876
f 4023 3932 3843
f 3822 4051 4052
f 3822 4052 3948
f 3844 3973 3855
f 4027 3916 3972
f 3975 3880 4079
f 3856 3918 4109
f 3900 3856 4109
f 4109 4056 3900
f 4028 3881 3935
f 4030 3857 3882
f 3901 3882 3615
f 3858 3991 3859
f 3976 4179 3883
f 3978 4062 3797
f 3796 3979 3884
f 3797 3937 3863
f 3863 3937 3885
f 3885 3920 3732
f 3851 3864 3954
f 3902 4068 4069
f 3864 3904 3993
f 3830 3921 3939
f 3939 3956 3799
f 3905 3942 3776
f 3890 3776 3942
f 3818 3890 3907
f 3891 3959 3906
f 3907 3961 3835
f 3923 3960 3891
f 3908 3893 3892
f 3893 3908 3924
f 3924 3908 3909
f 3924 3909 3967
f 3969 3924 3967
f 3926 3924 3969
f 3911 3970 3912
f 3929 3912 3970
f 3912 3929 3872
f 3929 3913 3872
f 3987 3985 3873
f 3873 3944 3987
f 3945 3875 3944
f 3946 3877 3913
f 3947 4050 3782
f 4050 3915 3782
f 4024 4023 3896
f 3897 3916 4027
f 3844 3878 4078
f 3844 4078 3973
f 3972 3916 3933
f 3917 3975 3933
f 3950 4057 3815
f 3857 4030 3935
f 3828 3849 3951
f 4131 3882 3901
f 3883 3992 3861
f 3936 3862 4063
f 3886 3920 4087
f 3886 4087 3887
f 3902 3938 4068
f 3864 3993 3954
f 4069 3955 3921
f 3955 3939 3921
f 3852 3980 3905
f 4035 3941 3922
f 3922 3906 4092
f 3890 3943 3907
f 3891 3960 3959
f 3943 3961 3907
f 3908 3892 3998
f 3892 4094 3998
f 3923 3964 3960
f 3967 3909 3965
f 3910 3964 3923
f 3968 3910 3869
f 3925 3968 3869
f 3925 3871 4015
f 4015 3871 3927
f 3931 3895 3984
f 3821 4047 3895
f 3875 3876 4197
f 3946 3947 3877
f 4052 4026 3948
f 4026 4078 3878
f 3972 3933 3974
f 3974 3933 3988
f 3898 3949 3899
f 3900 4056 3848
f 3848 3950 3814
f 3989 4028 3935
f 3882 4131 4030
f 3858 3828 3991
f 3860 3977 3952
f 4179 3992 3883
f 3978 4032 4061
f 3862 3884 4063
f 3953 3850 3851
f 3953 3851 3954
f 3887 4087 3903
f 4140 3957 3941
f 4092 4035 3922
f 3958 3981 3995
f 3836 4094 3892
f 3962 3960 3964
f 3962 3908 3963
f 3908 3998 3963
f 3962 3964 3965
f 3908 3962 3965
f 3908 3965 3909
f 3965 3964 3966
f 3964 3910 3966
f 3968 3966 3910
f 3967 4006 3969
f 3925 4015 4009
f 4014 3926 3969
f 3926 4014 3911
f 3929 3970 4018
f 3927 3928 4046
f 3930 3931 3971
f 3821 3985 4047
f 3987 3986 3985
f 4048 3987 3944
f 3929 4126 3913
f 3875 4076 3944
f 4027 3972 4053
f 4054 3879 3973
f 3879 4054 3846
f 3988 3933 3975
f 3935 4030 4058
f 3859 4059 3976
f 4179 3976 4059
f 3979 4085 3884
f 3953 3919 3850
f 3957 4140 3889
f 4035 4140 3941
f 3981 3982 3996
f 3958 3983 3981
f 3906 3959 4092
f 3982 3981 3983
f 3958 3999 3983
f 3983 3997 3982
f 3997 3983 4000
f 3965 3966 4007
f 4007 4006 3965
f 3967 3965 4006
f 4009 3966 3968
f 3968 3925 4009
f 4003 4010 4008
f 4041 4010 4003
f 3911 4014 3970
f 4046 4015 3927
f 4046 3928 3930
f 4019 3986 4020
f 4021 3986 4019
f 4021 3985 3986
f 4022 3985 4021
f 4047 3985 4022
f 4076 4048 3944
f 4126 4049 3913
f 3913 4049 3946
f 3914 4197 3876
f 3914 3876 3932
f 3915 4050 4051
f 3897 4025 3896
f 4110 4079 3934
f 4028 4110 3934
f 3848 4056 3950
f 3989 3935 4058
f 3849 4029 3951
f 3991 3828 3951
f 3952 4132 3901
f 4227 3952 3977
f 4032 3992 4031
f 3936 4063 4060
f 3919 4085 3979
f 4085 3919 4161
f 4033 4087 3920
f 3903 4089 3938
f 3954 3993 4261
f 3888 3993 3904
f 3852 3940 4034
f 3852 4034 3980
f 3940 3889 4070
f 4071 3942 3905
f 3994 4116 3995
f 3994 3981 3996
f 3995 3981 3994
f 3996 3982 4091
f 3890 4142 3943
f 3997 4091 3982
f 4143 3959 3962
f 3962 3959 3960
f 3943 4036 3961
f 3998 4038 3963
f 3961 4037 3836
f 3999 4000 3983
f 3999 4001 4000
f 4001 4039 4000
f 4002 4003 4004
f 4006 4007 4005
f 4097 4004 4008
f 4009 4007 3966
f 4003 4008 4004
f 4006 4011 3969
f 4007 4009 4043
f 4042 4012 4041
f 4013 4043 4009
f 4012 4010 4041
f 3969 4011 4014
f 4008 4044 4097
f 4008 4010 4044
f 4009 4015 4013
f 4012 4016 4010
f 4016 4020 4010
f 4010 4020 4044
f 4044 4020 4074
f 4018 4014 4017
f 4014 4018 3970
f 4045 4074 4020
f 4019 4020 4016
f 4012 4019 4016
f 4021 4012 4103
f 4012 4021 4019
f 4020 3986 4045
f 4125 3929 4018
f 3931 3984 3971
f 3986 3987 4045
f 4047 4075 3895
f 4048 4045 3987
f 4104 3932 4023
f 4024 3896 4025
f 4077 4025 3897
f 4027 4077 3897
f 3974 4053 3972
f 4056 4206 3950
f 3790 4207 3990
f 3990 4029 3849
f 3977 3936 4208
f 4080 4032 4031
f 4032 4080 4061
f 4060 4063 4180
f 4061 4062 3978
f 4033 3920 3885
f 3919 3953 4161
f 4067 4065 4086
f 4088 4065 4067
f 4089 4068 3938
f 4190 3939 3955
f 3956 4165 3888
f 3994 4090 4116
f 4035 4280 4140
f 3905 3980 4071
f 4139 3994 3996
f 4139 3996 4117
f 4264 3958 3995
f 3942 4118 3890
f 4092 3959 4217
f 3890 4118 4142
f 4167 3958 4093
f 3999 3958 4167
f 3963 4309 4143
f 3963 4143 3962
f 3836 4120 4094
f 4121 4091 3997
f 4072 4001 3999
f 4095 3997 4000
f 4039 4095 4000
f 4073 4095 4039
f 4001 4002 4039
f 4002 4004 4039
f 4004 4073 4039
f 4040 4003 4002
f 4003 4040 4041
f 4040 4096 4041
f 4097 4073 4004
f 4096 4042 4041
f 4006 4005 4099
f 4005 4007 4043
f 4011 4006 4102
f 4102 4006 4099
f 4014 4011 4017
f 4103 4012 4042
f 4015 4046 4013
f 4103 4022 4021
f 4046 3930 4150
f 4045 4100 4074
f 4022 4124 4047
f 3895 4075 3984
f 4048 4100 4045
f 4126 3929 4125
f 4048 4076 4172
f 3875 4196 4076
f 3875 4197 4196
f 3932 4246 3914
f 4052 4155 4026
f 4155 4078 4026
f 3988 3975 4055
f 3846 4158 3949
f 3949 4159 3899
f 3899 4159 3918
f 4055 3975 4079
f 4128 4056 4109
f 4207 3790 3815
f 4029 4129 3951
f 3951 4111 3991
f 3901 4132 4131
f 3991 4059 3859
f 4179 4326 4112
f 4112 3992 4179
f 4080 4082 4061
f 4061 4082 4062
f 4086 4064 4067
f 4067 4064 4066
f 4067 4115 4088
f 4066 4115 4067
f 3953 3954 4236
f 3993 3888 4189
f 4165 4189 3888
f 3939 4138 3956
f 3889 4307 4070
f 3995 4116 4264
f 4071 4118 3942
f 4035 4092 4217
f 4117 3996 4091
f 4144 4119 4091
f 4143 4217 3959
f 4037 4120 3836
f 4072 3999 4167
f 4121 3997 4095
f 4001 4072 4040
f 4001 4040 4002
f 4042 4096 4147
f 4123 4097 4044
f 4043 4013 4101
f 4044 4074 4123
f 4011 4170 4017
f 4013 4046 4101
f 4018 4017 4149
f 4149 4151 4018
f 4124 4022 4220
f 4150 3930 3971
f 4125 4018 4151
f 4172 4100 4048
f 4174 3947 3946
f 4246 3932 4314
f 3947 4153 4050
f 4023 4024 4104
f 4051 4199 4052
f 4027 4053 4077
f 4107 3974 3988
f 3949 4158 4159
f 4159 4109 3918
f 3989 4110 4028
f 3951 4129 4111
f 4030 4131 4058
f 4059 4349 4179
f 4080 4081 4082
f 4062 3937 3797
f 4063 3884 4209
f 3885 3937 4211
f 4136 4064 4083
f 4084 4083 4064
f 4086 4084 4064
f 4086 4065 4185
f 4066 4064 4114
f 4089 3903 4087
f 4068 4089 4137
f 3953 4236 4161
f 3955 4069 4164
f 4261 4236 3954
f 3955 4164 4190
f 4138 4165 3956
f 3940 4070 4034
f 3958 4264 4093
f 4142 4036 3943
f 3961 4036 4037
f 4309 3963 4038
f 3998 4094 4038
f 4121 4144 4091
f 4040 4072 4145
f 4146 4121 4095
f 4095 4073 4146
f 4040 4145 4096
f 4073 4097 4146
f 4169 4146 4097
f 4123 4169 4097
f 4042 4147 4098
f 4005 4043 4099
f 4103 4042 4098
f 4099 4043 4101
f 4074 4100 4123
f 4103 4098 4220
f 4046 4150 4101
f 4022 4103 4220
f 4124 4075 4047
f 4174 4153 3947
f 3932 4104 4314
f 4105 4024 4025
f 4025 4077 4221
f 4155 4106 4078
f 4106 4156 4078
f 4078 4156 3973
f 4176 4053 3974
f 3973 4156 4127
f 3973 4127 4108
f 3973 4108 4054
f 3988 4055 4107
f 4055 4079 4178
f 4079 4110 4178
f 4128 4224 4056
f 4056 4224 4206
f 3989 4058 4160
f 4082 4229 4062
f 4085 4209 3884
f 4209 4085 4212
f 3885 4211 4033
f 4113 4183 4083
f 4083 4183 4136
f 4083 4084 4113
f 4086 4184 4084
f 4136 4114 4064
f 4068 4137 4069
f 4137 4164 4069
f 4066 4114 4115
f 4115 4114 4163
f 3993 4189 4261
f 3889 4398 4307
f 3994 4279 4090
f 4117 4091 4119
f 4167 4191 4072
f 4145 4072 4191
f 4145 4122 4096
f 4096 4122 4147
f 4011 4102 4170
f 4100 4172 4171
f 3971 4173 4150
f 4196 4172 4076
f 4174 3946 4049
f 4246 4197 3914
f 4050 4271 4051
f 4104 4024 4105
f 4077 4053 4200
f 4176 4200 4053
f 4156 4202 4127
f 4176 3974 4107
f 4108 4127 4157
f 4108 4158 4054
f 3846 4054 4158
f 4107 4055 4177
f 4177 4055 4205
f 4205 4055 4178
f 4159 4128 4109
f 4295 4224 4128
f 4057 3950 4206
f 4207 3815 4057
f 4207 4296 3990
f 4207 4483 4296
f 3990 4296 4029
f 3991 4297 4059
f 4131 4132 4252
f 3977 4208 4227
f 3992 4133 4031
f 4133 4228 4031
f 3936 4060 4208
f 4063 4209 4180
f 3937 4062 4134
f 4135 4183 4113
f 4183 4182 4136
f 4136 4182 4233
f 4086 4185 4184
f 4033 4231 4087
f 4065 4162 4185
f 4088 4162 4065
f 4089 4087 4254
f 4136 4233 4114
f 4163 4215 4115
f 4216 4163 4114
f 4138 3939 4190
f 4070 4262 4034
f 3980 4034 4166
f 3980 4166 4071
f 4239 4118 4071
f 4239 4141 4118
f 4118 4141 4142
f 4093 4333 4167
f 4218 4120 4037
f 4120 4283 4094
f 4145 4191 4241
f 4121 4168 4144
f 4168 4121 4146
f 4219 4169 4123
f 4147 4192 4098
f 4219 4123 4100
f 4099 4148 4102
f 4101 4193 4099
f 4148 4099 4193
f 4102 4148 4170
f 4170 4149 4017
f 4285 4124 4220
f 4101 4150 4193
f 3971 3984 4311
f 4126 4125 4152
f 4104 4154 4314
f 4104 4105 4154
f 4052 4199 4155
f 4155 4175 4106
f 4127 4202 4204
f 4127 4204 4157
f 4157 4158 4108
f 4029 4296 4130
f 4130 4129 4029
f 4130 4111 4129
f 4031 4081 4080
f 4229 4082 4081
f 4113 4213 4135
f 4233 4182 4214
f 4113 4084 4213
f 4212 4085 4161
f 4084 4184 4213
f 4162 4088 4257
f 4089 4253 4137
f 4088 4115 4257
f 4137 4234 4164
f 4233 4216 4114
f 4215 4257 4115
f 4376 4279 3994
f 4376 3994 4139
f 4093 4264 4430
f 4071 4266 4239
f 4280 4217 4331
f 4035 4217 4280
f 4142 4141 4036
f 4333 4267 4167
f 4036 4218 4037
f 4267 4191 4167
f 4168 4146 4269
f 4242 4122 4145
f 4122 4192 4147
f 4269 4146 4169
f 4192 4244 4098
f 4220 4098 4244
f 4171 4219 4100
f 4193 4150 4173
f 4075 4287 3984
f 4125 4151 4152
f 4051 4198 4199
f 4077 4200 4221
f 4175 4201 4106
f 4106 4201 4156
f 4202 4156 4201
f 4158 4292 4159
f 4159 4294 4128
f 4342 4178 4110
f 4110 3989 4275
f 4058 4251 4160
f 4132 4325 4252
f 4132 3952 4325
f 4349 4226 4179
f 4326 4418 4112
f 4133 3992 4112
f 4135 4210 4181
f 4181 4183 4135
f 4183 4181 4182
f 4327 4135 4213
f 4087 4231 4254
f 4186 4185 4162
f 4187 4186 4162
f 4186 4187 4137
f 4137 4253 4186
f 4137 4187 4234
f 4216 4258 4188
f 4163 4216 4188
f 4189 4165 4237
f 4237 4165 4138
f 4090 4279 4449
f 3889 4140 4398
f 4071 4166 4266
f 4144 4238 4119
f 4282 4218 4036
f 4038 4334 4309
f 4218 4240 4120
f 4238 4144 4168
f 4219 4270 4169
f 4124 4285 4075
f 3984 4287 4311
f 4194 4193 4195
f 4148 4193 4194
f 4193 4173 4195
f 4170 4148 4194
f 4149 4170 4194
f 4194 4151 4149
f 4197 4246 4196
f 4153 4271 4050
f 4271 4198 4051
f 4221 4105 4025
f 4155 4199 4222
f 4175 4155 4222
f 4175 4247 4201
f 4247 4203 4201
f 4201 4203 4202
f 4204 4202 4203
f 4341 4176 4107
f 4341 4107 4177
f 4342 4110 4275
f 3989 4160 4275
f 4321 4206 4224
f 4111 4130 4250
f 4252 4058 4131
f 4059 4297 4349
f 4133 4112 4418
f 4135 4327 4210
f 4182 4181 4230
f 4214 4182 4230
f 4161 4232 4212
f 4253 4089 4254
f 4234 4187 4162
f 4257 4234 4162
f 4161 4236 4232
f 4234 4235 4164
f 4188 4215 4163
f 4235 4260 4164
f 4278 4188 4258
f 4236 4261 4259
f 4116 4090 4397
f 4139 4450 4376
f 4034 4262 4166
f 4117 4263 4139
f 4117 4119 4263
f 4141 4282 4036
f 4283 4120 4240
f 4334 4038 4094
f 4267 4335 4191
f 4191 4335 4241
f 4145 4241 4242
f 4192 4122 4242
f 4169 4270 4269
f 4310 4244 4192
f 3971 4311 4173
f 4194 4195 4245
f 4245 4152 4194
f 4151 4194 4152
f 4356 4172 4196
f 4105 4221 4272
f 4199 4198 4274
f 4222 4199 4274
f 4222 4289 4175
f 4439 4221 4200
f 4289 4247 4175
f 4204 4203 4223
f 4223 4157 4204
f 4158 4157 4248
f 4290 4177 4205
f 4178 4342 4205
f 4224 4295 4318
f 4160 4249 4275
f 4345 4207 4057
f 4160 4251 4249
f 3991 4111 4225
f 4225 4297 3991
f 4179 4226 4326
f 4031 4228 4298
f 4031 4298 4081
f 4062 4229 4134
f 4185 4186 4300
f 4186 4253 4300
f 4234 4257 4235
f 4258 4216 4256
f 4260 4190 4164
f 4190 4304 4138
f 4189 4237 4261
f 4090 4531 4397
f 4398 4140 4375
f 4238 4263 4119
f 4218 4308 4240
f 4282 4308 4218
f 4269 4336 4168
f 4242 4310 4192
f 4243 4270 4219
f 4220 4244 4285
f 4243 4219 4171
f 4075 4285 4287
f 4171 4172 4286
f 4286 4172 4356
f 4126 4152 4405
f 4405 4049 4126
f 4154 4105 4272
f 4198 4273 4274
f 4247 4382 4203
f 4203 4317 4223
f 4292 4158 4248
f 4205 4342 4293
f 4294 4159 4292
f 4128 4294 4295
f 4318 4319 4224
f 4359 4275 4249
f 4224 4319 4321
f 4251 4058 4464
f 4058 4252 4464
f 3952 4227 4325
f 4365 4081 4298
f 4365 4229 4081
f 4180 4209 4370
f 4134 4420 3937
f 4420 4211 3937
f 4230 4255 4214
f 4233 4214 4255
f 4256 4233 4255
f 4233 4256 4216
f 4215 4235 4257
f 4232 4236 4259
f 4235 4302 4260
f 4352 4258 4256
f 4260 4302 4330
f 4278 4258 4352
f 4260 4304 4190
f 4138 4306 4237
f 4090 4449 4531
f 4070 4332 4262
f 4139 4263 4450
f 4166 4262 4265
f 4166 4265 4266
f 4377 4331 4217
f 4455 4283 4240
f 4238 4168 4336
f 4268 4242 4241
f 4243 4171 4286
f 4195 4173 4496
f 4245 4195 4496
f 4152 4245 4312
f 4356 4196 4404
f 4246 4406 4196
f 4406 4246 4313
f 4407 4174 4049
f 4313 4246 4314
f 4153 4288 4271
f 4271 4273 4198
f 4272 4221 4439
f 4274 4289 4222
f 4289 4382 4247
f 4223 4317 4291
f 4223 4291 4157
f 4291 4248 4157
f 4206 4416 4057
f 4389 4227 4208
f 4418 4364 4133
f 4364 4228 4133
f 4370 4276 4180
f 4210 4327 4350
f 4209 4212 4328
f 4211 4277 4033
f 4277 4231 4033
f 4184 4185 4300
f 4302 4235 4215
f 4215 4303 4302
f 4303 4215 4188
f 4303 4188 4278
f 4278 4352 4329
f 4261 4237 4305
f 4306 4138 4304
f 4332 4070 4307
f 4375 4140 4280
f 4263 4238 4355
f 4266 4281 4239
f 4281 4141 4239
f 4141 4281 4282
f 4217 4143 4377
f 4453 4489 4333
f 4455 4240 4308
f 4267 4354 4335
f 4335 4338 4241
f 4241 4338 4268
f 4336 4269 4337
f 4269 4270 4337
f 4312 4405 4152
f 4174 4407 4153
f 4381 4154 4272
f 4273 4271 4315
f 4200 4176 4341
f 4384 4290 4205
f 4384 4205 4293
f 4357 4292 4248
f 4415 4342 4275
f 4275 4359 4415
f 4318 4295 4442
f 4416 4344 4057
f 4206 4321 4416
f 4207 4543 4483
f 4319 4320 4321
f 4359 4249 4343
f 4322 4343 4249
f 4324 4322 4249
f 4251 4324 4249
f 4347 4250 4130
f 4349 4417 4226
f 4060 4389 4208
f 4209 4328 4370
f 4181 4299 4230
f 4181 4210 4299
f 4487 4213 4184
f 4255 4230 4299
f 4299 4301 4255
f 4212 4232 4328
f 4256 4255 4301
f 4301 4352 4256
f 4303 4330 4302
f 4304 4260 4330
f 4259 4261 4305
f 4306 4305 4237
f 4116 4397 4451
f 4265 4281 4266
f 4282 4281 4308
f 4333 4490 4267
f 4268 4339 4242
f 4339 4310 4242
f 4310 4284 4244
f 4244 4340 4285
f 4496 4173 4311
f 4288 4153 4407
f 4315 4288 4380
f 4288 4315 4271
f 4315 4316 4273
f 4274 4411 4289
f 4382 4460 4203
f 4203 4460 4317
f 4292 4357 4358
f 4358 4294 4292
f 4130 4296 4347
f 4250 4347 4323
f 4225 4250 4323
f 4111 4250 4225
f 4325 4348 4252
f 4297 4527 4349
f 4527 4417 4349
f 4060 4180 4276
f 4370 4368 4276
f 4350 4299 4210
f 4327 4213 4369
f 4487 4184 4300
f 4253 4254 4372
f 4328 4232 4351
f 4353 4330 4303
f 4303 4278 4353
f 4353 4278 4374
f 4278 4329 4374
f 4305 4306 4428
f 4264 4116 4451
f 4331 4375 4280
f 4264 4451 4430
f 4265 4262 4399
f 4238 4336 4355
f 4333 4489 4490
f 4490 4354 4267
f 4094 4283 4431
f 4337 4270 4402
f 4243 4402 4270
f 4284 4340 4244
f 4245 4496 4458
f 4245 4458 4312
f 4196 4406 4404
f 4405 4479 4049
f 4479 4407 4049
f 4313 4314 4408
f 4411 4273 4316
f 4274 4273 4411
f 4459 4200 4341
f 4341 4413 4412
f 4248 4440 4357
f 4294 4386 4295
f 4386 4442 4295
f 4345 4543 4207
f 4321 4320 4416
f 4318 4362 4319
f 4319 4362 4387
f 4320 4319 4387
f 4296 4346 4347
f 4251 4464 4324
f 4226 4663 4326
f 4229 4365 4467
f 4060 4276 4366
f 4366 4276 4367
f 4367 4276 4368
f 4392 4368 4370
f 4391 4350 4421
f 4327 4369 4350
f 4211 4420 4468
f 4468 4277 4211
f 4328 4424 4370
f 4213 4487 4369
f 4444 4231 4277
f 4300 4253 4372
f 4469 4254 4231
f 4299 4373 4301
f 4301 4426 4352
f 4426 4447 4352
f 4259 4351 4232
f 4330 4353 4304
f 4394 4304 4353
f 4259 4305 4395
f 4306 4304 4428
f 4305 4428 4396
f 4307 4398 4332
f 4475 4450 4263
f 4475 4263 4355
f 4308 4281 4454
f 4455 4308 4454
f 4309 4476 4143
f 4309 4334 4476
f 4094 4431 4334
f 4354 4513 4335
f 4355 4336 4400
f 4335 4513 4338
f 4400 4336 4337
f 4400 4337 4401
f 4401 4337 4402
f 4285 4340 4403
f 4287 4285 4403
f 4287 4403 4311
f 4311 4537 4496
f 4286 4356 4379
f 4314 4154 4381
f 4380 4410 4315
f 4410 4316 4315
f 4411 4382 4289
f 4439 4200 4459
f 4341 4177 4413
f 4177 4290 4413
f 4293 4342 4385
f 4415 4385 4342
f 4360 4359 4343
f 4318 4442 4443
f 4587 4344 4416
f 4443 4361 4318
f 4318 4361 4362
f 4361 4343 4363
f 4361 4363 4362
f 4363 4343 4322
f 4362 4363 4387
f 4388 4387 4363
f 4363 4322 4388
f 4324 4388 4322
f 4547 4325 4227
f 4364 4390 4228
f 4389 4060 4504
f 4060 4366 4504
f 4228 4466 4298
f 4419 4229 4467
f 4134 4229 4419
f 4367 4368 4421
f 4421 4368 4391
f 4421 4350 4369
f 4392 4391 4368
f 4350 4391 4299
f 4299 4391 4371
f 4487 4300 4372
f 4444 4469 4231
f 4299 4371 4393
f 4393 4373 4299
f 4373 4426 4301
f 4329 4352 4447
f 4329 4447 4374
f 4374 4394 4353
f 4259 4395 4351
f 4304 4394 4428
f 4305 4396 4395
f 4262 4332 4399
f 4510 4331 4377
f 4453 4333 4430
f 4333 4093 4430
f 4143 4476 4377
f 4334 4431 4476
f 4283 4455 4431
f 4268 4457 4339
f 4378 4310 4339
f 4310 4378 4284
f 4402 4243 4478
f 4243 4286 4379
f 4403 4537 4311
f 4408 4406 4313
f 4407 4380 4288
f 4314 4381 4408
f 4480 4316 4410
f 4460 4461 4317
f 4290 4383 4413
f 4383 4290 4384
f 4357 4522 4358
f 4358 4414 4294
f 4414 4386 4294
f 4415 4359 4360
f 4057 4344 4345
f 4561 4320 4387
f 4346 4525 4347
f 4526 4503 4225
f 4225 4503 4297
f 4464 4630 4324
f 4252 4348 4464
f 4227 4389 4547
f 4418 4326 4465
f 4466 4228 4390
f 4298 4466 4365
f 4366 4367 4505
f 4506 4468 4420
f 4391 4392 4371
f 4422 4392 4370
f 4370 4424 4422
f 4445 4422 4424
f 4423 4393 4371
f 4373 4393 4425
f 4328 4427 4424
f 4373 4425 4426
f 4351 4427 4328
f 4447 4394 4374
f 4279 4376 4449
f 4398 4474 4332
f 4331 4429 4375
f 4332 4474 4399
f 4488 4265 4399
f 4265 4488 4281
f 4281 4488 4454
f 4355 4400 4433
f 4513 4432 4338
f 4338 4457 4268
f 4457 4378 4339
f 4379 4478 4243
f 4379 4356 4436
f 4436 4356 4404
f 4407 4437 4380
f 4437 4409 4380
f 4380 4409 4410
f 4459 4341 4412
f 4542 4461 4460
f 4317 4461 4291
f 4520 4248 4291
f 4248 4520 4440
f 4385 4384 4293
f 4357 4440 4522
f 4522 4414 4358
f 4442 4386 4482
f 4343 4441 4360
f 4296 4483 4346
f 4483 4545 4346
f 4545 4525 4346
f 4525 4546 4347
f 4546 4323 4347
f 4388 4324 4630
f 4417 4663 4226
f 4465 4364 4418
f 4506 4134 4419
f 4420 4134 4506
f 4371 4392 4422
f 4372 4254 4469
f 4423 4422 4445
f 4371 4422 4423
f 4393 4423 4445
f 4425 4393 4445
f 4396 4428 4471
f 4531 4449 4642
f 4449 4376 4473
f 4398 4375 4429
f 4450 4473 4376
f 4491 4354 4490
f 4354 4535 4513
f 4456 4433 4400
f 4338 4432 4457
f 4400 4401 4456
f 4401 4402 4434
f 4284 4378 4495
f 4495 4340 4284
f 4435 4403 4340
f 4405 4497 4479
f 4406 4408 4518
f 4479 4498 4407
f 4498 4437 4407
f 4381 4272 4438
f 4438 4272 4439
f 4411 4499 4382
f 4360 4385 4415
f 4414 4482 4386
f 4442 4502 4443
f 4361 4441 4343
f 4387 4648 4561
f 4323 4526 4225
f 4527 4297 4503
f 4464 4348 4528
f 4348 4325 4547
f 4465 4326 4664
f 4390 4364 4465
f 4485 4389 4504
f 4466 4548 4365
f 4548 4467 4365
f 4567 4505 4367
f 4530 4567 4367
f 4421 4530 4367
f 4421 4508 4530
f 4421 4369 4508
f 4487 4508 4369
f 4277 4468 4444
f 4372 4570 4487
f 4445 4424 4446
f 4425 4445 4446
f 4427 4446 4424
f 4425 4446 4426
f 4446 4448 4426
f 4448 4446 4427
f 4426 4448 4447
f 4427 4351 4470
f 4447 4448 4394
f 4351 4395 4470
f 4394 4448 4471
f 4395 4396 4470
f 4394 4471 4428
f 4397 4531 4571
f 4474 4398 4429
f 4451 4591 4430
f 4475 4355 4452
f 4453 4430 4651
f 4377 4476 4510
f 4378 4457 4493
f 4434 4402 4478
f 4495 4378 4493
f 4403 4435 4537
f 4312 4458 4539
f 4405 4312 4539
f 4405 4539 4497
f 4404 4406 4518
f 4541 4410 4409
f 4316 4558 4411
f 4480 4558 4316
f 4558 4499 4411
f 4438 4439 4459
f 4559 4460 4382
f 4500 4412 4413
f 4500 4413 4383
f 4291 4461 4560
f 4520 4291 4560
f 4462 4385 4360
f 4414 4524 4482
f 4482 4502 4442
f 4463 4441 4361
f 4502 4361 4443
f 4416 4561 4587
f 4561 4416 4320
f 4544 4545 4483
f 4388 4648 4387
f 4630 4648 4388
f 4323 4546 4526
f 4547 4389 4485
f 4390 4465 4564
f 4486 4419 4467
f 4469 4444 4509
f 4470 4448 4427
f 4448 4470 4471
f 4396 4471 4470
f 4451 4397 4571
f 4472 4473 4450
f 4355 4433 4452
f 4431 4511 4476
f 4431 4455 4511
f 4455 4454 4511
f 4477 4490 4489
f 4354 4491 4535
f 4457 4432 4514
f 4456 4401 4492
f 4457 4514 4493
f 4492 4401 4434
f 4478 4379 4517
f 4517 4379 4436
f 4408 4381 4519
f 4541 4480 4410
f 4382 4499 4559
f 4559 4542 4460
f 4461 4542 4481
f 4605 4462 4360
f 4523 4524 4414
f 4524 4501 4482
f 4502 4463 4361
f 4723 4543 4345
f 4630 4464 4484
f 4390 4529 4466
f 4366 4505 4504
f 4451 4571 4591
f 4450 4475 4472
f 4429 4331 4510
f 4476 4533 4510
f 4452 4433 4512
f 4476 4511 4533
f 4490 4672 4491
f 4434 4553 4492
f 4515 4493 4514
f 4434 4478 4494
f 4516 4495 4493
f 4478 4517 4494
f 4340 4495 4435
f 4517 4436 4538
f 4436 4404 4518
f 4540 4479 4497
f 4580 4437 4498
f 4437 4601 4409
f 4602 4381 4438
f 4438 4459 4644
f 4644 4459 4412
f 4481 4560 4461
f 4384 4521 4383
f 4384 4385 4521
f 4385 4462 4521
f 4523 4414 4522
f 4605 4360 4441
f 4482 4501 4502
f 4587 4561 4676
f 4546 4562 4526
f 4326 4663 4664
f 4568 4419 4486
f 4419 4568 4506
f 4506 4507 4468
f 4590 4444 4468
f 4372 4469 4570
f 4570 4469 4509
f 4399 4474 4550
f 4472 4475 4572
f 4475 4452 4572
f 4573 4488 4399
f 4591 4671 4430
f 4651 4430 4671
f 4488 4532 4454
f 4489 4453 4534
f 4489 4534 4477
f 4511 4454 4532
f 4512 4433 4574
f 4433 4492 4574
f 4433 4456 4492
f 4553 4434 4494
f 4515 4516 4493
f 4516 4555 4495
f 4495 4556 4435
f 4496 4622 4458
f 4538 4436 4518
f 4498 4479 4540
f 4601 4541 4409
f 4519 4381 4602
f 4524 4585 4501
f 4648 4630 4800
f 4484 4464 4528
f 4348 4547 4588
f 4390 4564 4529
f 4529 4548 4466
f 4548 4486 4467
f 4570 4508 4487
f 4590 4509 4444
f 4429 4550 4474
f 4573 4399 4550
f 4573 4532 4488
f 4534 4453 4651
f 4532 4533 4511
f 4491 4654 4535
f 4672 4654 4491
f 4535 4611 4513
f 4611 4432 4513
f 4432 4551 4514
f 4492 4553 4552
f 4515 4514 4577
f 4494 4517 4578
f 4495 4555 4556
f 4517 4538 4536
f 4537 4435 4556
f 4496 4537 4622
f 4518 4600 4538
f 4497 4539 4599
f 4497 4599 4540
f 4600 4518 4581
f 4581 4518 4408
f 4580 4498 4540
f 4601 4437 4580
f 4480 4624 4558
f 4559 4481 4542
f 4520 4560 4604
f 4440 4520 4628
f 4657 4522 4440
f 4586 4344 4587
f 4483 4543 4544
f 4588 4528 4348
f 4663 4417 4563
f 4485 4504 4589
f 4564 4608 4529
f 4566 4504 4505
f 4548 4529 4565
f 4548 4565 4486
f 4567 4566 4505
f 4507 4506 4568
f 4507 4590 4468
f 4570 4569 4508
f 4449 4670 4642
f 4449 4473 4670
f 4510 4549 4429
f 4550 4429 4549
f 4572 4452 4512
f 4550 4549 4573
f 4549 4510 4533
f 4549 4533 4532
f 4549 4532 4573
f 4535 4632 4611
f 4551 4432 4611
f 4576 4574 4492
f 4551 4577 4514
f 4492 4552 4576
f 4577 4594 4515
f 4554 4515 4594
f 4516 4515 4554
f 4536 4578 4517
f 4554 4555 4516
f 4536 4538 4557
f 4600 4557 4538
f 4539 4579 4599
f 4558 4625 4499
f 4500 4582 4412
f 4500 4383 4603
f 4603 4383 4521
f 4628 4657 4440
f 4657 4523 4522
f 4584 4501 4585
f 4523 4585 4524
f 4501 4463 4502
f 4345 4344 4586
f 4345 4586 4723
f 4562 4638 4526
f 4526 4638 4503
f 4527 4563 4417
f 4547 4485 4588
f 4608 4565 4529
f 4568 4486 4565
f 4509 4631 4570
f 4574 4592 4512
f 4611 4632 4593
f 4551 4611 4575
f 4553 4595 4552
f 4595 4553 4578
f 4578 4553 4494
f 4554 4596 4555
f 4597 4555 4596
f 4555 4597 4556
f 4458 4579 4539
f 4581 4408 4519
f 4602 4438 4623
f 4558 4624 4625
f 4438 4644 4623
f 4625 4559 4499
f 4644 4412 4582
f 4626 4481 4559
f 4560 4627 4604
f 4628 4520 4604
f 4521 4462 4583
f 4645 4605 4441
f 4463 4645 4441
f 4584 4463 4501
f 4694 4544 4543
f 4545 4606 4525
f 4525 4606 4546
f 4664 4710 4465
f 4465 4710 4564
f 4531 4642 4571
f 4670 4473 4610
f 4473 4472 4610
f 4490 4477 4672
f 4611 4593 4575
f 4613 4574 4576
f 4575 4615 4551
f 4551 4615 4577
f 4552 4613 4576
f 4577 4615 4594
f 4618 4594 4615
f 4618 4554 4594
f 4619 4578 4536
f 4619 4536 4557
f 4537 4556 4636
f 4458 4622 4579
f 4655 4599 4579
f 4625 4626 4559
f 4627 4560 4481
f 4582 4500 4603
f 4603 4521 4583
f 4646 4523 4657
f 4707 4645 4463
f 4707 4463 4584
f 4546 4629 4562
f 4638 4562 4607
f 4503 4661 4527
f 4588 4485 4639
f 4504 4566 4589
f 4608 4677 4565
f 4566 4567 4609
f 4650 4507 4568
f 4567 4530 4508
f 4631 4569 4570
f 4534 4770 4477
f 4633 4592 4574
f 4633 4574 4613
f 4632 4652 4593
f 4612 4593 4652
f 4593 4612 4575
f 4612 4613 4614
f 4575 4612 4614
f 4615 4575 4614
f 4615 4614 4617
f 4616 4613 4552
f 4614 4613 4616
f 4614 4616 4617
f 4552 4595 4616
f 4618 4615 4617
f 4617 4616 4618
f 4619 4616 4595
f 4618 4616 4619
f 4595 4578 4619
f 4618 4619 4620
f 4554 4618 4620
f 4620 4619 4621
f 4620 4621 4634
f 4554 4620 4596
f 4621 4619 4557
f 4620 4634 4596
f 4596 4634 4597
f 4597 4634 4635
f 4597 4636 4556
f 4636 4622 4537
f 4621 4557 4598
f 4557 4600 4598
f 4688 4599 4655
f 4599 4688 4540
f 4541 4601 4690
f 4541 4691 4480
f 4691 4624 4480
f 4462 4692 4583
f 4605 4692 4462
f 4646 4585 4523
f 4606 4629 4546
f 4638 4661 4503
f 4484 4695 4630
f 4485 4589 4639
f 4568 4565 4677
f 4640 4609 4567
f 4640 4567 4508
f 4569 4640 4508
f 4507 4667 4590
f 4652 4633 4612
f 4612 4633 4613
f 4635 4634 4621
f 4635 4621 4637
f 4687 4579 4622
f 4637 4621 4598
f 4581 4598 4600
f 4605 4645 4692
f 4658 4675 4584
f 4585 4658 4584
f 4646 4658 4585
f 4586 4676 4659
f 4694 4543 4723
f 4586 4587 4676
f 4545 4544 4647
f 4545 4647 4606
f 4562 4629 4607
f 4661 4696 4527
f 4527 4696 4563
f 4588 4639 4709
f 4608 4564 4649
f 4568 4677 4650
f 4650 4667 4507
f 4631 4669 4569
f 4590 4641 4509
f 4509 4641 4631
f 4591 4571 4754
f 4683 4591 4754
f 4592 4633 4684
f 4770 4672 4477
f 4632 4653 4652
f 4672 4771 4654
f 4636 4597 4635
f 4622 4636 4686
f 4622 4686 4687
f 4687 4655 4579
f 4540 4673 4580
f 4580 4690 4601
f 4627 4703 4604
f 4708 4584 4675
f 4708 4707 4584
f 4693 4658 4646
f 4660 4561 4648
f 4800 4630 4695
f 4528 4662 4484
f 4588 4662 4528
f 4588 4709 4662
f 4608 4649 4677
f 4566 4609 4665
f 4641 4590 4667
f 4472 4572 4858
f 4591 4683 4671
f 4633 4652 4684
f 4535 4685 4632
f 4715 4635 4637
f 4636 4635 4715
f 4637 4598 4746
f 4598 4581 4729
f 4688 4718 4540
f 4581 4519 4689
f 4602 4689 4519
f 4624 4691 4761
f 4656 4602 4623
f 4643 4656 4623
f 4623 4644 4643
f 4644 4582 4674
f 4702 4481 4626
f 4627 4481 4702
f 4603 4583 4704
f 4703 4706 4628
f 4604 4703 4628
f 4692 4645 4720
f 4723 4586 4659
f 4660 4676 4561
f 4607 4629 4724
f 4607 4750 4638
f 4638 4750 4856
f 4638 4856 4661
f 4564 4710 4649
f 4589 4566 4665
f 4665 4609 4678
f 4677 4699 4650
f 4680 4609 4640
f 4650 4699 4667
f 4699 4666 4667
f 4680 4640 4669
f 4669 4668 4700
f 4666 4681 4667
f 4669 4640 4569
f 4641 4681 4668
f 4667 4681 4641
f 4641 4668 4669
f 4641 4669 4631
f 4571 4642 4767
f 4683 4754 4701
f 4535 4654 4685
f 4771 4685 4654
f 4637 4746 4715
f 4540 4718 4673
f 4580 4673 4690
f 4656 4689 4602
f 4690 4691 4541
f 4761 4625 4624
f 4644 4674 4643
f 4582 4603 4674
f 4692 4704 4583
f 4706 4657 4628
f 4707 4734 4645
f 4657 4693 4646
f 4675 4658 4693
f 4629 4606 4724
f 4662 4751 4484
f 4697 4664 4663
f 4698 4639 4589
f 4698 4589 4665
f 4680 4678 4609
f 4678 4680 4679
f 4679 4680 4700
f 4711 4666 4699
f 4727 4681 4666
f 4700 4680 4669
f 4668 4681 4713
f 4727 4713 4681
f 4571 4767 4754
f 4767 4642 4682
f 4512 4592 4787
f 4714 4651 4671
f 4651 4770 4534
f 4788 4770 4651
f 4652 4653 4684
f 4632 4685 4823
f 4715 4686 4636
f 4746 4598 4773
f 4687 4717 4655
f 4717 4688 4655
f 4598 4729 4773
f 4719 4627 4702
f 4719 4703 4627
f 4692 4720 4777
f 4645 4734 4720
f 4657 4706 4693
f 4722 4675 4693
f 4676 4798 4659
f 4544 4779 4647
f 4647 4724 4606
f 4799 4750 4607
f 4484 4763 4695
f 4751 4662 4817
f 4725 4563 4696
f 4663 4563 4697
f 4678 4737 4665
f 4649 4699 4677
f 4739 4678 4679
f 4712 4739 4679
f 4726 4711 4699
f 4700 4712 4679
f 4711 4727 4666
f 4670 4682 4642
f 4858 4610 4472
f 4683 4714 4671
f 4684 4653 4790
f 4632 4823 4653
f 4686 4716 4687
f 4791 4746 4773
f 4581 4689 4729
f 4673 4759 4690
f 4761 4731 4625
f 4603 4732 4674
f 4777 4704 4692
f 4705 4675 4722
f 4705 4708 4675
f 4724 4647 4779
f 4799 4607 4724
f 4817 4662 4709
f 4737 4781 4698
f 4737 4698 4665
f 4649 4726 4699
f 4726 4741 4711
f 4713 4712 4700
f 4727 4743 4713
f 4713 4700 4668
f 4701 4745 4683
f 4714 4755 4651
f 4771 4672 4789
f 4770 4789 4672
f 4673 4758 4759
f 4730 4690 4759
f 4690 4730 4691
f 4656 4774 4689
f 4625 4731 4626
f 4704 4732 4603
f 4721 4722 4706
f 4707 4708 4734
f 4706 4722 4693
f 4723 4659 4841
f 4648 4749 4660
f 4749 4648 4800
f 4696 4661 4780
f 4763 4484 4751
f 4563 4725 4697
f 4818 4710 4664
f 4752 4649 4710
f 4738 4737 4678
f 4649 4752 4726
f 4738 4678 4739
f 4753 4739 4712
f 4711 4742 4727
f 4743 4712 4713
f 4767 4682 4744
f 4857 4610 4858
f 4858 4572 4728
f 4683 4745 4714
f 4512 4728 4572
f 4745 4755 4714
f 4787 4592 4806
f 4651 4755 4788
f 4684 4806 4592
f 4686 4715 4772
f 4716 4756 4687
f 4687 4756 4717
f 4717 4757 4688
f 4673 4718 4758
f 4729 4689 4760
f 4656 4775 4774
f 4775 4643 4674
f 4731 4702 4626
f 4776 4702 4731
f 4719 4733 4703
f 4703 4721 4706
f 4705 4748 4708
f 4708 4748 4734
f 4721 4735 4722
f 4735 4705 4722
f 4694 4723 4841
f 4676 4660 4798
f 4736 4724 4779
f 4780 4725 4696
f 4740 4741 4766
f 4739 4740 4738
f 4766 4741 4726
f 4741 4740 4753
f 4711 4741 4742
f 4742 4743 4727
f 4682 4670 4846
f 4846 4610 4857
f 4653 4823 4790
f 4772 4716 4686
f 4715 4746 4772
f 4746 4791 4772
f 4757 4718 4688
f 4729 4760 4773
f 4689 4774 4760
f 4656 4643 4775
f 4702 4776 4719
f 4733 4721 4703
f 4748 4720 4734
f 4705 4762 4748
f 4735 4762 4705
f 4721 4747 4735
f 4659 4798 4841
f 4544 4815 4779
f 4724 4736 4799
f 4764 4709 4698
f 4698 4709 4639
f 4818 4752 4710
f 4737 4738 4781
f 4740 4766 4738
f 4752 4803 4726
f 4739 4753 4740
f 4741 4753 4742
f 4753 4712 4743
f 4742 4753 4743
f 4754 4767 4768
f 4728 4512 4787
f 4771 4807 4685
f 4717 4756 4793
f 4718 4757 4783
f 4718 4783 4758
f 4758 4730 4759
f 4795 4691 4730
f 4761 4691 4795
f 4674 4813 4775
f 4732 4813 4674
f 4778 4762 4814
f 4777 4720 4785
f 4778 4748 4762
f 4747 4762 4735
f 4544 4694 4815
f 4798 4660 4904
f 4763 4751 4816
f 4817 4709 4764
f 4664 4697 4818
f 4765 4781 4738
f 4766 4765 4738
f 4766 4726 4803
f 4744 4682 4831
f 4804 4744 4831
f 4768 4701 4754
f 4701 4769 4745
f 4745 4805 4755
f 4755 4805 4788
f 4788 4820 4770
f 4824 4756 4716
f 4716 4772 4782
f 4757 4717 4793
f 4760 4774 4809
f 4775 4811 4774
f 4761 4795 4731
f 4732 4704 4797
f 4719 4784 4733
f 4733 4747 4721
f 4829 4785 4720
f 4762 4747 4814
f 4748 4829 4720
f 4661 4873 4780
f 4816 4751 4817
f 4698 4781 4802
f 4767 4744 4768
f 4701 4768 4769
f 4806 4893 4787
f 4789 4770 4820
f 4789 4807 4771
f 4772 4791 4782
f 4716 4782 4824
f 4791 4773 4794
f 4783 4757 4792
f 4773 4760 4794
f 4758 4783 4808
f 4758 4825 4730
f 4774 4811 4809
f 4811 4775 4813
f 4776 4784 4719
f 4797 4704 4777
f 4828 4747 4733
f 4778 4829 4748
f 4694 4841 4869
f 4749 4905 4660
f 4871 4799 4736
f 4799 4842 4750
f 4842 4856 4750
f 4695 4843 4801
f 4695 4763 4843
f 4802 4764 4698
f 4765 4766 4819
f 4670 4610 4846
f 4846 4831 4682
f 4786 4745 4769
f 4745 4786 4805
f 4787 4883 4728
f 4756 4824 4793
f 4757 4793 4792
f 4783 4792 4808
f 4794 4760 4809
f 4758 4808 4825
f 4730 4825 4795
f 4795 4796 4731
f 4811 4813 4812
f 4731 4796 4776
f 4784 4828 4733
f 4815 4694 4869
f 4842 4799 4871
f 4800 4695 4801
f 4843 4763 4816
f 4781 4765 4802
f 4768 4744 4804
f 4788 4805 4820
f 4807 4879 4685
f 4685 4879 4823
f 4791 4835 4782
f 4791 4794 4835
f 4792 4793 4836
f 4794 4809 4810
f 4809 4811 4810
f 4812 4810 4811
f 4796 4795 4862
f 4826 4776 4796
f 4837 4813 4797
f 4732 4797 4813
f 4784 4839 4828
f 4855 4785 4829
f 4815 4870 4779
f 4800 4801 4749
f 4845 4764 4802
f 4818 4830 4752
f 4768 4804 4832
f 4833 4768 4832
f 4769 4768 4833
f 4858 4728 4883
f 4893 4883 4787
f 4789 4821 4807
f 4789 4822 4821
f 4820 4822 4789
f 4879 4807 4834
f 4824 4848 4793
f 4852 4792 4836
f 4825 4862 4795
f 4837 4812 4813
f 4784 4776 4826
f 4827 4868 4814
f 4797 4777 4785
f 4814 4828 4827
f 4855 4797 4785
f 4814 4747 4828
f 4855 4829 4778
f 4904 4660 4905
f 4844 4843 4816
f 4844 4816 4845
f 4816 4817 4845
f 4817 4764 4845
f 4765 4888 4802
f 4752 4890 4803
f 4684 4790 4806
f 4790 4823 4886
f 4835 4849 4782
f 4824 4782 4848
f 4848 4782 4849
f 4793 4848 4836
f 4836 4848 4859
f 4835 4794 4810
f 4808 4792 4852
f 4826 4839 4784
f 4828 4854 4827
f 4838 4868 4827
f 4855 4837 4797
f 4839 4854 4828
f 4814 4868 4778
f 4841 4798 4840
f 4870 4736 4779
f 4856 4873 4661
f 4818 4874 4830
f 4830 4890 4752
f 4875 4819 4803
f 4803 4819 4766
f 4831 4832 4804
f 4877 4786 4769
f 4786 4877 4805
f 4877 4847 4805
f 4805 4847 4820
f 4806 4790 4894
f 4790 4886 4894
f 4886 4823 4879
f 4849 4835 4860
f 4835 4810 4860
f 4852 4850 4808
f 4808 4850 4825
f 4836 4859 4851
f 4836 4851 4853
f 4853 4852 4836
f 4861 4810 4812
f 4861 4812 4837
f 4862 4866 4796
f 4866 4826 4796
f 4826 4866 4839
f 4854 4865 4827
f 4868 4855 4778
f 4841 4840 4869
f 4842 4916 4856
f 4818 4697 4881
f 4890 4875 4803
f 4846 4857 4907
f 4831 4846 4907
f 4878 4821 4822
f 4820 4878 4822
f 4849 4859 4848
f 4859 4849 4860
f 4860 4810 4861
f 4852 4853 4864
f 4850 4852 4864
f 4862 4850 4863
f 4850 4862 4825
f 4853 4851 4865
f 4850 4864 4863
f 4864 4853 4865
f 4863 4866 4862
f 4827 4865 4838
f 4867 4861 4837
f 4864 4865 4854
f 4863 4864 4866
f 4866 4864 4854
f 4867 4837 4855
f 4866 4854 4839
f 4868 4838 4867
f 4868 4867 4855
f 4815 4869 4914
f 4870 4884 4736
f 4801 4843 4872
f 4844 4845 4887
f 4888 4845 4802
f 4889 4888 4765
f 4765 4819 4889
f 4912 4889 4898
f 4898 4889 4819
f 4898 4819 4875
f 4831 4907 4882
f 4857 4858 4899
f 4832 4876 4833
f 4769 4833 4877
f 4847 4877 4878
f 4892 4821 4878
f 4847 4878 4820
f 4834 4807 4821
f 4880 4859 4860
f 4880 4860 4861
f 4859 4880 4851
f 4851 4880 4838
f 4851 4838 4865
f 4838 4880 4867
f 4880 4861 4867
f 4884 4871 4736
f 4697 4725 4881
f 4818 4881 4874
f 4831 4882 4832
f 4858 4883 4899
f 4833 4876 4877
f 4877 4876 4892
f 4877 4892 4878
f 4894 4893 4806
f 4834 4895 4879
f 4879 4895 4886
f 4916 4910 4856
f 4873 4856 4910
f 4844 4872 4843
f 4873 4885 4780
f 4887 4845 4888
f 4830 4874 4890
f 4840 4798 4904
f 4901 4875 4890
f 4891 4832 4882
f 4832 4891 4876
f 4891 4892 4876
f 4821 4892 4909
f 4815 4914 4870
f 4924 4905 4749
f 4844 4906 4896
f 4844 4887 4906
f 4897 4887 4888
f 4883 4893 4903
f 4894 4908 4893
f 4909 4834 4821
f 4894 4886 4908
f 4834 4909 4895
f 4914 4869 4947
f 4871 4884 4923
f 4924 4749 4801
f 4801 4872 4900
f 4872 4844 4896
f 4885 4725 4780
f 4897 4888 4889
f 4881 4919 4874
f 4913 4898 4875
f 4913 4875 4901
f 4874 4941 4890
f 4907 4857 4899
f 4869 4840 4947
f 4915 4870 4914
f 4870 4915 4884
f 4842 4933 4916
f 4900 4924 4801
f 4900 4872 4896
f 4912 4897 4889
f 4941 4901 4890
f 4891 4882 4902
f 4883 4903 4899
f 4892 4920 4909
f 4903 4893 4908
f 4926 4904 4905
f 4871 4923 4842
f 4906 4887 4897
f 4913 4912 4898
f 4920 4892 4891
f 4886 4895 4908
f 4910 4885 4873
f 4906 4897 4917
f 4918 4881 4725
f 4918 4919 4881
f 4897 4912 4911
f 4911 4912 4913
f 4919 4941 4874
f 4927 4941 4919
f 4902 4882 4907
f 4902 4920 4891
f 4908 4895 4922
f 4909 4922 4895
f 4896 4906 4930
f 4918 4725 4885
f 4899 4921 4907
f 4907 4921 4902
f 4921 4899 4903
f 4909 4920 4922
f 4840 4904 4928
f 4915 4932 4884
f 4932 4923 4884
f 4934 4905 4924
f 4910 4949 4885
f 4901 4945 4913
f 4945 4901 4941
f 4921 4903 4922
f 4903 4908 4922
f 4840 4955 4947
f 4914 4947 4925
f 4928 4904 4926
f 4915 4914 4925
f 4926 4905 4934
f 4842 4923 4933
f 4924 4900 4936
f 4896 4929 4900
f 4916 4937 4910
f 4949 4910 4937
f 4906 4917 4930
f 4911 4944 4897
f 4940 4919 4918
f 4927 4919 4940
f 4913 4945 4911
f 4921 4922 4920
f 4902 4921 4920
f 4936 4900 4929
f 4896 4930 4929
f 4918 4885 4949
f 4955 4840 4928
f 4915 4942 4932
f 4923 4932 4935
f 4924 4936 4934
f 4944 4911 4945
f 4928 4926 4931
f 4926 4934 4931
f 4935 4933 4923
f 4916 4933 4937
f 4929 4930 4938
f 4897 4944 4917
f 4915 4925 4942
f 4932 4942 4935
f 4930 4917 4938
f 4939 4917 4944
f 4951 4940 4918
f 4925 4963 4942
f 4953 4934 4936
f 4943 4933 4935
f 4953 4936 4929
f 4938 4954 4929
f 4938 4917 4939
f 4968 4939 4944
f 4951 4918 4949
f 4927 4940 4946
f 4943 4935 4952
f 4953 4929 4954
f 4933 4943 4937
f 4954 4938 4939
f 4950 4940 4951
f 4956 4955 4928
f 4947 4963 4925
f 4928 4931 4959
f 4937 4943 4948
f 4937 4948 4949
f 4940 4950 4946
f 4958 4945 4941
f 4927 4958 4941
f 4946 4958 4927
f 4972 4951 4949
f 4947 4955 4963
f 4957 4935 4942
f 4935 4957 4952
f 4934 4960 4931
f 4960 4934 4953
f 4954 4971 4953
f 4943 4974 4948
f 4954 4939 4971
f 4956 4928 4959
f 4952 4957 4961
f 4960 4959 4931
f 4943 4962 4974
f 4971 4939 4968
f 4945 4964 4944
f 4945 4958 4964
f 4946 4950 4976
f 4963 4957 4942
f 4983 4952 4961
f 4952 4962 4943
f 4971 4960 4953
f 4948 4972 4949
f 4951 4972 4965
f 4950 4951 4965
f 4958 4946 4976
f 4960 4966 4959
f 4983 4962 4952
f 4960 4971 4967
f 4964 4968 4944
f 4950 4965 4976
f 4957 4963 4973
f 4957 4973 4981
f 4955 4956 4969
f 4963 4955 4969
f 4961 4957 4981
f 4972 4948 4975
f 4964 4958 4990
f 4970 4956 4959
f 4966 4960 4977
f 4960 4967 4977
f 4966 4970 4959
f 4970 4966 4977
f 4977 4967 4978
f 4967 4971 4968
f 4948 4974 4975
f 4993 4968 4964
f 4979 4972 4975
f 4972 4979 4965
f 4963 4980 4973
f 4963 4969 4980
f 4956 4970 4969
f 4978 4982 4977
f 4964 4990 4993
f 4958 4976 4990
f 4987 4969 4970
f 4978 4967 4968
f 4993 4978 4968
f 4974 4984 4975
f 4965 4979 4976
f 4973 4995 4981
f 4961 4981 4983
f 4977 4982 4970
f 4987 4970 4982
f 4962 4989 4974
f 4973 4980 4985
f 4987 4980 4969
f 4974 4989 4984
f 4991 4975 4984
f 4976 4979 4986
f 4979 4975 4991
f 4983 4981 4992
f 4983 4989 4962
f 4993 4982 4978
f 4976 4986 4990
f 4995 4973 4985
f 4987 4982 4988
f 4989 4983 4992
f 4993 4988 4982
f 4991 4986 4979
f 4980 4987 4998
f 4980 4998 4985
f 4988 4998 4987
f 4996 4998 4988
f 4988 4993 4996
f 4984 4989 4994
f 4991 4984 4994
f 4990 4986 4993
f 4995 4985 4999
f 4981 4995 4992
f 4986 4996 4993
f 4997 4996 4986
f 4991 4997 4986
f 4999 4985 4998
f 4997 4991 4994
f 4992 4994 4989
f 4998 5000 4999
f 4996 5000 4998
f 4992 4995 4999
f 5000 4996 4997
f 5000 4992 4999
f 4992 5000 4994
f 4994 5000 4997

